application_id,age,gender,marital_status,education,employment_type,annual_income,credit_score,existing_loans_count,loan_amount,loan_term_months,loan_purpose,region,application_date,approval_status,default_flag
LN100670,63,Female,Married,Graduate,Salaried,67300.0,620.0,4,10600.0,24,Education,West,2024-05-24,Approved,0
LN102335,45,Male,Married,Post Graduate,Self-Employed,21200.0,722.0,0,9000.0,60,Auto,North,2024-05-10,Approved,0
LN102503,25,Male,Married,Not Graduate,Self-Employed,45700.0,746.0,1,11800.0,12,Education,South,2023-10-18,Approved,0
LN102586,37,Male,Married,Not Graduate,Self-Employed,43200.0,693.0,0,10400.0,24,Personal,East,2023-12-21,Rejected,
LN100819,65,Female,Single,Post Graduate,Salaried,41000.0,718.0,4,21100.0,48,Business,East,2023-11-02,Rejected,
LN101961,65,Female,Married,Graduate,Salaried,63700.0,656.0,1,17100.0,36,Debt Consolidation,Central,2023-09-03,Rejected,
LN100832,41,Female,Married,Graduate,Business Owner,86000.0,589.0,2,52500.0,60,Debt Consolidation,West,2023-08-26,Rejected,
LN103174,65,Male,Married,Not Graduate,Salaried,80000.0,844.0,4,34000.0,24,Debt Consolidation,North,2023-09-06,Approved,0
LN102591,38,Female,Single,Post Graduate,Business Owner,88000.0,684.0,0,14200.0,36,Debt Consolidation,West,2023-04-11,Approved,0
LN101901,44,Female,Married,Graduate,Salaried,52700.0,670.0,3,21500.0,24,Business,North,2024-06-18,Approved,0
LN101244,60,Male,Married,Graduate,Self-Employed,56400.0,633.0,0,11500.0,48,Personal,West,2024-03-29,Rejected,
LN101387,35,Female,Single,Post Graduate,Self-Employed,42300.0,730.0,1,11100.0,36,Auto,East,2023-09-01,Approved,0
LN101528,21,Female,Married,Post Graduate,Self-Employed,104400.0,475.0,0,27200.0,48,Business,Central,2024-06-29,Rejected,
LN103024,37,Male,Widowed,Graduate,Self-Employed,87500.0,471.0,4,37300.0,60,Auto,North,2024-06-01,Rejected,
LN100833,27,Male,Single,Not Graduate,Salaried,549500.0,681.0,0,231000.0,84,Debt Consolidation,West,2024-07-20,Approved,0
LN102634,24,Male,Single,Not Graduate,Business Owner,101000.0,630.0,4,27400.0,24,Debt Consolidation,Central,2024-03-12,Rejected,
LN100964,63,Female,Married,Graduate,Salaried,74100.0,720.0,3,43300.0,24,Auto,South,2023-05-23,Approved,0
LN100034,60,Female,Single,Graduate,Business Owner,53800.0,682.0,2,22700.0,48,Education,East,2023-01-29,Rejected,
LN100121,51,Male,Single,Not Graduate,Salaried,40700.0,556.0,2,20500.0,36,Personal,North,2023-11-15,Rejected,
LN101425,57,Male,Single,Not Graduate,Self-Employed,63400.0,631.0,1,22500.0,12,Debt Consolidation,South,2023-08-01,Approved,0
LN100879,49,Female,Single,Graduate,Salaried,45000.0,675.0,2,25600.0,60,Home Improvement,South,2023-11-27,Approved,1
LN100305,27,Female,Married,Graduate,Salaried,79700.0,666.0,1,34000.0,60,Personal,West,2024-10-31,Approved,0
LN101235,36,Female,Divorced,Graduate,Self-Employed,24500.0,612.0,1,9400.0,24,Home Improvement,East,2023-06-02,Approved,0
LN101799,44,Female,Married,Graduate,Self-Employed,61000.0,723.0,4,31200.0,84,Business,North,2024-11-30,Approved,0
LN100181,27,Female,Single,Not Graduate,Salaried,37000.0,522.0,3,5700.0,48,Business,South,2023-10-18,Rejected,
LN100412,33,Male,Widowed,Not Graduate,Salaried,56000.0,725.0,2,31500.0,48,Medical,North,2024-10-19,Rejected,
LN100746,44,Male,Widowed,Not Graduate,Salaried,31300.0,768.0,4,6800.0,36,Personal,Central,2023-03-09,Approved,0
LN101303,61,Female,Divorced,Not Graduate,Business Owner,91900.0,651.0,4,54600.0,60,Education,West,2023-08-30,Approved,0
LN100841,50,Male,Married,Graduate,Business Owner,30700.0,713.0,1,8800.0,48,Education,East,2024-11-21,Approved,0
LN101698,37,Female,Single,Graduate,Business Owner,48600.0,776.0,1,11800.0,48,Debt Consolidation,North,2024-10-07,Approved,0
LN100842,61,Male,Married,Graduate,Salaried,94900.0,678.0,4,60800.0,24,Business,North,2024-01-20,Approved,0
LN102013,62,Male,Single,Graduate,Salaried,74300.0,655.0,3,21700.0,36,Debt Consolidation,East,2024-12-17,Approved,0
LN103008,49,Male,Divorced,Graduate,Salaried,99100.0,573.0,3,63800.0,24,Home Improvement,West,2023-05-30,Rejected,
LN101888,23,Male,Married,Graduate,Business Owner,85500.0,584.0,2,54200.0,60,Business,South,2024-01-07,Rejected,
LN100131,45,Male,Married,Post Graduate,Salaried,63300.0,626.0,4,33500.0,24,Education,East,2024-06-10,Approved,0
LN101541,31,Male,Divorced,Post Graduate,Salaried,70600.0,757.0,1,45200.0,48,Auto,North,2023-08-29,Approved,0
LN101589,22,Male,Single,Graduate,Salaried,33900.0,690.0,1,7300.0,24,Business,West,2023-12-29,Rejected,
LN100178,61,Male,Married,Not Graduate,Self-Employed,36600.0,782.0,4,8600.0,84,Business,North,2023-04-04,Approved,0
LN101183,41,Male,Single,Post Graduate,Salaried,111100.0,697.0,3,72000.0,36,Personal,North,2024-10-27,Approved,0
LN100079,51,Female,Single,Post Graduate,Salaried,60900.0,850.0,3,29900.0,48,Business,West,2023-09-12,Approved,0
LN103110,45,Female,Widowed,Graduate,Salaried,12000.0,645.0,0,7700.0,12,Home Improvement,South,2024-02-02,Rejected,
LN102159,36,Male,Divorced,Not Graduate,Salaried,90700.0,750.0,3,44600.0,24,Debt Consolidation,South,2023-01-12,Approved,0
LN102843,42,Female,Married,Post Graduate,Business Owner,83000.0,627.0,0,27300.0,84,Medical,North,2024-08-07,Rejected,
LN102118,45,Female,Single,Graduate,Business Owner,82600.0,581.0,3,35000.0,36,Auto,South,2023-02-10,Rejected,
LN102473,30,Male,Single,Post Graduate,Salaried,522800.0,789.0,0,218600.0,48,Business,East,2024-07-08,Approved,0
LN102884,36,Male,Single,Post Graduate,Business Owner,107500.0,663.0,4,17400.0,48,Personal,North,2024-05-06,Rejected,
LN102679,37,Female,Divorced,Graduate,Salaried,12000.0,702.0,3,6300.0,48,Auto,West,2024-10-08,Rejected,
LN102969,49,Female,Married,Graduate,Business Owner,94100.0,824.0,3,25200.0,36,Home Improvement,North,2023-07-16,Approved,0
LN102972,47,Male,Single,Post Graduate,Salaried,56400.0,576.0,1,12700.0,60,Medical,Central,2024-12-13,Rejected,
LN102706,52,Female,Married,Post Graduate,Salaried,88500.0,733.0,1,47800.0,24,Auto,East,2024-03-19,Rejected,
LN100582,25,Female,Married,Not Graduate,Self-Employed,61600.0,561.0,4,19400.0,36,Personal,West,2024-02-18,Rejected,
LN102099,32,Female,Divorced,Graduate,Self-Employed,82600.0,539.0,0,42300.0,24,Medical,North,2023-01-05,Rejected,
LN100584,39,Female,Single,Post Graduate,Salaried,91000.0,774.0,2,45400.0,48,Business,East,2024-03-07,Approved,0
LN102710,23,Female,Married,Post Graduate,Self-Employed,89200.0,565.0,4,55500.0,36,Debt Consolidation,South,2024-01-14,Rejected,
LN102536,35,Female,Married,Not Graduate,Self-Employed,56500.0,633.0,1,29800.0,36,Personal,East,2023-11-01,Rejected,
LN100740,57,Male,Widowed,Graduate,Self-Employed,61700.0,664.0,4,31000.0,48,Medical,Central,2023-11-26,Rejected,
LN101619,65,Male,Married,Not Graduate,Self-Employed,28400.0,547.0,3,13300.0,24,Debt Consolidation,West,2024-09-26,Rejected,
LN102296,28,Male,Married,Not Graduate,Salaried,39800.0,496.0,0,6500.0,36,Home Improvement,North,2023-11-26,Rejected,
LN100427,57,Male,Single,Graduate,Salaried,92600.0,687.0,0,48400.0,24,Business,East,2023-10-06,Rejected,
LN100971,39,Female,Divorced,Graduate,Business Owner,77500.0,551.0,0,44300.0,24,Education,North,2024-07-25,Rejected,
LN100658,24,Male,Single,Not Graduate,Salaried,42700.0,676.0,2,25000.0,24,Debt Consolidation,North,2024-07-24,Rejected,
LN101430,42,Female,Divorced,Graduate,Salaried,79900.0,757.0,3,32200.0,12,Education,Central,2024-03-22,Approved,0
LN101627,47,Male,Married,Graduate,Salaried,71300.0,657.0,0,25800.0,24,Education,West,2024-10-30,Rejected,
LN100087,35,Female,Married,Graduate,Salaried,80000.0,680.0,2,49500.0,36,Home Improvement,West,2024-10-22,Rejected,
LN101778,34,Female,Widowed,Not Graduate,Salaried,59800.0,687.0,2,12800.0,48,Medical,West,2024-02-20,Rejected,
LN101599,52,Female,Married,Not Graduate,Salaried,75000.0,516.0,2,17200.0,84,Personal,Central,2023-07-15,Rejected,
LN102571,62,Female,Divorced,Not Graduate,Salaried,37900.0,605.0,4,13500.0,48,Home Improvement,East,2024-06-03,Rejected,
LN100750,64,Male,Single,Not Graduate,Business Owner,65600.0,584.0,2,32500.0,36,Personal,North,2023-03-30,Rejected,
LN101697,27,Female,Married,Graduate,Self-Employed,81200.0,730.0,2,45400.0,48,Business,Central,2023-08-08,Approved,0
LN103177,34,Male,Widowed,Not Graduate,Salaried,60300.0,817.0,0,17300.0,12,Home Improvement,South,2023-09-20,Approved,0
LN100669,26,Male,Single,Post Graduate,Salaried,91900.0,639.0,0,57500.0,48,Personal,West,2023-06-08,Rejected,
LN100095,33,Female,Married,Post Graduate,Business Owner,12000.0,643.0,0,4800.0,84,Debt Consolidation,North,2024-10-29,Rejected,
LN101320,26,Female,Single,Not Graduate,Salaried,44600.0,535.0,4,9200.0,36,Auto,South,2023-03-16,Rejected,
LN101420,63,Male,Married,Graduate,Business Owner,63300.0,468.0,4,25200.0,12,Auto,North,2024-09-10,Rejected,
LN102714,43,Male,Married,Not Graduate,Salaried,68900.0,850.0,3,32100.0,36,Debt Consolidation,North,2023-01-20,Approved,0
LN100637,34,Male,Single,Graduate,Salaried,36100.0,580.0,3,18500.0,48,Auto,South,2023-09-09,Rejected,
LN101918,41,Female,Married,Graduate,Self-Employed,50700.0,618.0,0,27200.0,12,Personal,North,2024-06-30,Rejected,
LN102311,24,Female,Married,Graduate,Salaried,113600.0,656.0,3,37900.0,36,Business,West,2023-02-01,Rejected,
LN102576,33,Female,Single,Not Graduate,Self-Employed,47800.0,664.0,0,19700.0,48,Medical,East,2024-01-11,Rejected,
LN100186,28,Male,Married,Graduate,Salaried,48900.0,649.0,2,16400.0,36,Auto,South,2024-01-26,Rejected,
LN101765,63,Male,Married,Not Graduate,Business Owner,55000.0,563.0,0,11400.0,48,Debt Consolidation,Central,2023-06-17,Rejected,
LN101382,36,Male,Married,Graduate,Salaried,78800.0,603.0,0,30100.0,48,Business,East,2023-10-31,Rejected,
LN100527,27,Male,Divorced,Not Graduate,Self-Employed,47100.0,627.0,1,16800.0,36,Auto,South,2024-04-25,Rejected,
LN102837,61,Male,Divorced,Not Graduate,Salaried,75800.0,706.0,1,23200.0,24,Business,West,2024-01-22,Approved,0
LN103023,29,Male,Single,Not Graduate,Salaried,96200.0,660.0,1,25600.0,60,Business,South,2024-04-16,Rejected,
LN101240,43,Female,Married,Graduate,Business Owner,67600.0,714.0,1,35900.0,84,Home Improvement,East,2023-11-04,Approved,0
LN100362,31,Female,Single,Graduate,Self-Employed,87800.0,770.0,2,31000.0,24,Auto,Central,2023-12-07,Approved,0
LN101847,45,Female,Single,Graduate,Salaried,68200.0,664.0,3,41500.0,36,Debt Consolidation,East,2024-02-23,Rejected,
LN101946,28,Female,Married,Post Graduate,Salaried,30300.0,688.0,1,6700.0,36,Education,West,2024-07-01,Rejected,
LN102017,53,Male,Single,Not Graduate,Self-Employed,57100.0,655.0,0,26900.0,12,Auto,South,2023-02-13,Approved,1
LN100561,22,Male,Single,Graduate,Self-Employed,76200.0,655.0,3,26300.0,36,Education,South,2023-11-18,Rejected,
LN102421,55,Male,Single,Graduate,Self-Employed,82200.0,752.0,4,31900.0,24,Business,East,2024-09-21,Approved,0
LN101084,30,Male,Married,Graduate,Salaried,59500.0,698.0,1,28500.0,24,Debt Consolidation,West,2024-07-17,Rejected,
LN101629,26,Female,Single,Not Graduate,Salaried,27900.0,712.0,2,14000.0,48,Medical,North,2023-08-17,Approved,0
LN101854,25,Female,Married,Graduate,Salaried,60300.0,715.0,1,31000.0,48,Home Improvement,North,2024-03-01,Approved,0
LN102403,45,Male,Widowed,Not Graduate,Salaried,42500.0,703.0,3,15800.0,12,Debt Consolidation,North,2023-07-29,Approved,0
LN100433,26,Female,Married,Not Graduate,Salaried,73000.0,584.0,1,16900.0,84,Debt Consolidation,West,2023-10-03,Rejected,
LN100414,21,Male,Married,Graduate,Business Owner,100800.0,603.0,1,23200.0,36,Education,South,2023-09-30,Rejected,
LN102092,57,Male,Single,Graduate,Self-Employed,12000.0,553.0,0,3000.0,36,Medical,East,2024-01-27,Rejected,
LN102506,41,Female,Single,Not Graduate,Salaried,57400.0,686.0,3,32900.0,84,Auto,North,2023-09-25,Approved,0
LN101325,29,Female,Single,Not Graduate,Salaried,77500.0,490.0,1,34100.0,36,Debt Consolidation,South,2023-02-05,Rejected,
LN100739,61,Male,Single,Not Graduate,Business Owner,82300.0,626.0,2,46400.0,24,Auto,West,2024-12-15,Rejected,
LN102815,25,Female,Married,Graduate,Salaried,51000.0,702.0,1,26300.0,60,Debt Consolidation,East,2023-11-25,Approved,0
LN100736,53,Male,Single,Not Graduate,Business Owner,90000.0,675.0,1,50700.0,60,Personal,North,2023-03-27,Approved,0
LN101058,40,Male,Married,Graduate,Salaried,90600.0,678.0,3,35000.0,84,Debt Consolidation,South,2023-11-01,Rejected,
LN102661,55,Male,Married,Not Graduate,Business Owner,90400.0,672.0,0,18600.0,24,Business,Central,2024-07-17,Rejected,
LN101264,31,Male,Single,Graduate,Business Owner,64500.0,639.0,0,41400.0,60,Education,North,2023-10-06,Rejected,
LN102642,30,Female,Married,Not Graduate,Business Owner,104000.0,692.0,4,25900.0,60,Business,West,2024-03-19,Approved,0
LN100742,49,Female,Married,Graduate,Salaried,49200.0,779.0,2,25600.0,36,Education,South,2024-03-14,Approved,0
LN100727,24,Male,Single,Graduate,Business Owner,26700.0,564.0,1,5500.0,48,Auto,North,2024-10-14,Rejected,
LN102839,64,Male,Single,Not Graduate,Salaried,32100.0,725.0,0,14700.0,12,Debt Consolidation,East,2024-06-13,Rejected,
LN100676,47,Female,Single,Not Graduate,Business Owner,87500.0,663.0,2,50900.0,48,Education,West,2023-09-16,Rejected,
LN100180,63,Male,Divorced,Graduate,Salaried,53700.0,727.0,2,13100.0,48,Home Improvement,South,2024-02-24,Rejected,
LN102581,41,Male,Single,Graduate,Salaried,61800.0,537.0,1,16500.0,60,Auto,Central,2024-08-02,Rejected,
LN101938,64,Male,Married,Not Graduate,Salaried,81300.0,639.0,2,24800.0,60,Education,East,2024-12-18,Approved,0
LN100701,48,Female,Married,Not Graduate,Self-Employed,34900.0,701.0,1,22000.0,36,Auto,West,2024-12-03,Rejected,
LN100375,25,Male,Married,Not Graduate,Salaried,35400.0,505.0,2,16500.0,24,Debt Consolidation,West,2023-11-06,Rejected,
LN100474,49,Male,Married,Graduate,Salaried,73000.0,661.0,1,16900.0,60,Auto,North,2023-05-15,Rejected,
LN102439,23,Female,Divorced,Graduate,Salaried,68300.0,634.0,2,10300.0,48,Personal,West,2023-07-10,Rejected,
LN100855,59,Female,Single,Graduate,Self-Employed,46900.0,522.0,0,14400.0,36,Business,North,2023-10-04,Rejected,
LN101930,25,Male,Married,Graduate,Self-Employed,70000.0,529.0,2,30400.0,60,Auto,North,2024-09-14,Rejected,
LN102703,58,Male,Married,Not Graduate,Self-Employed,69500.0,645.0,2,11800.0,48,Home Improvement,South,2023-02-26,Rejected,
LN103114,37,Female,Divorced,Not Graduate,Salaried,68000.0,636.0,3,32100.0,12,Debt Consolidation,East,2023-03-01,Rejected,
LN100124,59,Female,Married,Post Graduate,Salaried,70100.0,611.0,2,44100.0,36,Auto,North,2023-04-10,Approved,1
LN100734,30,Female,Divorced,Not Graduate,Business Owner,38200.0,711.0,1,11000.0,48,Home Improvement,West,2023-10-23,Rejected,
LN102970,48,Male,Single,Not Graduate,Business Owner,76200.0,796.0,3,41500.0,36,Medical,South,2024-10-11,Approved,0
LN100125,46,Male,Single,Graduate,Salaried,83700.0,795.0,3,34800.0,12,Debt Consolidation,Central,2023-09-03,Approved,0
LN100667,59,Female,Single,Not Graduate,Business Owner,59600.0,595.0,3,25000.0,36,Medical,North,2024-05-21,Rejected,
LN100444,43,Female,Married,Post Graduate,Self-Employed,51800.0,594.0,1,26400.0,36,Debt Consolidation,North,2024-12-21,Rejected,
LN102762,37,Female,Single,Graduate,Business Owner,43600.0,565.0,1,10400.0,48,Debt Consolidation,Central,2023-03-04,Rejected,
LN102194,50,Female,Married,Graduate,Salaried,36300.0,549.0,1,23000.0,60,Debt Consolidation,West,2024-08-12,Rejected,
LN100513,57,Female,Married,Post Graduate,Salaried,86800.0,661.0,3,27300.0,12,Medical,South,2024-08-18,Rejected,
LN100372,39,Female,Married,Graduate,Salaried,16100.0,798.0,1,7600.0,84,Education,Central,2024-11-24,Approved,0
LN102276,30,Male,Single,Not Graduate,Self-Employed,75900.0,599.0,0,14700.0,48,Education,West,2023-07-20,Approved,0
LN101766,43,Female,Married,Graduate,Self-Employed,23100.0,580.0,3,5200.0,48,Personal,North,2023-02-20,Rejected,
LN100854,33,Female,Single,Not Graduate,Salaried,24500.0,573.0,0,6300.0,60,Debt Consolidation,West,2024-12-01,Rejected,
LN100318,63,Female,Single,Graduate,Salaried,109500.0,779.0,4,21800.0,48,Business,East,2024-01-04,Approved,0
LN102221,27,Female,Widowed,Not Graduate,Business Owner,77500.0,628.0,2,21500.0,36,Business,North,2024-05-24,Rejected,
LN101162,59,Male,Married,Not Graduate,Salaried,108600.0,684.0,2,48000.0,36,Home Improvement,North,2024-03-08,Rejected,
LN101921,45,Male,Single,Not Graduate,Self-Employed,599300.0,762.0,4,190700.0,48,Home Improvement,North,2023-05-24,Approved,0
LN101801,42,Female,Single,Not Graduate,Business Owner,72200.0,821.0,1,11600.0,48,Business,West,2023-08-14,Approved,0
LN100361,61,Male,Divorced,Post Graduate,Self-Employed,50900.0,741.0,0,9000.0,36,Business,North,2024-01-09,Rejected,
LN102662,27,Male,Single,Post Graduate,Self-Employed,36000.0,825.0,3,17400.0,12,Home Improvement,North,2023-07-18,Approved,0
LN103020,36,Male,Married,Graduate,Self-Employed,54900.0,594.0,3,8300.0,36,Business,East,2023-02-28,Rejected,
LN101643,47,Male,Married,Graduate,Salaried,56400.0,715.0,2,11500.0,84,Business,East,2024-04-17,Rejected,
LN100707,46,Female,Married,Graduate,Business Owner,88700.0,658.0,0,39100.0,36,Debt Consolidation,East,2024-09-29,Approved,0
LN100943,42,Male,Divorced,Not Graduate,Salaried,54900.0,626.0,0,30200.0,36,Debt Consolidation,East,2024-06-14,Approved,1
LN102995,49,Male,Married,Post Graduate,Business Owner,63300.0,590.0,4,15800.0,24,Education,Central,2024-07-20,Approved,0
LN101863,37,Male,Divorced,Post Graduate,Salaried,88800.0,838.0,1,14800.0,36,Business,North,2023-06-01,Approved,0
LN101396,48,Female,Married,Not Graduate,Salaried,26700.0,619.0,1,8800.0,36,Debt Consolidation,Central,2024-01-12,Rejected,
LN102152,59,Female,Single,Graduate,Business Owner,98000.0,724.0,2,50600.0,60,Home Improvement,South,2023-01-25,Approved,0
LN101822,34,Female,Single,Not Graduate,Salaried,41300.0,626.0,3,14400.0,48,Medical,West,2024-04-22,Rejected,
LN100377,54,Female,Single,Post Graduate,Salaried,90900.0,831.0,0,31500.0,36,Education,North,2024-04-25,Approved,0
LN101469,23,Female,Single,Graduate,Business Owner,49300.0,662.0,2,25600.0,12,Home Improvement,West,2024-01-06,Rejected,
LN103094,61,Male,Married,Graduate,Self-Employed,83000.0,783.0,1,23600.0,48,Auto,Central,2024-02-01,Approved,0
LN102392,48,Male,Married,Not Graduate,Salaried,44900.0,671.0,4,15600.0,48,Auto,East,2024-06-16,Approved,0
LN102342,45,Male,Married,Graduate,Salaried,23400.0,702.0,4,6500.0,48,Debt Consolidation,Central,2024-09-09,Rejected,
LN100716,44,Male,Single,Graduate,Business Owner,73700.0,548.0,3,22600.0,60,Home Improvement,Central,2023-05-28,Rejected,
LN101225,64,Female,Divorced,Post Graduate,Salaried,86300.0,709.0,1,38500.0,60,Education,Central,2023-10-02,Approved,0
LN102945,25,Male,Married,Post Graduate,Business Owner,67600.0,731.0,3,33300.0,12,Auto,West,2023-06-14,Approved,0
LN101166,21,Female,Married,Not Graduate,Salaried,94100.0,741.0,4,32900.0,36,Home Improvement,East,2024-09-21,Approved,0
LN100757,38,Female,Single,Graduate,Salaried,74000.0,656.0,4,32600.0,48,Home Improvement,South,2023-07-21,Rejected,
LN100296,59,Female,Married,Not Graduate,Salaried,48100.0,730.0,1,14700.0,60,Medical,West,2024-08-14,Rejected,
LN103059,33,Male,Married,Graduate,Business Owner,51800.0,687.0,3,27600.0,36,Auto,North,2023-11-02,Rejected,
LN101769,29,Female,Divorced,Graduate,Salaried,63300.0,549.0,4,29600.0,24,Debt Consolidation,West,2023-12-20,Rejected,
LN101682,22,Male,Divorced,Post Graduate,Salaried,70800.0,655.0,3,38500.0,12,Personal,East,2024-02-23,Approved,0
LN101937,45,Female,Married,Graduate,Salaried,14300.0,474.0,0,5500.0,36,Debt Consolidation,North,2023-09-17,Rejected,
LN101487,21,Female,Widowed,Not Graduate,Salaried,38300.0,655.0,2,20500.0,36,Personal,West,2024-08-24,Rejected,
LN102193,30,Male,Married,Graduate,Salaried,55300.0,685.0,2,31100.0,60,Personal,East,2024-05-25,Rejected,
LN100194,64,Female,Married,Post Graduate,Business Owner,82400.0,622.0,4,22200.0,36,Business,Central,2023-07-06,Approved,1
LN101127,49,Male,Married,Not Graduate,Salaried,75900.0,588.0,3,13800.0,12,Business,Central,2024-11-26,Rejected,
LN103040,38,Male,Divorced,Post Graduate,Salaried,70600.0,610.0,1,29000.0,84,Home Improvement,Central,2024-07-21,Rejected,
LN103128,43,Female,Single,Graduate,Salaried,56000.0,517.0,0,30200.0,36,Auto,North,2024-08-07,Rejected,
LN100423,47,Male,Single,Post Graduate,Self-Employed,84700.0,600.0,1,39800.0,24,Business,North,2024-09-02,Rejected,
LN100717,43,Female,Single,Graduate,Self-Employed,63100.0,662.0,1,27600.0,24,Auto,North,2024-02-13,Rejected,
LN102574,55,Female,Married,Post Graduate,Business Owner,72100.0,690.0,3,12200.0,36,Home Improvement,Central,2023-07-08,Rejected,
LN102218,33,Female,Single,Graduate,Salaried,69600.0,723.0,3,22100.0,12,Business,South,2023-12-29,Approved,0
LN100603,27,Male,Single,Post Graduate,Business Owner,113600.0,583.0,1,47200.0,36,Education,East,2024-02-10,Rejected,
LN100929,47,Female,Single,Graduate,Business Owner,64200.0,665.0,1,25100.0,24,Business,East,2023-09-26,Rejected,
LN101208,33,Male,Married,Graduate,Salaried,50600.0,646.0,1,9600.0,48,Medical,Central,2023-03-07,Rejected,
LN100206,55,Male,Married,Graduate,Self-Employed,44900.0,655.0,0,27700.0,60,Personal,West,2023-05-24,Rejected,
LN100586,52,Female,Single,Graduate,Salaried,94400.0,646.0,0,20400.0,48,Auto,South,2023-07-28,Approved,1
LN100259,47,Male,Single,Not Graduate,Salaried,62700.0,798.0,0,20000.0,36,Home Improvement,East,2023-08-14,Approved,0
LN100643,42,Male,Married,Graduate,Self-Employed,91100.0,719.0,2,46700.0,12,Education,East,2023-09-16,Approved,0
LN103171,63,Male,Single,Not Graduate,Salaried,84500.0,621.0,2,46500.0,60,Auto,East,2024-06-14,Rejected,
LN102657,33,Female,Married,Not Graduate,Salaried,60900.0,634.0,0,10400.0,24,Business,North,2024-04-19,Rejected,
LN101564,46,Female,Divorced,Not Graduate,Self-Employed,63300.0,555.0,2,17900.0,36,Auto,West,2024-10-25,Rejected,
LN102876,50,Female,Single,Graduate,Salaried,75400.0,562.0,0,23100.0,84,Personal,South,2023-05-13,Approved,0
LN103047,55,Male,Single,Graduate,Salaried,67100.0,622.0,2,22200.0,60,Home Improvement,Central,2024-04-12,Approved,1
LN100804,54,Female,Married,Not Graduate,Salaried,77100.0,577.0,2,25400.0,12,Debt Consolidation,Central,2024-01-01,Rejected,
LN101390,34,Female,Divorced,Not Graduate,Salaried,53800.0,728.0,2,27000.0,24,Debt Consolidation,North,2023-10-26,Approved,0
LN100358,25,Male,Married,Post Graduate,Business Owner,99400.0,727.0,0,32800.0,12,Medical,South,2023-03-16,Approved,0
LN100802,44,Female,Divorced,Graduate,Salaried,68100.0,648.0,2,10800.0,84,Education,West,2023-05-25,Rejected,
LN100961,39,Female,Divorced,Graduate,Salaried,97400.0,667.0,4,54500.0,60,Debt Consolidation,South,2023-05-30,Approved,0
LN100280,33,Female,Single,Graduate,Salaried,76300.0,812.0,4,29000.0,24,Home Improvement,North,2024-04-20,Approved,0
LN102255,51,Male,Married,Graduate,Self-Employed,72000.0,647.0,1,40800.0,24,Debt Consolidation,North,2023-09-25,Rejected,
LN100314,31,Male,Single,Graduate,Salaried,75000.0,524.0,1,38700.0,24,Personal,South,2024-11-01,Rejected,
LN101513,35,Female,Single,Post Graduate,Self-Employed,53700.0,629.0,1,11200.0,60,Business,North,2024-06-01,Rejected,
LN102766,37,Female,Single,Graduate,Self-Employed,29400.0,813.0,2,18200.0,60,Education,North,2023-05-19,Approved,0
LN101933,63,Male,Married,Graduate,Self-Employed,39500.0,679.0,4,24400.0,36,Education,East,2024-10-16,Rejected,
LN100267,36,Male,Single,Graduate,Salaried,54800.0,832.0,2,25600.0,60,Personal,North,2023-02-03,Approved,0
LN100539,21,Male,Single,Graduate,Business Owner,65600.0,655.0,4,14000.0,36,Debt Consolidation,Central,2024-07-22,Approved,0
LN100283,43,Female,Single,Not Graduate,Self-Employed,61300.0,700.0,4,16500.0,24,Medical,North,2024-04-25,Approved,0
LN102324,54,Male,Single,Graduate,Salaried,70900.0,717.0,2,41400.0,12,Debt Consolidation,West,2023-09-09,Rejected,
LN102182,48,Female,Single,Graduate,Salaried,64700.0,550.0,3,25700.0,48,Business,North,2023-12-20,Rejected,
LN102818,26,Male,Married,Graduate,Salaried,82100.0,736.0,1,29500.0,60,Business,West,2023-10-16,Approved,0
LN100514,64,Male,Single,Graduate,Business Owner,75800.0,766.0,0,16700.0,36,Home Improvement,West,2023-05-02,Approved,1
LN101313,59,Female,Widowed,Not Graduate,Business Owner,40300.0,661.0,4,13500.0,48,Medical,South,2023-04-16,Rejected,
LN100824,49,Female,Single,Post Graduate,Self-Employed,62300.0,694.0,3,39000.0,24,Education,Central,2024-08-27,Approved,0
LN101181,62,Male,Married,Graduate,Self-Employed,66300.0,447.0,1,11000.0,24,Auto,West,2023-05-11,Rejected,
LN100662,22,Female,Single,Post Graduate,Business Owner,73400.0,662.0,3,26700.0,24,Home Improvement,West,2023-01-26,Rejected,
LN102166,35,Female,Married,Post Graduate,Salaried,71600.0,583.0,4,24300.0,24,Debt Consolidation,West,2024-02-11,Rejected,
LN100187,38,Female,Single,Graduate,Business Owner,52200.0,633.0,3,17800.0,60,Home Improvement,West,2024-08-11,Approved,0
LN101742,41,Male,Divorced,Not Graduate,Salaried,77700.0,749.0,3,47400.0,48,Business,West,2024-08-28,Approved,0
LN102436,49,Male,Single,Graduate,Salaried,41800.0,769.0,1,16400.0,48,Debt Consolidation,North,2023-07-23,Approved,0
LN102141,60,Male,Married,Post Graduate,Salaried,61400.0,633.0,3,12600.0,36,Home Improvement,South,2024-06-14,Rejected,
LN100836,57,Female,Single,Not Graduate,Self-Employed,63200.0,598.0,3,12300.0,60,Medical,Central,2024-12-26,Rejected,
LN102713,44,Female,Married,Graduate,Salaried,42500.0,641.0,3,6700.0,36,Debt Consolidation,West,2024-12-25,Rejected,
LN101423,51,Female,Single,Graduate,Self-Employed,26100.0,705.0,4,8500.0,48,Debt Consolidation,North,2024-07-12,Approved,0
LN101690,55,Male,Single,Graduate,Business Owner,72000.0,642.0,3,30500.0,60,Auto,North,2023-11-29,Rejected,
LN101032,53,Male,Single,Graduate,Salaried,71600.0,569.0,2,46300.0,12,Medical,Central,2023-09-11,Rejected,
LN102994,55,Male,Married,Post Graduate,Business Owner,116100.0,637.0,2,26000.0,36,Debt Consolidation,East,2024-01-07,Rejected,
LN101493,35,Male,Widowed,Not Graduate,Salaried,52500.0,635.0,2,21500.0,36,Personal,West,2023-06-23,Rejected,
LN102872,57,Female,Divorced,Post Graduate,Self-Employed,116300.0,694.0,1,26500.0,36,Debt Consolidation,East,2024-06-14,Approved,0
LN100974,27,Female,Single,Graduate,Salaried,39100.0,642.0,3,6800.0,36,Home Improvement,South,2024-06-22,Rejected,
LN102478,24,Male,Married,Graduate,Self-Employed,63300.0,570.0,2,26000.0,84,Business,North,2024-09-05,Rejected,
LN102018,53,Male,Single,Graduate,Salaried,88100.0,699.0,2,21900.0,36,Education,Central,2024-11-11,Rejected,
LN102106,55,Male,Married,Graduate,Salaried,72200.0,625.0,2,20600.0,60,Business,North,2023-09-19,Rejected,
LN101979,56,Male,Married,Graduate,Salaried,71100.0,818.0,0,38900.0,60,Auto,Central,2023-03-06,Approved,0
LN103016,44,Male,Married,Not Graduate,Business Owner,75700.0,600.0,4,23900.0,24,Debt Consolidation,Central,2023-04-20,Rejected,
LN102360,50,Male,Married,Post Graduate,Salaried,67700.0,634.0,2,16500.0,12,Home Improvement,West,2023-08-03,Approved,0
LN101124,58,Male,Married,Post Graduate,Salaried,68000.0,644.0,4,42800.0,24,Personal,South,2023-06-21,Rejected,
LN101573,57,Female,Married,Not Graduate,Salaried,60000.0,623.0,4,12200.0,48,Debt Consolidation,East,2023-07-13,Approved,0
LN103148,65,Male,Single,Graduate,Salaried,54000.0,613.0,1,13400.0,60,Auto,North,2024-09-25,Approved,0
LN102842,55,Male,Single,Graduate,Business Owner,84500.0,588.0,3,37500.0,60,Education,Central,2023-12-08,Rejected,
LN102654,59,Male,Widowed,Graduate,Salaried,73900.0,693.0,4,22700.0,24,Business,Central,2024-05-15,Rejected,
LN100933,50,Male,Divorced,Post Graduate,Business Owner,103200.0,541.0,4,54600.0,48,Business,Central,2023-04-26,Approved,0
LN102897,49,Female,Divorced,Not Graduate,Salaried,49000.0,638.0,2,31200.0,60,Auto,West,2024-10-24,Rejected,
LN100612,56,Male,Single,Not Graduate,Salaried,63300.0,709.0,1,23200.0,60,Debt Consolidation,North,2023-01-25,Approved,0
LN103156,55,Male,Single,Post Graduate,Salaried,80600.0,625.0,4,14500.0,60,Home Improvement,North,2023-01-13,Rejected,
LN102729,41,Female,Single,Post Graduate,Self-Employed,110400.0,581.0,2,55600.0,24,Debt Consolidation,East,2024-01-04,Approved,0
LN100890,25,Female,Married,Not Graduate,Self-Employed,567100.0,440.0,3,339100.0,36,Medical,West,2023-03-05,Approved,1
LN100985,50,Female,Married,Not Graduate,Salaried,87000.0,662.0,0,37600.0,48,Home Improvement,North,2023-09-15,Rejected,
LN100564,61,Male,Divorced,Graduate,Salaried,92700.0,799.0,2,27800.0,36,Home Improvement,South,2023-06-01,Approved,0
LN100773,53,Male,Divorced,Not Graduate,Salaried,41400.0,655.0,1,15300.0,36,Education,East,2024-10-05,Rejected,
LN101283,57,Male,Single,Graduate,Business Owner,19100.0,616.0,0,7000.0,12,Home Improvement,Central,2023-11-21,Rejected,
LN101953,41,Female,Divorced,Graduate,Self-Employed,72000.0,661.0,2,16100.0,24,Business,North,2023-02-01,Approved,0
LN101807,42,Male,Single,Graduate,Self-Employed,36900.0,443.0,0,7200.0,24,Business,South,2023-10-21,Rejected,
LN103053,37,Male,Married,Graduate,Salaried,61000.0,645.0,3,17100.0,60,Personal,South,2024-04-24,Rejected,
LN101622,62,Female,Married,Post Graduate,Salaried,89400.0,633.0,3,49200.0,36,Auto,Central,2023-02-19,Rejected,
LN100672,49,Female,Divorced,Post Graduate,Self-Employed,63800.0,655.0,4,35100.0,24,Business,Central,2024-06-29,Approved,0
LN100732,62,Female,Married,Graduate,Salaried,84400.0,537.0,4,41000.0,36,Debt Consolidation,South,2023-04-15,Rejected,
LN101509,51,Female,Married,Graduate,Salaried,59700.0,601.0,0,10600.0,12,Medical,South,2023-02-25,Rejected,
LN101406,36,Female,Married,Graduate,Salaried,33100.0,664.0,2,7200.0,24,Home Improvement,Central,2023-10-09,Rejected,
LN102667,64,Female,Single,Graduate,Business Owner,65200.0,677.0,3,32900.0,48,Business,West,2023-07-05,Rejected,
LN102116,64,Female,Single,Post Graduate,Salaried,78000.0,654.0,4,43600.0,60,Education,Central,2024-08-10,Rejected,
LN103014,43,Male,Married,Post Graduate,Salaried,72800.0,572.0,2,45000.0,36,Debt Consolidation,South,2024-05-14,Rejected,
LN102285,58,Male,Married,Graduate,Business Owner,34500.0,717.0,3,8100.0,36,Medical,North,2024-04-26,Approved,0
LN102419,39,Female,Single,Not Graduate,Business Owner,49700.0,630.0,0,27100.0,48,Debt Consolidation,North,2023-03-24,Rejected,
LN101538,52,Female,Single,Not Graduate,Salaried,55700.0,707.0,4,15500.0,36,Auto,West,2023-01-24,Rejected,
LN102317,40,Female,Married,Not Graduate,Salaried,42000.0,569.0,3,8200.0,48,Debt Consolidation,West,2023-10-07,Approved,0
LN102253,43,Male,Married,Graduate,Self-Employed,40000.0,621.0,0,13200.0,48,Education,South,2023-11-01,Rejected,
LN100340,49,Male,Married,Graduate,Business Owner,74400.0,751.0,2,11200.0,24,Debt Consolidation,West,2024-10-18,Approved,0
LN101067,49,Male,Married,Not Graduate,Salaried,51900.0,689.0,4,26100.0,36,Business,South,2024-03-17,Approved,0
LN102740,29,Male,Divorced,Post Graduate,Business Owner,53400.0,583.0,4,29200.0,24,Debt Consolidation,East,2024-03-23,Approved,1
LN101890,29,Female,Married,Not Graduate,Salaried,83900.0,658.0,0,38300.0,24,Business,West,2024-02-10,Rejected,
LN101916,33,Female,Married,Not Graduate,Self-Employed,62300.0,564.0,2,39700.0,60,Debt Consolidation,North,2023-09-24,Rejected,
LN100713,55,Male,Single,Not Graduate,Salaried,75500.0,787.0,2,33300.0,36,Auto,Central,2023-01-05,Approved,0
LN102132,44,Female,Married,Graduate,Self-Employed,76400.0,734.0,2,15700.0,24,Auto,West,2023-06-17,Approved,0
LN100690,65,Male,Single,Not Graduate,Self-Employed,29400.0,725.0,4,9600.0,12,Home Improvement,North,2023-02-20,Approved,0
LN100203,52,Female,Single,Not Graduate,Salaried,85000.0,766.0,4,51800.0,48,Debt Consolidation,South,2023-06-16,Approved,0
LN101081,65,Male,Single,Graduate,Salaried,93500.0,631.0,0,14800.0,24,Debt Consolidation,South,2024-07-26,Approved,0
LN100651,50,Female,Married,Post Graduate,Salaried,67600.0,800.0,4,42700.0,60,Business,West,2024-12-28,Approved,0
LN102427,38,Female,Single,Not Graduate,Salaried,48600.0,633.0,0,26100.0,24,Auto,West,2024-11-28,Approved,0
LN100560,45,Female,Married,Graduate,Self-Employed,42200.0,628.0,4,12000.0,36,Auto,North,2023-10-03,Approved,0
LN102246,46,Female,Married,Graduate,Salaried,81000.0,730.0,4,44000.0,60,Education,Central,2024-08-08,Approved,0
LN102050,28,Male,Widowed,Graduate,Business Owner,42500.0,725.0,3,27500.0,24,Home Improvement,South,2023-07-09,Approved,0
LN102623,62,Male,Married,Not Graduate,Business Owner,50400.0,660.0,2,13100.0,36,Auto,East,2024-02-27,Rejected,
LN102809,29,Male,Divorced,Post Graduate,Salaried,28500.0,634.0,0,17800.0,60,Personal,North,2023-11-09,Rejected,
LN101491,43,Female,Divorced,Post Graduate,Self-Employed,70500.0,652.0,0,41500.0,36,Medical,South,2024-07-27,Rejected,
LN101073,44,Female,Single,Not Graduate,Salaried,35600.0,614.0,1,22600.0,36,Home Improvement,North,2023-09-01,Rejected,
LN102108,33,Female,Widowed,Post Graduate,Salaried,78100.0,763.0,1,32100.0,36,Debt Consolidation,Central,2023-09-29,Approved,0
LN101016,38,Male,Single,Not Graduate,Self-Employed,93300.0,754.0,3,26500.0,36,Debt Consolidation,South,2024-08-18,Approved,0
LN100502,64,Female,Married,Graduate,Salaried,64400.0,666.0,1,34100.0,12,Education,East,2024-09-10,Approved,0
LN102986,54,Female,Married,Graduate,Salaried,20400.0,673.0,3,3100.0,12,Home Improvement,East,2023-10-13,Rejected,
LN102215,38,Male,Widowed,Not Graduate,Salaried,17500.0,694.0,1,3000.0,60,Business,West,2023-09-13,Approved,0
LN100485,31,Male,Single,Post Graduate,Business Owner,115200.0,791.0,0,39100.0,24,Medical,East,2024-10-27,Approved,0
LN102693,40,Female,Single,Graduate,Self-Employed,64400.0,692.0,4,29500.0,48,Debt Consolidation,South,2023-07-09,Rejected,
LN103151,31,Female,Married,Graduate,Business Owner,71800.0,616.0,1,19400.0,36,Education,South,2024-08-18,Approved,0
LN103015,41,Male,Single,Not Graduate,Salaried,43300.0,606.0,0,28100.0,36,Business,North,2023-09-20,Approved,0
LN102547,47,Female,Married,Graduate,Self-Employed,75700.0,515.0,1,28600.0,36,Auto,East,2024-10-04,Rejected,
LN102886,62,Female,Married,Not Graduate,Salaried,112300.0,521.0,3,58600.0,36,Debt Consolidation,East,2023-02-26,Rejected,
LN103137,42,Male,Single,Post Graduate,Business Owner,90600.0,850.0,4,35400.0,48,Education,North,2023-11-22,Approved,0
LN102957,42,Female,Single,Not Graduate,Business Owner,48300.0,635.0,2,24300.0,12,Auto,North,2023-05-15,Rejected,
LN103150,53,Male,Married,Graduate,Salaried,42800.0,535.0,3,7500.0,48,Medical,East,2024-06-26,Rejected,
LN101820,35,Male,Married,Post Graduate,Business Owner,95500.0,723.0,0,57000.0,36,Personal,South,2023-10-02,Approved,0
LN101524,48,Male,Married,Graduate,Salaried,91300.0,682.0,4,51500.0,84,Home Improvement,East,2024-12-30,Approved,0
LN100920,60,Male,Married,Graduate,Salaried,74000.0,767.0,0,33100.0,84,Home Improvement,South,2024-10-18,Approved,0
LN100224,53,Female,Married,Graduate,Salaried,63300.0,691.0,2,22500.0,12,Education,North,2023-01-25,Approved,0
LN100430,24,Male,Married,Graduate,Self-Employed,43100.0,700.0,3,27300.0,24,Debt Consolidation,West,2024-10-11,Rejected,
LN103028,31,Male,Married,Graduate,Business Owner,87100.0,662.0,3,14300.0,36,Debt Consolidation,Central,2023-11-21,Approved,0
LN101374,60,Female,Married,Not Graduate,Salaried,89100.0,684.0,3,51400.0,12,Debt Consolidation,East,2023-07-22,Approved,0
LN102841,52,Male,Divorced,Not Graduate,Business Owner,70300.0,691.0,3,17800.0,24,Home Improvement,East,2024-01-01,Rejected,
LN101057,55,Female,Married,Post Graduate,Salaried,17200.0,738.0,1,6100.0,24,Medical,North,2023-07-01,Rejected,
LN100803,62,Male,Divorced,Graduate,Salaried,57700.0,770.0,4,35800.0,12,Medical,South,2023-04-24,Approved,0
LN100172,55,Female,Single,Not Graduate,Salaried,108600.0,701.0,1,30000.0,24,Auto,South,2023-05-03,Approved,1
LN100892,44,Male,Married,Not Graduate,Salaried,28400.0,510.0,4,6500.0,48,Medical,South,2024-09-09,Rejected,
LN102445,61,Male,Widowed,Graduate,Business Owner,68000.0,610.0,0,43600.0,48,Auto,West,2024-04-21,Rejected,
LN100110,33,Female,Single,Graduate,Salaried,69300.0,481.0,0,31800.0,48,Personal,West,2023-08-02,Rejected,
LN100070,56,Male,Married,Graduate,Salaried,58500.0,548.0,3,18500.0,84,Personal,Central,2024-03-13,Approved,0
LN101596,50,Female,Married,Graduate,Business Owner,39000.0,728.0,3,23200.0,60,Auto,East,2024-10-25,Rejected,
LN102800,56,Female,Widowed,Graduate,Self-Employed,61300.0,850.0,1,21300.0,12,Debt Consolidation,North,2024-12-11,Approved,0
LN103113,62,Female,Divorced,Graduate,Self-Employed,88600.0,685.0,2,45800.0,24,Debt Consolidation,South,2023-07-25,Rejected,
LN101457,41,Male,Single,Graduate,Business Owner,55700.0,700.0,4,9000.0,36,Auto,North,2023-07-12,Approved,0
LN103017,30,Female,Married,Graduate,Self-Employed,52000.0,610.0,4,33300.0,48,Auto,South,2023-09-24,Rejected,
LN102730,64,Male,Single,Not Graduate,Business Owner,43900.0,633.0,3,26400.0,60,Education,South,2024-01-11,Approved,1
LN102170,21,Female,Married,Not Graduate,Salaried,26400.0,707.0,2,16400.0,24,Education,East,2024-10-19,Rejected,
LN100587,25,Female,Single,Graduate,Salaried,101800.0,748.0,2,55000.0,84,Debt Consolidation,East,2023-10-15,Approved,0
LN101256,30,Female,Single,Not Graduate,Salaried,40000.0,532.0,4,15400.0,12,Personal,North,2024-01-24,Rejected,
LN101002,46,Female,Married,Graduate,Salaried,77600.0,641.0,1,33400.0,12,Personal,South,2023-05-23,Rejected,
LN102386,63,Male,Single,Not Graduate,Self-Employed,49100.0,675.0,0,23200.0,36,Business,West,2024-02-15,Rejected,
LN100030,41,Female,Married,Not Graduate,Salaried,76000.0,615.0,4,31300.0,84,Debt Consolidation,North,2023-01-01,Rejected,
LN100674,48,Male,Married,Graduate,Self-Employed,93700.0,666.0,2,38600.0,36,Business,North,2023-02-21,Rejected,
LN102861,62,Male,Widowed,Not Graduate,Salaried,42300.0,640.0,0,21800.0,48,Auto,South,2023-04-26,Rejected,
LN100118,32,Female,Divorced,Graduate,Self-Employed,73400.0,498.0,3,20800.0,60,Business,Central,2023-09-08,Rejected,
LN100426,59,Female,Single,Not Graduate,Salaried,80000.0,727.0,1,20200.0,84,Medical,Central,2023-09-25,Approved,0
LN100420,62,Female,Single,Graduate,Business Owner,70600.0,782.0,0,38200.0,48,Debt Consolidation,South,2024-05-27,Approved,0
LN102286,61,Female,Married,Post Graduate,Salaried,56400.0,653.0,4,28200.0,24,Debt Consolidation,South,2024-12-29,Rejected,
LN100592,31,Female,Married,Post Graduate,Self-Employed,80400.0,760.0,3,23700.0,60,Medical,South,2024-11-25,Approved,0
LN101864,58,Female,Single,Graduate,Salaried,68400.0,719.0,2,13400.0,36,Debt Consolidation,North,2024-12-12,Approved,0
LN101830,36,Female,Married,Not Graduate,Salaried,45400.0,692.0,0,18100.0,36,Auto,North,2023-04-18,Approved,0
LN102526,42,Female,Widowed,Post Graduate,Self-Employed,110100.0,624.0,3,21900.0,84,Auto,South,2024-01-20,Approved,0
LN100737,36,Male,Married,Graduate,Salaried,57900.0,641.0,1,10300.0,48,Home Improvement,East,2023-10-02,Rejected,
LN103186,55,Male,Divorced,Post Graduate,Self-Employed,63300.0,787.0,0,58000.0,48,Education,South,2023-10-11,Approved,1
LN102604,55,Female,Married,Graduate,Self-Employed,55600.0,645.0,0,28600.0,60,Debt Consolidation,West,2023-08-29,Rejected,
LN101852,41,Male,Married,Graduate,Salaried,52100.0,661.0,0,15400.0,48,Business,North,2023-08-02,Rejected,
LN101040,52,Female,Single,Graduate,Self-Employed,36600.0,685.0,4,6100.0,24,Medical,West,2023-10-24,Approved,0
LN102528,24,Female,Single,Graduate,Salaried,77100.0,486.0,3,31700.0,84,Debt Consolidation,North,2024-09-13,Rejected,
LN100738,54,Female,Single,Not Graduate,Salaried,65400.0,639.0,2,34900.0,36,Auto,West,2023-03-05,Approved,1
LN101414,47,Male,Single,Post Graduate,Salaried,69200.0,665.0,3,32800.0,60,Business,West,2023-07-28,Approved,0
LN102188,41,Male,Single,Graduate,Self-Employed,71300.0,758.0,2,23400.0,60,Education,West,2024-04-11,Approved,0
LN100369,55,Female,Single,Graduate,Self-Employed,67000.0,588.0,0,25000.0,48,Home Improvement,West,2023-05-29,Rejected,
LN100769,37,Female,Divorced,Graduate,Salaried,56100.0,645.0,2,9600.0,24,Debt Consolidation,West,2023-09-16,Approved,0
LN100699,25,Female,Single,Graduate,Salaried,53100.0,513.0,1,33700.0,36,Debt Consolidation,North,2023-07-25,Rejected,
LN100992,29,Female,Single,Graduate,Salaried,87100.0,514.0,1,14400.0,36,Auto,North,2023-05-23,Rejected,
LN102163,62,Male,Married,Not Graduate,Salaried,34600.0,571.0,1,19900.0,36,Home Improvement,East,2023-03-24,Approved,1
LN100275,42,Female,Single,Graduate,Salaried,64000.0,678.0,0,35600.0,36,Debt Consolidation,West,2024-05-24,Rejected,
LN102752,47,Female,Single,Not Graduate,Business Owner,80400.0,629.0,3,43400.0,48,Debt Consolidation,North,2023-03-15,Rejected,
LN102326,36,Female,Single,Graduate,Business Owner,92600.0,699.0,0,14300.0,48,Medical,Central,2024-04-26,Approved,1
LN102302,46,Female,Married,Not Graduate,Self-Employed,28800.0,657.0,4,5200.0,60,Debt Consolidation,North,2023-10-28,Approved,0
LN102961,39,Male,Divorced,Graduate,Salaried,78800.0,681.0,4,21300.0,36,Medical,Central,2024-03-06,Rejected,
LN101263,58,Male,Married,Post Graduate,Salaried,79000.0,590.0,2,36600.0,60,Debt Consolidation,South,2024-08-05,Rejected,
LN102031,28,Male,Married,Not Graduate,Self-Employed,73000.0,792.0,1,42000.0,48,Business,West,2023-12-08,Approved,0
LN102633,46,Female,Single,Not Graduate,Business Owner,12000.0,641.0,4,5000.0,84,Auto,North,2024-08-04,Rejected,
LN102460,36,Male,Divorced,Post Graduate,Salaried,77300.0,618.0,4,44700.0,24,Auto,South,2024-11-18,Approved,1
LN102564,40,Female,Single,Not Graduate,Self-Employed,45100.0,849.0,4,27000.0,60,Medical,South,2024-04-30,Approved,1
LN102139,39,Female,Single,Graduate,Salaried,65800.0,791.0,3,19500.0,36,Education,North,2024-05-29,Approved,0
LN102209,27,Female,Married,Graduate,Salaried,45400.0,662.0,4,9600.0,36,Home Improvement,South,2023-09-11,Rejected,
LN101444,27,Female,Married,Not Graduate,Salaried,63400.0,694.0,2,40500.0,24,Personal,South,2024-08-27,Rejected,
LN102779,23,Male,Single,Graduate,Business Owner,83400.0,546.0,2,21400.0,36,Business,East,2023-12-10,Rejected,
LN102201,21,Male,Divorced,Not Graduate,Self-Employed,77000.0,566.0,1,25500.0,60,Home Improvement,South,2024-03-10,Approved,0
LN102826,37,Male,Divorced,Not Graduate,Self-Employed,67300.0,687.0,4,31600.0,36,Home Improvement,Central,2024-09-17,Rejected,
LN102450,58,Female,Married,Graduate,Business Owner,63300.0,622.0,1,18700.0,24,Education,Central,2024-01-31,Rejected,
LN102290,38,Male,Married,Graduate,Salaried,86600.0,584.0,4,20700.0,48,Auto,South,2023-10-20,Rejected,
LN101733,59,Male,Single,Graduate,Business Owner,84900.0,654.0,1,20800.0,12,Debt Consolidation,North,2024-05-12,Rejected,
LN101796,64,Male,Single,Graduate,Business Owner,77400.0,642.0,4,21500.0,36,Business,West,2023-12-16,Approved,1
LN101601,54,Female,Single,Graduate,Self-Employed,84000.0,850.0,0,36200.0,12,Business,South,2024-09-07,Approved,0
LN103069,24,Male,Married,Graduate,Self-Employed,68400.0,635.0,1,28000.0,12,Education,North,2024-09-12,Rejected,
LN101022,60,Male,Married,Post Graduate,Business Owner,78300.0,634.0,4,22600.0,36,Debt Consolidation,North,2023-11-02,Approved,0
LN100024,56,Male,Married,Graduate,Salaried,31900.0,655.0,4,8800.0,24,Home Improvement,North,2023-01-11,Rejected,
LN100523,58,Male,Single,Graduate,Salaried,70100.0,581.0,2,36000.0,12,Debt Consolidation,East,2023-11-26,Rejected,
LN103080,40,Female,Single,Not Graduate,Self-Employed,42100.0,686.0,4,12500.0,36,Auto,South,2023-12-07,Rejected,
LN100415,51,Female,Married,Post Graduate,Salaried,76800.0,740.0,3,30300.0,24,Education,South,2024-08-02,Rejected,
LN103124,40,Male,Divorced,Post Graduate,Self-Employed,84700.0,655.0,2,45200.0,36,Business,North,2024-02-20,Approved,0
LN100190,51,Female,Single,Not Graduate,Salaried,47100.0,762.0,2,19300.0,48,Debt Consolidation,South,2023-03-26,Rejected,
LN101771,37,Male,Married,Not Graduate,Salaried,65200.0,682.0,4,17700.0,24,Personal,South,2024-07-21,Approved,1
LN101209,64,Male,Divorced,Not Graduate,Self-Employed,19400.0,692.0,2,12200.0,48,Medical,Central,2023-12-30,Rejected,
LN101418,59,Male,Single,Not Graduate,Salaried,63800.0,733.0,0,17800.0,48,Home Improvement,East,2024-02-04,Rejected,
LN102987,56,Female,Divorced,Post Graduate,Self-Employed,79500.0,539.0,2,46700.0,36,Debt Consolidation,North,2023-04-29,Rejected,
LN101940,28,Male,Married,Post Graduate,Business Owner,99100.0,757.0,0,28200.0,36,Education,South,2024-02-24,Approved,0
LN102345,32,Male,Married,Post Graduate,Business Owner,98700.0,783.0,0,18900.0,48,Home Improvement,West,2023-06-21,Approved,0
LN102974,21,Male,Married,Not Graduate,Salaried,68900.0,700.0,0,23500.0,36,Debt Consolidation,West,2024-09-08,Rejected,
LN102578,64,Female,Married,Graduate,Salaried,19400.0,681.0,0,6100.0,36,Personal,South,2024-10-24,Approved,0
LN100705,46,Male,Single,Graduate,Business Owner,88600.0,633.0,4,47600.0,60,Education,East,2024-05-08,Approved,1
LN100002,50,Female,Single,Graduate,Self-Employed,65200.0,741.0,1,23200.0,60,Debt Consolidation,North,2024-02-09,Approved,0
LN100416,64,Male,Single,Post Graduate,Salaried,115800.0,714.0,3,26700.0,36,Business,South,2023-07-31,Rejected,
LN103051,28,Female,Divorced,Graduate,Salaried,95300.0,692.0,4,52200.0,84,Debt Consolidation,East,2024-02-12,Approved,0
LN101893,52,Female,Married,Post Graduate,Business Owner,18500.0,594.0,3,6300.0,84,Home Improvement,South,2023-11-29,Rejected,
LN102521,22,Female,Single,Not Graduate,Salaried,75500.0,690.0,1,41900.0,24,Debt Consolidation,West,2023-11-10,Approved,1
LN100691,56,Female,Married,Graduate,Salaried,102500.0,731.0,3,50000.0,36,Debt Consolidation,Central,2024-03-23,Approved,0
LN102019,41,Male,Widowed,Not Graduate,Self-Employed,82100.0,680.0,4,27500.0,36,Debt Consolidation,North,2024-11-12,Approved,0
LN100666,43,Female,Married,Graduate,Salaried,75300.0,679.0,4,30800.0,48,Business,East,2023-09-23,Approved,0
LN101825,61,Female,Divorced,Graduate,Salaried,101500.0,615.0,2,48200.0,60,Business,South,2023-08-26,Rejected,
LN102353,41,Female,Married,Not Graduate,Salaried,49700.0,641.0,2,26300.0,12,Medical,North,2024-07-25,Rejected,
LN100883,27,Male,Married,Graduate,Self-Employed,58000.0,575.0,0,16900.0,36,Debt Consolidation,South,2023-12-25,Approved,0
LN102483,35,Male,Single,Not Graduate,Business Owner,24900.0,827.0,0,13500.0,24,Auto,South,2023-10-04,Approved,0
LN101530,25,Female,Married,Not Graduate,Salaried,39500.0,629.0,3,23500.0,36,Personal,North,2024-12-03,Rejected,
LN100356,27,Female,Single,Not Graduate,Salaried,53700.0,614.0,4,27600.0,36,Business,South,2023-06-15,Rejected,
LN101520,59,Male,Single,Post Graduate,Salaried,63200.0,531.0,4,15300.0,60,Debt Consolidation,East,2023-07-01,Rejected,
LN101389,61,Female,Married,Graduate,Business Owner,32000.0,746.0,1,16800.0,36,Home Improvement,East,2023-06-18,Approved,0
LN102716,40,Female,Divorced,Not Graduate,Salaried,12200.0,709.0,1,3000.0,84,Education,North,2024-02-25,Approved,0
LN100568,49,Male,Married,Not Graduate,Salaried,48500.0,692.0,0,7300.0,12,Business,Central,2023-06-28,Rejected,
LN100532,28,Female,Single,Graduate,Salaried,44000.0,525.0,2,21800.0,36,Auto,East,2024-03-29,Approved,0
LN101070,51,Female,Married,Graduate,Business Owner,93800.0,737.0,2,24400.0,24,Home Improvement,Central,2024-07-25,Approved,0
LN101731,61,Male,Widowed,Graduate,Self-Employed,40600.0,571.0,4,25500.0,12,Auto,South,2023-10-17,Rejected,
LN100748,35,Male,Married,Not Graduate,Self-Employed,23100.0,498.0,0,4300.0,36,Personal,West,2024-12-10,Rejected,
LN101568,61,Male,Married,Graduate,Salaried,34100.0,582.0,3,8600.0,36,Business,North,2023-09-12,Approved,0
LN102004,56,Female,Divorced,Graduate,Salaried,36600.0,695.0,1,7700.0,36,Medical,North,2024-07-10,Rejected,
LN100949,33,Male,Widowed,Graduate,Self-Employed,79500.0,676.0,4,25200.0,24,Personal,South,2023-07-09,Approved,0
LN103117,49,Female,Single,Graduate,Business Owner,63300.0,631.0,4,19200.0,36,Personal,South,2023-05-11,Rejected,
LN101116,65,Female,Married,Graduate,Business Owner,106600.0,523.0,0,25100.0,24,Debt Consolidation,Central,2024-08-14,Rejected,
LN101526,35,Female,Divorced,Not Graduate,Business Owner,71800.0,664.0,1,18200.0,24,Medical,Central,2024-10-07,Approved,0
LN101578,26,Male,Single,Graduate,Self-Employed,36800.0,616.0,4,23800.0,60,Debt Consolidation,West,2024-09-05,Rejected,
LN100795,34,Female,Married,Not Graduate,Business Owner,47100.0,708.0,4,19700.0,36,Personal,East,2024-01-25,Rejected,
LN102749,64,Female,Single,Graduate,Self-Employed,64400.0,731.0,4,36200.0,84,Auto,East,2023-03-10,Rejected,
LN100898,24,Female,Divorced,Graduate,Business Owner,41200.0,588.0,3,15100.0,24,Medical,West,2023-03-18,Rejected,
LN102006,40,Male,Married,Graduate,Salaried,47300.0,595.0,1,25700.0,48,Business,South,2023-02-04,Rejected,
LN100562,43,Male,Single,Post Graduate,Salaried,63300.0,669.0,2,22500.0,36,Personal,South,2023-04-05,Rejected,
LN101591,36,Male,Married,Graduate,Salaried,61000.0,638.0,2,16300.0,36,Debt Consolidation,East,2023-05-09,Rejected,
LN102461,30,Female,Married,Not Graduate,Self-Employed,55400.0,645.0,4,35800.0,84,Home Improvement,West,2024-03-18,Rejected,
LN101818,27,Male,Single,Graduate,Salaried,35700.0,657.0,3,16100.0,12,Auto,East,2023-04-10,Rejected,
LN101422,47,Female,Married,Not Graduate,Business Owner,28000.0,640.0,3,11300.0,48,Business,West,2023-07-03,Rejected,
LN101892,60,Male,Divorced,Graduate,Self-Employed,62900.0,681.0,4,23900.0,24,Debt Consolidation,West,2023-06-15,Rejected,
LN101691,61,Female,Married,Graduate,Business Owner,97000.0,633.0,1,18800.0,24,Business,South,2023-10-03,Approved,0
LN102618,50,Male,Married,Post Graduate,Salaried,65100.0,718.0,4,17400.0,36,Debt Consolidation,North,2024-11-09,Rejected,
LN100278,23,Female,Single,Post Graduate,Business Owner,88500.0,743.0,0,57200.0,36,Auto,North,2024-03-14,Approved,0
LN102154,52,Female,Married,Graduate,Business Owner,18000.0,699.0,4,3500.0,24,Auto,Central,2024-06-14,Rejected,
LN100151,33,Male,Married,Not Graduate,Salaried,22600.0,621.0,4,11100.0,60,Medical,South,2024-06-27,Rejected,
LN103109,31,Male,Single,Graduate,Salaried,80600.0,689.0,0,46100.0,12,Debt Consolidation,West,2024-12-09,Rejected,
LN102383,38,Male,Single,Post Graduate,Salaried,70200.0,658.0,1,28400.0,84,Medical,West,2024-05-12,Rejected,
LN102877,63,Male,Widowed,Graduate,Salaried,50100.0,654.0,1,11200.0,12,Personal,South,2023-01-22,Approved,0
LN103122,42,Male,Married,Not Graduate,Business Owner,661400.0,734.0,3,325300.0,36,Business,Central,2023-09-18,Approved,0
LN100440,64,Male,Single,Not Graduate,Business Owner,12000.0,772.0,2,3100.0,36,Debt Consolidation,North,2023-11-09,Approved,0
LN102474,25,Male,Married,Graduate,Self-Employed,92000.0,651.0,3,29500.0,48,Home Improvement,North,2024-07-19,Approved,0
LN101749,53,Male,Single,Graduate,Business Owner,69400.0,651.0,2,22000.0,48,Auto,Central,2023-08-20,Rejected,
LN100984,47,Male,Single,Not Graduate,Salaried,117700.0,656.0,2,17800.0,36,Medical,South,2024-06-20,Approved,0
LN102336,41,Male,Single,Not Graduate,Business Owner,59300.0,651.0,4,29800.0,24,Debt Consolidation,West,2023-11-22,Rejected,
LN102434,41,Male,Married,Graduate,Business Owner,83900.0,571.0,3,15700.0,60,Auto,South,2024-05-24,Rejected,
LN101308,39,Female,Single,Graduate,Business Owner,57400.0,658.0,4,19400.0,60,Home Improvement,West,2024-03-11,Rejected,
LN101368,64,Female,Single,Not Graduate,Salaried,33200.0,682.0,4,15500.0,48,Business,North,2024-05-03,Approved,0
LN101661,48,Female,Married,Not Graduate,Business Owner,56100.0,655.0,1,32000.0,24,Debt Consolidation,South,2023-07-25,Approved,0
LN101095,24,Male,Married,Not Graduate,Business Owner,71200.0,769.0,3,31300.0,48,Business,West,2023-06-30,Approved,0
LN100928,39,Female,Divorced,Graduate,Salaried,71000.0,660.0,4,32800.0,84,Education,North,2024-10-27,Approved,0
LN100386,24,Male,Single,Post Graduate,Business Owner,36600.0,709.0,1,6600.0,48,Auto,East,2023-11-26,Approved,1
LN101923,40,Male,Single,Graduate,Salaried,52100.0,667.0,2,31800.0,24,Medical,North,2024-11-01,Rejected,
LN101809,64,Male,Single,Not Graduate,Salaried,82000.0,653.0,1,48300.0,12,Education,South,2023-10-05,Rejected,
LN102430,26,Female,Single,Graduate,Salaried,64500.0,638.0,0,35700.0,36,Debt Consolidation,West,2024-12-19,Approved,0
LN102363,26,Male,Married,Not Graduate,Salaried,43900.0,561.0,0,17800.0,60,Medical,North,2024-08-18,Rejected,
LN101958,50,Female,Married,Graduate,Business Owner,53600.0,560.0,0,34200.0,36,Education,East,2024-03-15,Approved,0
LN100142,33,Male,Married,Graduate,Salaried,81100.0,597.0,4,49500.0,36,Medical,South,2024-02-20,Rejected,
LN101815,25,Male,Single,Graduate,Salaried,52500.0,622.0,0,21300.0,12,Business,North,2023-10-13,Rejected,
LN100450,64,Female,Married,Post Graduate,Self-Employed,63300.0,614.0,4,12600.0,36,Personal,West,2023-04-10,Approved,0
LN103165,39,Male,Married,Not Graduate,Business Owner,64400.0,741.0,4,16900.0,60,Auto,North,2024-12-28,Approved,1
LN102424,36,Female,Married,Not Graduate,Salaried,74700.0,719.0,4,37500.0,24,Business,South,2024-01-25,Approved,0
LN100099,27,Female,Married,Post Graduate,Salaried,54400.0,759.0,4,32900.0,36,Debt Consolidation,North,2024-06-26,Approved,0
LN101936,37,Male,Single,Graduate,Salaried,101800.0,604.0,1,40700.0,36,Debt Consolidation,West,2024-05-01,Rejected,
LN103070,40,Male,Single,Post Graduate,Business Owner,69600.0,620.0,4,14200.0,60,Auto,North,2024-11-23,Approved,0
LN103188,23,Male,Married,Graduate,Salaried,58000.0,652.0,3,30700.0,12,Debt Consolidation,North,2024-05-21,Rejected,
LN102442,21,Male,Married,Post Graduate,Salaried,96100.0,643.0,1,45800.0,24,Home Improvement,North,2024-12-22,Approved,0
LN102717,52,Female,Married,Not Graduate,Self-Employed,68900.0,565.0,0,17800.0,60,Debt Consolidation,South,2023-09-04,Approved,0
LN102451,61,Female,Married,Post Graduate,Salaried,107400.0,729.0,1,68200.0,60,Education,South,2023-01-03,Approved,0
LN102771,22,Male,Divorced,Graduate,Salaried,60300.0,687.0,1,9900.0,12,Home Improvement,Central,2024-03-26,Approved,0
LN102767,65,Female,Married,Graduate,Self-Employed,90200.0,684.0,2,48000.0,60,Auto,East,2023-01-08,Approved,0
LN100325,31,Male,Single,Graduate,Business Owner,121400.0,683.0,3,40400.0,24,Auto,North,2024-03-16,Approved,0
LN102157,49,Male,Married,Not Graduate,Salaried,46700.0,709.0,3,11700.0,24,Auto,Central,2024-12-03,Approved,0
LN102393,30,Male,Married,Not Graduate,Salaried,65100.0,594.0,0,10300.0,36,Auto,West,2024-02-04,Rejected,
LN102406,37,Female,Married,Not Graduate,Salaried,39400.0,617.0,0,9000.0,60,Auto,South,2024-02-06,Rejected,
LN100456,27,Male,Married,Post Graduate,Salaried,63300.0,620.0,1,23800.0,48,Auto,West,2023-03-14,Rejected,
LN101582,44,Female,Married,Graduate,Self-Employed,26300.0,707.0,2,7700.0,48,Debt Consolidation,North,2023-05-29,Rejected,
LN101471,52,Male,Single,Graduate,Salaried,62900.0,655.0,4,22700.0,24,Personal,Central,2023-09-03,Rejected,
LN102795,62,Female,Divorced,Not Graduate,Salaried,18500.0,693.0,4,7800.0,48,Personal,West,2024-06-25,Rejected,
LN102028,44,Female,Married,Post Graduate,Salaried,104100.0,483.0,1,47500.0,12,Home Improvement,East,2023-07-09,Rejected,
LN102681,25,Male,Divorced,Post Graduate,Salaried,53500.0,850.0,3,33100.0,48,Debt Consolidation,West,2023-12-24,Approved,0
LN102319,55,Female,Married,Graduate,Self-Employed,66600.0,501.0,0,13000.0,48,Home Improvement,North,2024-03-31,Rejected,
LN101412,32,Female,Married,Graduate,Salaried,36400.0,763.0,1,23100.0,36,Home Improvement,West,2023-11-05,Approved,0
LN103026,26,Male,Married,Graduate,Salaried,45700.0,595.0,2,16400.0,48,Debt Consolidation,South,2024-01-15,Rejected,
LN101614,23,Male,Married,Graduate,Salaried,104800.0,669.0,0,44600.0,60,Debt Consolidation,Central,2024-07-29,Approved,0
LN103154,24,Female,Divorced,Graduate,Salaried,55900.0,675.0,2,27700.0,24,Medical,South,2023-06-06,Rejected,
LN100400,65,Male,Single,Not Graduate,Business Owner,40200.0,600.0,3,23700.0,60,Debt Consolidation,East,2024-08-14,Rejected,
LN101747,37,Female,Married,Post Graduate,Self-Employed,59700.0,541.0,0,35600.0,24,Personal,North,2023-02-16,Rejected,
LN101395,47,Female,Married,Not Graduate,Business Owner,33200.0,710.0,0,7400.0,60,Home Improvement,West,2023-01-08,Rejected,
LN101061,51,Male,Single,Post Graduate,Self-Employed,88900.0,588.0,0,46600.0,60,Business,West,2024-12-21,Approved,0
LN100563,29,Female,Divorced,Graduate,Salaried,31000.0,690.0,1,14500.0,36,Debt Consolidation,North,2023-06-24,Approved,0
LN103005,37,Male,Married,Graduate,Salaried,45600.0,589.0,1,16200.0,60,Debt Consolidation,North,2024-10-06,Rejected,
LN102655,46,Male,Married,Graduate,Self-Employed,71100.0,762.0,0,16200.0,24,Home Improvement,Central,2024-12-30,Approved,0
LN102520,40,Female,Single,Post Graduate,Self-Employed,58300.0,543.0,0,13100.0,48,Education,North,2023-08-24,Rejected,
LN100036,59,Male,Single,Graduate,Self-Employed,104300.0,619.0,4,33300.0,36,Business,West,2023-08-02,Approved,0
LN102990,41,Male,Married,Not Graduate,Salaried,34500.0,627.0,4,19900.0,60,Business,West,2024-04-22,Rejected,
LN102479,27,Female,Married,Post Graduate,Salaried,67700.0,551.0,3,27400.0,84,Medical,East,2023-11-23,Rejected,
LN101005,62,Male,Married,Not Graduate,Salaried,32100.0,662.0,0,6900.0,12,Auto,North,2023-09-12,Rejected,
LN101279,59,Male,Divorced,Post Graduate,Self-Employed,85200.0,603.0,1,55100.0,36,Auto,West,2024-02-23,Rejected,
LN101537,25,Male,Single,Graduate,Salaried,31200.0,681.0,2,17100.0,36,Home Improvement,West,2023-07-11,Rejected,
LN100981,52,Female,Widowed,Not Graduate,Business Owner,81300.0,545.0,4,22500.0,36,Debt Consolidation,North,2023-08-16,Rejected,
LN102214,26,Female,Single,Not Graduate,Salaried,81300.0,681.0,2,44700.0,60,Education,Central,2023-02-05,Rejected,
LN102098,54,Male,Married,Graduate,Self-Employed,42700.0,554.0,3,7000.0,48,Debt Consolidation,North,2023-11-02,Rejected,
LN102937,53,Male,Married,Not Graduate,Salaried,41000.0,668.0,3,12700.0,36,Business,North,2023-04-13,Rejected,
LN100580,25,Female,Single,Not Graduate,Salaried,64500.0,677.0,2,29600.0,36,Debt Consolidation,East,2024-10-26,Rejected,
LN103133,24,Male,Single,Post Graduate,Salaried,60500.0,677.0,1,11600.0,48,Home Improvement,Central,2024-02-19,Rejected,
LN102489,37,Male,Single,Not Graduate,Salaried,48100.0,530.0,2,13600.0,84,Personal,West,2023-02-01,Rejected,
LN102772,30,Female,Single,Graduate,Salaried,74200.0,798.0,0,15500.0,36,Education,East,2023-07-07,Approved,0
LN102054,53,Male,Single,Post Graduate,Business Owner,70400.0,720.0,1,40600.0,48,Medical,North,2023-11-04,Approved,0
LN100947,27,Male,Widowed,Not Graduate,Business Owner,75400.0,670.0,2,37000.0,48,Home Improvement,South,2024-10-25,Rejected,
LN101544,31,Female,Single,Not Graduate,Business Owner,66200.0,652.0,1,23500.0,84,Auto,South,2024-07-23,Approved,1
LN100889,33,Female,Divorced,Graduate,Salaried,48600.0,694.0,3,10000.0,48,Business,East,2023-09-25,Approved,1
LN101144,35,Male,Single,Graduate,Business Owner,71800.0,621.0,2,29700.0,48,Business,West,2024-09-18,Rejected,
LN102804,28,Female,Divorced,Not Graduate,Salaried,86400.0,590.0,2,39500.0,24,Auto,South,2023-01-31,Approved,1
LN102373,38,Male,Married,Graduate,Self-Employed,65300.0,812.0,1,22300.0,36,Debt Consolidation,South,2024-09-03,Approved,0
LN100684,28,Male,Married,Graduate,Salaried,61200.0,761.0,1,14500.0,24,Auto,East,2024-01-04,Approved,0
LN100419,43,Male,Single,Graduate,Salaried,58400.0,659.0,3,16800.0,60,Business,East,2024-09-08,Rejected,
LN101293,21,Female,Married,Graduate,Business Owner,43400.0,650.0,3,15900.0,24,Auto,West,2024-06-10,Rejected,
LN101292,40,Female,Married,Not Graduate,Self-Employed,74000.0,621.0,2,28400.0,84,Medical,South,2024-12-06,Rejected,
LN101391,44,Female,Single,Post Graduate,Business Owner,39400.0,643.0,2,18800.0,48,Medical,West,2023-10-18,Rejected,
LN103071,42,Male,Single,Graduate,Business Owner,64100.0,563.0,1,41000.0,36,Business,Central,2024-02-03,Rejected,
LN102160,57,Female,Single,Graduate,Salaried,51500.0,748.0,4,9300.0,24,Auto,Central,2023-02-25,Rejected,
LN100652,30,Male,Married,Post Graduate,Salaried,38400.0,636.0,3,6200.0,24,Personal,East,2023-10-23,Rejected,
LN101761,39,Male,Single,Graduate,Salaried,52300.0,515.0,1,29800.0,24,Business,South,2024-02-21,Rejected,
LN101696,42,Female,Married,Graduate,Salaried,52300.0,526.0,0,24700.0,24,Personal,North,2023-05-03,Rejected,
LN100071,29,Female,Single,Not Graduate,Salaried,64900.0,680.0,3,23000.0,24,Business,West,2024-08-13,Approved,0
LN100226,57,Female,Married,Not Graduate,Business Owner,37500.0,695.0,1,16000.0,36,Debt Consolidation,North,2023-02-16,Rejected,
LN102305,25,Female,Single,Not Graduate,Self-Employed,101500.0,619.0,1,57000.0,12,Medical,East,2023-12-31,Approved,0
LN101478,31,Female,Married,Graduate,Salaried,71600.0,602.0,0,28000.0,24,Business,West,2024-09-09,Rejected,
LN101703,29,Female,Divorced,Graduate,Salaried,43600.0,776.0,3,7100.0,60,Debt Consolidation,North,2023-04-22,Rejected,
LN101939,30,Male,Single,Not Graduate,Business Owner,36900.0,477.0,2,19100.0,48,Home Improvement,North,2023-02-20,Rejected,
LN100468,29,Male,Divorced,Not Graduate,Self-Employed,32400.0,655.0,2,5500.0,60,Business,North,2024-10-05,Rejected,
LN101229,33,Female,Single,Graduate,Self-Employed,55800.0,642.0,2,9700.0,48,Auto,North,2023-08-26,Approved,1
LN101271,25,Female,Single,Not Graduate,Salaried,54000.0,682.0,0,28700.0,84,Business,East,2023-11-30,Approved,0
LN102853,25,Female,Single,Not Graduate,Business Owner,17900.0,509.0,4,4600.0,12,Medical,South,2024-05-14,Rejected,
LN101379,45,Male,Married,Graduate,Self-Employed,98000.0,594.0,2,57000.0,36,Business,North,2023-08-02,Rejected,
LN101010,33,Male,Married,Graduate,Business Owner,91100.0,708.0,1,56000.0,48,Business,North,2024-05-26,Approved,0
LN102983,57,Female,Single,Graduate,Salaried,101600.0,568.0,3,21300.0,36,Business,North,2024-04-23,Rejected,
LN100694,25,Male,Divorced,Not Graduate,Salaried,32500.0,702.0,3,6200.0,84,Home Improvement,East,2024-01-20,Approved,0
LN102613,47,Male,Married,Graduate,Self-Employed,55400.0,797.0,2,17100.0,36,Auto,South,2024-03-12,Approved,0
LN100801,34,Female,Single,Graduate,Salaried,62800.0,799.0,3,37300.0,48,Debt Consolidation,South,2023-08-03,Approved,0
LN101647,50,Female,Married,Not Graduate,Business Owner,55000.0,657.0,0,30600.0,24,Education,West,2023-04-11,Rejected,
LN103119,60,Male,Married,Not Graduate,Self-Employed,15400.0,624.0,0,8100.0,36,Business,South,2024-03-12,Rejected,
LN102579,46,Male,Single,Graduate,Self-Employed,35200.0,621.0,2,12700.0,36,Debt Consolidation,North,2024-10-16,Rejected,
LN102189,47,Female,Single,Graduate,Salaried,87400.0,745.0,4,46200.0,48,Medical,East,2024-10-01,Approved,1
LN102985,50,Female,Widowed,Graduate,Salaried,58700.0,577.0,3,35700.0,24,Debt Consolidation,West,2024-03-22,Rejected,
LN103001,51,Female,Married,Graduate,Business Owner,56700.0,547.0,4,9400.0,24,Auto,West,2023-06-10,Rejected,
LN100752,24,Male,Single,Not Graduate,Salaried,53600.0,647.0,3,13000.0,60,Education,West,2024-04-27,Approved,0
LN100241,47,Female,Single,Post Graduate,Salaried,76100.0,606.0,1,44900.0,24,Business,West,2024-11-27,Approved,0
LN102869,30,Male,Married,Post Graduate,Business Owner,63300.0,547.0,2,36600.0,36,Education,East,2023-04-12,Rejected,
LN100526,62,Male,Married,Post Graduate,Self-Employed,63800.0,771.0,0,19800.0,12,Business,South,2024-07-01,Approved,0
LN101780,23,Male,Married,Graduate,Salaried,46800.0,655.0,4,19100.0,84,Debt Consolidation,North,2024-06-04,Rejected,
LN102041,61,Male,Widowed,Graduate,Salaried,62900.0,575.0,4,37400.0,60,Business,East,2024-09-25,Rejected,
LN100619,27,Male,Single,Not Graduate,Self-Employed,34800.0,754.0,1,10600.0,12,Debt Consolidation,South,2023-01-26,Approved,0
LN100979,46,Female,Single,Not Graduate,Salaried,12000.0,648.0,2,4800.0,24,Home Improvement,North,2024-01-21,Approved,0
LN100768,27,Male,Single,Not Graduate,Self-Employed,63300.0,711.0,0,15700.0,36,Home Improvement,North,2023-10-19,Rejected,
LN101306,32,Male,Widowed,Post Graduate,Business Owner,47300.0,662.0,0,25000.0,36,Personal,West,2023-11-25,Approved,0
LN102357,30,Female,Widowed,Not Graduate,Salaried,103900.0,570.0,4,33900.0,60,Debt Consolidation,North,2024-06-10,Rejected,
LN101454,46,Female,Divorced,Not Graduate,Salaried,53000.0,534.0,4,34000.0,24,Personal,South,2023-01-19,Rejected,
LN100429,53,Female,Single,Not Graduate,Self-Employed,38600.0,672.0,1,11200.0,60,Debt Consolidation,Central,2023-05-25,Approved,0
LN103120,49,Female,Married,Post Graduate,Self-Employed,60000.0,555.0,4,17300.0,12,Debt Consolidation,South,2023-10-10,Rejected,
LN102919,38,Male,Married,Graduate,Salaried,105100.0,679.0,2,24500.0,36,Business,North,2023-06-14,Approved,0
LN102499,62,Female,Married,Not Graduate,Salaried,63600.0,611.0,2,35900.0,36,Medical,North,2024-02-07,Rejected,
LN102757,49,Male,Single,Graduate,Salaried,58900.0,756.0,3,22800.0,36,Auto,North,2023-04-19,Approved,0
LN100547,47,Female,Married,Not Graduate,Salaried,54800.0,617.0,1,29000.0,24,Education,East,2023-02-26,Rejected,
LN100454,47,Male,Married,Graduate,Salaried,54500.0,729.0,2,19300.0,48,Auto,South,2024-03-17,Approved,0
LN100338,30,Male,Single,Graduate,Business Owner,49900.0,692.0,3,24600.0,36,Home Improvement,West,2024-09-03,Approved,0
LN100026,39,Male,Single,Graduate,Salaried,27900.0,694.0,4,10000.0,12,Business,West,2024-05-05,Approved,0
LN100536,41,Male,Married,Graduate,Business Owner,102500.0,609.0,1,52300.0,48,Medical,West,2024-03-22,Rejected,
LN100596,47,Male,Single,Not Graduate,Self-Employed,60400.0,611.0,1,18500.0,48,Business,West,2023-12-01,Rejected,
LN100749,28,Male,Married,Not Graduate,Self-Employed,72700.0,495.0,4,19600.0,60,Personal,Central,2023-09-23,Rejected,
LN101521,53,Male,Single,Not Graduate,Salaried,46100.0,799.0,0,8900.0,36,Business,South,2024-11-03,Approved,0
LN100000,25,Female,Married,Not Graduate,Business Owner,55300.0,448.0,3,29800.0,84,Medical,West,2024-04-17,Rejected,
LN102438,58,Male,Married,Post Graduate,Business Owner,76300.0,678.0,1,19400.0,84,Business,Central,2024-07-11,Approved,1
LN101980,50,Female,Married,Graduate,Self-Employed,107500.0,670.0,0,50800.0,24,Home Improvement,East,2023-04-14,Approved,0
LN100848,57,Female,Married,Not Graduate,Self-Employed,29700.0,624.0,3,13700.0,48,Home Improvement,South,2023-09-05,Rejected,
LN100060,62,Male,Married,Not Graduate,Self-Employed,42200.0,587.0,3,21400.0,24,Business,East,2024-11-01,Approved,0
LN100959,39,Male,Single,Not Graduate,Salaried,91400.0,595.0,3,28200.0,12,Business,North,2023-11-10,Approved,1
LN102124,54,Female,Single,Graduate,Self-Employed,85800.0,593.0,1,29400.0,36,Education,East,2023-06-28,Rejected,
LN101514,32,Female,Married,Graduate,Salaried,39500.0,719.0,4,7400.0,84,Education,East,2023-03-18,Approved,0
LN102112,62,Female,Married,Graduate,Salaried,58900.0,688.0,0,20700.0,60,Personal,East,2024-04-09,Rejected,
LN100631,35,Female,Married,Not Graduate,Salaried,60400.0,685.0,2,29900.0,60,Auto,Central,2024-12-29,Rejected,
LN101795,30,Female,Single,Not Graduate,Salaried,75200.0,607.0,2,31300.0,24,Education,South,2023-05-15,Rejected,
LN100864,59,Male,Single,Graduate,Salaried,69300.0,676.0,4,23400.0,36,Business,West,2023-09-21,Approved,1
LN102885,27,Male,Divorced,Graduate,Salaried,72300.0,655.0,1,17300.0,12,Business,West,2023-09-04,Rejected,
LN102378,65,Female,Divorced,Not Graduate,Business Owner,102800.0,724.0,1,47600.0,24,Education,South,2024-02-13,Approved,0
LN102158,57,Female,Single,Graduate,Salaried,31000.0,645.0,4,9400.0,24,Auto,West,2023-02-24,Approved,0
LN100170,25,Female,Married,Post Graduate,Salaried,103700.0,654.0,3,30800.0,24,Education,South,2024-04-08,Approved,0
LN101262,41,Male,Single,Not Graduate,Salaried,53500.0,542.0,0,30900.0,36,Personal,North,2023-07-25,Rejected,
LN102798,52,Male,Married,Post Graduate,Salaried,107900.0,584.0,2,37400.0,36,Medical,South,2023-07-18,Rejected,
LN102565,40,Male,Single,Graduate,Salaried,96800.0,613.0,2,37100.0,36,Personal,West,2023-04-03,Approved,0
LN102337,57,Female,Single,Post Graduate,Business Owner,88300.0,850.0,1,47700.0,24,Home Improvement,Central,2024-08-03,Approved,0
LN100219,61,Female,Married,Post Graduate,Salaried,41500.0,631.0,3,16400.0,24,Business,Central,2024-02-29,Rejected,
LN102066,53,Male,Married,Graduate,Salaried,28800.0,587.0,4,10200.0,36,Business,East,2024-04-08,Rejected,
LN101375,64,Female,Widowed,Graduate,Salaried,34200.0,808.0,0,7100.0,36,Debt Consolidation,Central,2024-07-20,Rejected,
LN102325,58,Female,Widowed,Graduate,Salaried,45000.0,706.0,0,23800.0,60,Business,South,2023-01-12,Rejected,
LN101203,55,Female,Single,Graduate,Salaried,79300.0,589.0,3,32400.0,24,Debt Consolidation,West,2023-06-09,Rejected,
LN102094,28,Female,Single,Post Graduate,Salaried,81400.0,769.0,1,38500.0,48,Business,Central,2023-04-07,Approved,0
LN101077,28,Female,Single,Not Graduate,Self-Employed,69400.0,683.0,1,16000.0,36,Business,Central,2023-08-28,Approved,0
LN101188,46,Female,Widowed,Not Graduate,Business Owner,60100.0,556.0,2,13400.0,60,Medical,East,2023-06-30,Rejected,
LN102207,58,Female,Single,Graduate,Salaried,62600.0,588.0,0,16000.0,36,Home Improvement,East,2024-01-23,Rejected,
LN102828,49,Male,Single,Not Graduate,Business Owner,61400.0,826.0,4,10200.0,24,Personal,South,2023-04-12,Approved,0
LN101157,59,Female,Single,Graduate,Salaried,64500.0,630.0,2,11700.0,36,Home Improvement,Central,2024-12-01,Approved,0
LN100640,51,Male,Single,Graduate,Business Owner,104400.0,812.0,4,64800.0,24,Debt Consolidation,West,2023-06-23,Approved,0
LN100253,35,Female,Single,Post Graduate,Salaried,107600.0,774.0,1,34000.0,12,Business,East,2023-06-10,Approved,1
LN100632,40,Male,Married,Graduate,Self-Employed,70200.0,689.0,3,44000.0,36,Medical,South,2023-03-09,Approved,0
LN100840,34,Female,Married,Graduate,Salaried,57900.0,557.0,4,18200.0,48,Home Improvement,South,2024-02-09,Rejected,
LN101621,21,Female,Married,Not Graduate,Salaried,63300.0,636.0,1,16700.0,36,Debt Consolidation,Central,2023-03-11,Rejected,
LN103098,29,Female,Widowed,Graduate,Salaried,88600.0,649.0,4,47100.0,36,Home Improvement,Central,2023-01-08,Rejected,
LN100295,44,Male,Married,Graduate,Salaried,79200.0,634.0,3,25200.0,36,Home Improvement,East,2023-04-17,Rejected,
LN101363,30,Female,Married,Not Graduate,Salaried,63300.0,649.0,1,48700.0,48,Medical,East,2024-08-31,Rejected,
LN100053,42,Male,Single,Not Graduate,Salaried,86300.0,750.0,3,36300.0,60,Personal,East,2023-03-24,Approved,1
LN103099,33,Female,Single,Graduate,Self-Employed,76800.0,674.0,3,39900.0,48,Medical,Central,2024-12-10,Rejected,
LN100328,27,Male,Divorced,Post Graduate,Business Owner,48100.0,497.0,0,16700.0,12,Debt Consolidation,North,2023-03-21,Rejected,
LN102245,58,Female,Widowed,Not Graduate,Salaried,45900.0,804.0,0,17600.0,48,Personal,West,2024-11-11,Rejected,
LN101586,58,Female,Single,Graduate,Business Owner,63400.0,794.0,3,39500.0,84,Education,East,2023-08-18,Approved,0
LN100270,34,Male,Single,Graduate,Salaried,52100.0,606.0,3,32500.0,60,Business,West,2024-01-10,Approved,0
LN100301,58,Male,Single,Graduate,Self-Employed,39500.0,722.0,3,10300.0,60,Home Improvement,Central,2024-04-20,Rejected,
LN100365,44,Male,Married,Post Graduate,Self-Employed,67700.0,558.0,2,28600.0,60,Home Improvement,North,2024-07-25,Rejected,
LN101228,27,Female,Divorced,Not Graduate,Salaried,42000.0,569.0,0,14100.0,36,Auto,East,2023-12-27,Rejected,
LN100729,50,Female,Married,Graduate,Business Owner,48200.0,768.0,1,28300.0,24,Debt Consolidation,South,2023-07-05,Rejected,
LN102408,41,Male,Single,Not Graduate,Salaried,19700.0,543.0,2,9600.0,84,Business,North,2023-02-16,Rejected,
LN100638,56,Male,Divorced,Not Graduate,Salaried,50400.0,786.0,3,30200.0,60,Debt Consolidation,East,2023-08-16,Approved,0
LN101447,64,Female,Widowed,Not Graduate,Salaried,78200.0,658.0,3,14400.0,36,Personal,East,2024-12-26,Approved,0
LN100921,46,Female,Single,Not Graduate,Business Owner,25100.0,659.0,3,10700.0,12,Medical,East,2024-01-03,Rejected,
LN101475,34,Female,Married,Post Graduate,Salaried,78000.0,655.0,3,36800.0,24,Education,East,2023-06-11,Rejected,
LN100191,49,Male,Divorced,Post Graduate,Self-Employed,69100.0,775.0,0,41000.0,48,Home Improvement,East,2023-01-03,Approved,1
LN100798,35,Male,Married,Graduate,Business Owner,80700.0,713.0,4,27500.0,84,Auto,North,2023-05-02,Approved,0
LN101759,47,Female,Single,Graduate,Business Owner,103700.0,614.0,2,21700.0,36,Business,East,2023-05-27,Rejected,
LN101075,28,Female,Married,Graduate,Self-Employed,63300.0,600.0,0,35100.0,48,Personal,West,2023-07-17,Rejected,
LN100374,60,Male,Single,Not Graduate,Business Owner,38700.0,588.0,3,23500.0,48,Debt Consolidation,North,2023-01-26,Rejected,
LN102796,60,Male,Single,Graduate,Salaried,95900.0,562.0,4,33100.0,36,Home Improvement,Central,2024-11-08,Approved,0
LN103135,21,Female,Single,Post Graduate,Salaried,92500.0,624.0,4,55600.0,36,Medical,Central,2023-09-25,Rejected,
LN101232,64,Female,Single,Not Graduate,Salaried,47400.0,688.0,1,12800.0,36,Home Improvement,West,2024-01-14,Rejected,
LN100291,33,Female,Married,Post Graduate,Salaried,63100.0,650.0,1,12800.0,60,Home Improvement,North,2023-06-20,Rejected,
LN101730,56,Female,Single,Graduate,Self-Employed,87400.0,626.0,3,16600.0,48,Auto,West,2023-12-03,Rejected,
LN101990,44,Female,Single,Graduate,Salaried,79100.0,764.0,4,31600.0,84,Auto,East,2023-01-24,Approved,0
LN101615,28,Female,Single,Graduate,Salaried,71200.0,697.0,1,12100.0,60,Home Improvement,West,2024-05-05,Approved,0
LN102620,59,Male,Single,Graduate,Salaried,12000.0,765.0,3,5000.0,60,Home Improvement,North,2024-12-01,Approved,0
LN102852,26,Female,Married,Not Graduate,Salaried,17100.0,655.0,4,6400.0,24,Education,North,2024-10-24,Rejected,
LN101275,53,Male,Married,Graduate,Self-Employed,36500.0,556.0,4,21300.0,24,Education,South,2023-09-05,Rejected,
LN101706,65,Male,Divorced,Not Graduate,Business Owner,66600.0,592.0,0,18100.0,48,Auto,West,2023-04-03,Approved,0
LN101159,36,Female,Single,Graduate,Salaried,49300.0,731.0,0,27200.0,60,Business,North,2024-08-15,Approved,0
LN101113,34,Male,Single,Graduate,Self-Employed,41000.0,687.0,1,25300.0,24,Education,South,2023-03-29,Rejected,
LN100704,26,Female,Divorced,Graduate,Salaried,65600.0,606.0,2,15000.0,48,Medical,North,2023-09-26,Rejected,
LN102866,35,Male,Married,Graduate,Salaried,80200.0,795.0,4,51200.0,36,Debt Consolidation,West,2024-11-11,Approved,0
LN101274,55,Male,Married,Not Graduate,Self-Employed,78100.0,716.0,0,28400.0,60,Debt Consolidation,North,2023-05-14,Rejected,
LN102075,39,Male,Married,Not Graduate,Salaried,78100.0,639.0,1,18000.0,48,Debt Consolidation,South,2023-07-15,Approved,0
LN102356,39,Female,Divorced,Graduate,Self-Employed,47900.0,660.0,0,11000.0,24,Education,Central,2023-03-08,Approved,0
LN100179,43,Female,Divorced,Graduate,Salaried,80300.0,603.0,4,39100.0,60,Auto,North,2024-06-03,Rejected,
LN101364,45,Male,Divorced,Not Graduate,Salaried,31400.0,560.0,4,14000.0,24,Business,West,2023-05-23,Rejected,
LN100470,54,Male,Widowed,Graduate,Self-Employed,65000.0,655.0,2,35100.0,36,Personal,West,2024-11-21,Rejected,
LN102925,29,Female,Married,Graduate,Salaried,89100.0,631.0,3,17000.0,36,Debt Consolidation,East,2023-10-15,Rejected,
LN100488,55,Female,Single,Not Graduate,Self-Employed,40000.0,673.0,1,21200.0,60,Auto,West,2023-07-05,Rejected,
LN101911,60,Female,Divorced,Not Graduate,Salaried,30800.0,562.0,4,15400.0,36,Auto,East,2024-03-29,Rejected,
LN100935,63,Female,Widowed,Post Graduate,Self-Employed,57700.0,578.0,2,31400.0,48,Medical,North,2023-02-13,Approved,1
LN102755,60,Female,Divorced,Graduate,Salaried,55500.0,615.0,0,35900.0,36,Business,East,2024-05-29,Rejected,
LN100051,29,Male,Married,Not Graduate,Business Owner,33500.0,616.0,0,10200.0,24,Debt Consolidation,North,2024-08-17,Rejected,
LN102964,54,Male,Married,Not Graduate,Salaried,83100.0,687.0,1,29000.0,24,Business,West,2024-12-12,Rejected,
LN102331,59,Female,Married,Post Graduate,Salaried,87500.0,623.0,0,33100.0,24,Business,South,2023-12-10,Rejected,
LN103093,31,Male,Single,Graduate,Business Owner,58900.0,762.0,4,34600.0,24,Debt Consolidation,South,2023-03-01,Rejected,
LN102136,45,Male,Divorced,Not Graduate,Salaried,109500.0,580.0,4,55700.0,24,Home Improvement,Central,2024-03-24,Rejected,
LN101545,47,Female,Married,Graduate,Salaried,60100.0,741.0,2,29900.0,60,Education,West,2024-10-03,Approved,0
LN100063,64,Male,Married,Not Graduate,Salaried,42900.0,632.0,4,15800.0,36,Debt Consolidation,West,2024-10-12,Approved,0
LN101036,61,Female,Divorced,Post Graduate,Self-Employed,75000.0,653.0,3,21500.0,36,Home Improvement,North,2024-07-22,Rejected,
LN101898,54,Male,Married,Not Graduate,Business Owner,92400.0,693.0,1,33200.0,60,Business,North,2024-10-11,Approved,1
LN101409,33,Female,Divorced,Not Graduate,Business Owner,83600.0,656.0,4,46100.0,36,Debt Consolidation,North,2024-09-14,Rejected,
LN102980,53,Female,Married,Graduate,Self-Employed,44800.0,675.0,3,22300.0,36,Business,South,2024-05-23,Approved,0
LN100210,32,Male,Single,Graduate,Salaried,69000.0,711.0,3,40800.0,48,Home Improvement,Central,2023-09-28,Approved,0
LN102387,64,Female,Single,Not Graduate,Business Owner,64200.0,739.0,3,35100.0,24,Business,North,2023-12-27,Approved,1
LN100962,58,Female,Married,Not Graduate,Salaried,56900.0,652.0,3,19200.0,60,Debt Consolidation,South,2024-02-12,Rejected,
LN102372,23,Female,Married,Graduate,Salaried,44800.0,847.0,0,27000.0,48,Medical,North,2023-10-02,Approved,0
LN100895,48,Female,Single,Graduate,Salaried,50800.0,622.0,0,9100.0,60,Debt Consolidation,South,2024-12-26,Approved,1
LN102878,60,Female,Divorced,Graduate,Self-Employed,66200.0,760.0,0,13400.0,36,Business,North,2024-09-03,Rejected,
LN101189,21,Male,Married,Not Graduate,Business Owner,49600.0,723.0,2,9100.0,36,Personal,Central,2023-02-16,Rejected,
LN101366,34,Male,Married,Not Graduate,Self-Employed,80900.0,668.0,2,31700.0,36,Education,North,2024-01-29,Approved,0
LN102645,21,Male,Married,Graduate,Salaried,16300.0,660.0,1,9100.0,48,Debt Consolidation,West,2023-02-27,Rejected,
LN101397,50,Male,Single,Post Graduate,Self-Employed,78500.0,501.0,2,42500.0,36,Home Improvement,North,2024-04-08,Rejected,
LN100339,63,Male,Divorced,Not Graduate,Business Owner,28900.0,627.0,1,5000.0,60,Home Improvement,Central,2024-09-16,Rejected,
LN103170,49,Female,Married,Graduate,Salaried,19300.0,694.0,0,9500.0,48,Education,South,2023-11-15,Rejected,
LN102389,60,Female,Married,Graduate,Self-Employed,62100.0,636.0,0,10700.0,48,Education,North,2023-04-14,Rejected,
LN102947,43,Male,Married,Post Graduate,Business Owner,83300.0,793.0,1,44600.0,36,Auto,West,2024-10-28,Approved,0
LN102625,47,Male,Single,Not Graduate,Self-Employed,93900.0,581.0,1,60300.0,24,Medical,West,2024-08-08,Rejected,
LN101587,24,Male,Single,Not Graduate,Business Owner,41400.0,681.0,2,19700.0,36,Auto,North,2024-05-10,Approved,0
LN101784,53,Male,Married,Not Graduate,Salaried,87500.0,774.0,4,42400.0,84,Auto,West,2023-08-19,Approved,1
LN102284,51,Male,Married,Graduate,Salaried,97100.0,720.0,4,57300.0,60,Personal,South,2024-06-10,Approved,0
LN102946,47,Female,Married,Post Graduate,Salaried,56100.0,756.0,2,20000.0,60,Auto,North,2024-04-13,Approved,0
LN103112,23,Female,Married,Graduate,Business Owner,55400.0,500.0,1,19300.0,24,Home Improvement,North,2024-04-03,Rejected,
LN102669,64,Female,Married,Graduate,Business Owner,46800.0,600.0,0,21400.0,12,Business,North,2024-04-14,Rejected,
LN101082,64,Male,Married,Graduate,Salaried,95300.0,571.0,3,40100.0,48,Business,East,2024-04-08,Approved,1
LN101146,44,Male,Single,Graduate,Salaried,47100.0,638.0,3,14900.0,36,Business,East,2024-07-01,Approved,0
LN100020,43,Male,Married,Graduate,Salaried,70700.0,753.0,3,31000.0,48,Medical,West,2024-10-03,Approved,0
LN103131,41,Female,Married,Graduate,Salaried,29500.0,657.0,4,16100.0,60,Debt Consolidation,Central,2023-07-29,Approved,0
LN102130,53,Female,Single,Post Graduate,Salaried,104900.0,522.0,3,60100.0,48,Home Improvement,Central,2023-02-16,Rejected,
LN102736,46,Male,Married,Graduate,Business Owner,60600.0,655.0,0,11800.0,24,Auto,Central,2024-08-17,Rejected,
LN101347,52,Female,Single,Post Graduate,Salaried,103200.0,547.0,4,54100.0,36,Personal,East,2023-10-05,Rejected,
LN101429,56,Male,Married,Post Graduate,Business Owner,116100.0,665.0,4,43000.0,24,Debt Consolidation,North,2023-12-31,Approved,0
LN100354,64,Female,Single,Not Graduate,Business Owner,70200.0,657.0,0,30000.0,36,Debt Consolidation,South,2023-04-02,Approved,1
LN102975,42,Male,Married,Graduate,Self-Employed,87400.0,575.0,3,21200.0,24,Medical,East,2024-03-08,Approved,0
LN101038,40,Female,Married,Graduate,Salaried,61900.0,659.0,1,27300.0,36,Debt Consolidation,Central,2023-01-11,Rejected,
LN102329,27,Female,Single,Post Graduate,Self-Employed,62700.0,634.0,0,12800.0,48,Auto,South,2023-10-03,Approved,0
LN102659,28,Male,Married,Graduate,Business Owner,43200.0,492.0,1,13800.0,24,Home Improvement,North,2023-11-04,Rejected,
LN102176,25,Female,Married,Graduate,Salaried,47800.0,718.0,0,11400.0,36,Education,East,2024-04-24,Rejected,
LN101192,28,Female,Widowed,Not Graduate,Business Owner,12000.0,661.0,1,5200.0,48,Business,South,2023-11-26,Rejected,
LN103050,58,Male,Married,Graduate,Business Owner,53600.0,766.0,3,28600.0,12,Personal,North,2024-01-27,Approved,0
LN102405,58,Male,Married,Graduate,Self-Employed,38100.0,761.0,0,15300.0,36,Home Improvement,North,2023-08-22,Rejected,
LN100058,54,Male,Single,Not Graduate,Self-Employed,68000.0,601.0,3,27900.0,24,Home Improvement,East,2023-03-08,Rejected,
LN102719,28,Male,Single,Not Graduate,Salaried,84800.0,714.0,3,15500.0,24,Medical,North,2023-02-25,Approved,0
LN102187,32,Male,Single,Graduate,Business Owner,67600.0,814.0,3,15000.0,48,Education,North,2024-02-23,Approved,0
LN102095,56,Female,Single,Not Graduate,Salaried,49200.0,641.0,2,11100.0,48,Medical,North,2023-06-16,Rejected,
LN101531,21,Female,Widowed,Not Graduate,Salaried,46500.0,633.0,1,7400.0,36,Personal,West,2024-02-19,Rejected,
LN101846,39,Female,Single,Post Graduate,Salaried,76400.0,765.0,4,42800.0,48,Home Improvement,North,2023-03-06,Rejected,
LN100214,54,Female,Single,Graduate,Salaried,30900.0,565.0,4,18900.0,36,Home Improvement,Central,2023-07-07,Rejected,
LN101715,60,Male,Married,Graduate,Salaried,26500.0,570.0,3,16200.0,24,Home Improvement,West,2023-04-12,Rejected,
LN101171,49,Female,Single,Not Graduate,Salaried,37000.0,573.0,2,9000.0,48,Personal,South,2024-09-20,Rejected,
LN102494,39,Male,Married,Post Graduate,Salaried,53500.0,655.0,0,28100.0,36,Education,South,2023-02-01,Rejected,
LN101554,41,Male,Single,Graduate,Salaried,30700.0,777.0,0,9300.0,48,Business,West,2023-02-08,Approved,0
LN102280,55,Female,Married,Not Graduate,Salaried,125400.0,627.0,1,42500.0,24,Business,South,2023-09-26,Approved,0
LN100735,51,Female,Married,Graduate,Salaried,98100.0,623.0,0,32300.0,12,Debt Consolidation,Central,2023-03-01,Rejected,
LN100720,27,Male,Married,Post Graduate,Business Owner,49500.0,641.0,0,19900.0,48,Medical,East,2024-01-26,Rejected,
LN102425,46,Female,Single,Graduate,Salaried,120900.0,551.0,0,51800.0,36,Debt Consolidation,East,2024-10-26,Rejected,
LN100453,22,Male,Married,Post Graduate,Self-Employed,83200.0,554.0,2,48300.0,36,Home Improvement,West,2023-09-08,Rejected,
LN102310,33,Female,Widowed,Graduate,Salaried,50300.0,752.0,1,21200.0,24,Education,Central,2023-10-27,Rejected,
LN102411,23,Male,Married,Graduate,Self-Employed,46500.0,492.0,0,10500.0,12,Debt Consolidation,East,2024-11-05,Rejected,
LN100884,57,Female,Married,Graduate,Business Owner,63300.0,717.0,3,31800.0,24,Debt Consolidation,South,2024-01-08,Approved,0
LN100213,41,Male,Married,Not Graduate,Self-Employed,27200.0,619.0,3,13100.0,84,Auto,East,2023-07-03,Rejected,
LN101704,62,Female,Married,Graduate,Salaried,87800.0,636.0,3,17100.0,36,Home Improvement,North,2023-10-14,Approved,0
LN101483,26,Female,Single,Not Graduate,Salaried,54400.0,611.0,0,10000.0,24,Medical,North,2024-12-01,Rejected,
LN101083,46,Female,Widowed,Graduate,Salaried,97200.0,632.0,0,32900.0,48,Medical,South,2024-04-11,Approved,0
LN100341,34,Female,Married,Not Graduate,Salaried,68100.0,672.0,3,11300.0,12,Personal,North,2024-07-02,Approved,0
LN100147,31,Female,Married,Graduate,Salaried,45900.0,699.0,1,19900.0,36,Home Improvement,East,2024-07-27,Rejected,
LN101090,43,Female,Widowed,Not Graduate,Self-Employed,83700.0,721.0,0,29900.0,36,Education,East,2024-11-29,Approved,0
LN102607,32,Male,Married,Post Graduate,Salaried,78500.0,684.0,1,43700.0,60,Debt Consolidation,East,2024-08-17,Approved,0
LN101167,38,Female,Single,Graduate,Salaried,26900.0,708.0,1,7700.0,24,Home Improvement,Central,2023-12-19,Rejected,
LN101803,32,Female,Single,Not Graduate,Self-Employed,69600.0,609.0,4,35200.0,36,Auto,West,2024-07-15,Rejected,
LN100217,25,Female,Married,Not Graduate,Self-Employed,78400.0,656.0,0,30300.0,36,Home Improvement,West,2024-05-17,Rejected,
LN102418,33,Male,Single,Graduate,Salaried,63300.0,714.0,0,8300.0,36,Education,South,2024-12-02,Rejected,
LN103089,42,Female,Married,Not Graduate,Salaried,25900.0,696.0,2,16600.0,36,Home Improvement,South,2024-05-01,Approved,0
LN100452,43,Female,Single,Graduate,Self-Employed,84900.0,745.0,0,45500.0,24,Medical,South,2024-06-05,Approved,0
LN101276,50,Male,Married,Post Graduate,Self-Employed,73400.0,669.0,3,41800.0,84,Education,South,2024-11-05,Approved,0
LN101267,37,Female,Single,Post Graduate,Salaried,64800.0,707.0,1,12200.0,60,Business,East,2023-02-24,Rejected,
LN101358,25,Male,Single,Not Graduate,Salaried,72600.0,585.0,0,33400.0,60,Debt Consolidation,South,2023-04-12,Rejected,
LN100780,60,Male,Married,Not Graduate,Self-Employed,29200.0,706.0,0,13800.0,60,Medical,North,2023-05-22,Approved,0
LN101576,45,Male,Single,Graduate,Salaried,82200.0,655.0,2,19500.0,36,Education,South,2023-12-09,Approved,0
LN100767,42,Male,Single,Post Graduate,Salaried,40200.0,745.0,4,15100.0,84,Business,East,2024-12-10,Rejected,
LN101707,62,Male,Single,Post Graduate,Business Owner,100400.0,730.0,2,60200.0,48,Medical,South,2023-01-25,Approved,0
LN101875,26,Female,Single,Graduate,Business Owner,53600.0,592.0,4,22500.0,36,Medical,South,2023-05-24,Rejected,
LN101991,40,Male,Single,Graduate,Salaried,62700.0,686.0,2,11900.0,36,Debt Consolidation,West,2024-01-01,Approved,0
LN101558,65,Female,Married,Not Graduate,Salaried,84200.0,575.0,3,38100.0,24,Debt Consolidation,South,2023-01-29,Rejected,
LN100032,25,Female,Married,Not Graduate,Salaried,48400.0,627.0,1,14300.0,24,Business,East,2023-10-26,Approved,0
LN102224,39,Female,Single,Not Graduate,Self-Employed,46800.0,668.0,3,28700.0,24,Debt Consolidation,South,2023-08-01,Rejected,
LN102142,64,Male,Married,Graduate,Salaried,71900.0,606.0,2,40200.0,24,Debt Consolidation,South,2023-05-13,Rejected,
LN102259,65,Male,Married,Post Graduate,Self-Employed,49900.0,529.0,4,13300.0,24,Auto,West,2023-02-08,Rejected,
LN102227,62,Male,Single,Graduate,Self-Employed,60000.0,510.0,4,17200.0,24,Home Improvement,East,2023-12-29,Rejected,
LN101216,43,Male,Single,Post Graduate,Business Owner,63800.0,614.0,4,33000.0,60,Auto,West,2024-01-14,Rejected,
LN100626,36,Female,Widowed,Graduate,Self-Employed,40600.0,580.0,4,11400.0,48,Business,West,2023-07-11,Rejected,
LN100786,22,Female,Married,Not Graduate,Salaried,35000.0,515.0,0,17200.0,36,Business,Central,2023-12-25,Rejected,
LN102575,35,Female,Single,Not Graduate,Salaried,31900.0,575.0,3,14200.0,36,Business,Central,2023-11-06,Rejected,
LN102332,33,Female,Single,Not Graduate,Salaried,19900.0,525.0,1,3300.0,48,Business,North,2023-11-22,Rejected,
LN100075,42,Female,Married,Graduate,Salaried,75900.0,712.0,0,22800.0,24,Education,East,2023-11-11,Rejected,
LN102911,25,Female,Married,Not Graduate,Self-Employed,38600.0,546.0,1,14700.0,24,Auto,South,2024-08-21,Rejected,
LN101294,63,Female,Widowed,Graduate,Salaried,69000.0,663.0,4,31200.0,36,Personal,South,2023-12-25,Approved,0
LN102264,25,Female,Single,Graduate,Self-Employed,58800.0,644.0,2,20200.0,60,Auto,West,2024-03-27,Approved,0
LN102114,54,Male,Married,Graduate,Salaried,75600.0,665.0,4,36900.0,36,Personal,North,2024-01-05,Rejected,
LN101141,36,Male,Married,Post Graduate,Salaried,78000.0,593.0,4,44700.0,24,Personal,North,2023-12-14,Rejected,
LN100150,59,Female,Single,Not Graduate,Salaried,39500.0,655.0,0,22400.0,36,Personal,West,2023-09-20,Approved,0
LN102519,65,Female,Single,Post Graduate,Salaried,85500.0,804.0,0,21700.0,36,Education,North,2024-05-30,Approved,0
LN103084,36,Female,Single,Graduate,Self-Employed,95900.0,627.0,3,25100.0,24,Business,East,2023-03-03,Approved,0
LN101432,28,Male,Married,Not Graduate,Salaried,71200.0,655.0,2,37500.0,84,Education,East,2024-08-28,Approved,0
LN102513,54,Female,Married,Graduate,Salaried,65000.0,647.0,1,31800.0,48,Debt Consolidation,West,2024-11-12,Approved,0
LN100484,41,Female,Single,Not Graduate,Business Owner,70600.0,683.0,2,13200.0,12,Business,North,2024-12-10,Rejected,
LN101982,23,Male,Married,Post Graduate,Salaried,73400.0,666.0,0,37000.0,12,Medical,Central,2023-05-31,Rejected,
LN101277,55,Male,Single,Graduate,Self-Employed,89900.0,652.0,1,50200.0,36,Debt Consolidation,North,2023-09-13,Rejected,
LN100838,21,Female,Single,Graduate,Business Owner,65800.0,655.0,2,27000.0,48,Business,South,2024-07-19,Approved,0
LN100871,30,Male,Divorced,Post Graduate,Salaried,116000.0,769.0,1,32500.0,36,Business,North,2023-04-13,Approved,0
LN100649,59,Male,Married,Not Graduate,Salaried,77100.0,514.0,0,44000.0,60,Business,East,2024-05-01,Rejected,
LN101490,33,Male,Married,Graduate,Salaried,73100.0,726.0,2,19400.0,36,Auto,East,2023-06-24,Rejected,
LN102666,31,Female,Single,Graduate,Salaried,79000.0,679.0,2,50300.0,36,Debt Consolidation,West,2023-06-12,Approved,0
LN101218,57,Female,Married,Not Graduate,Salaried,53000.0,634.0,2,22300.0,60,Debt Consolidation,South,2023-07-29,Rejected,
LN100569,46,Female,Single,Not Graduate,Salaried,35500.0,569.0,2,18600.0,24,Education,South,2023-11-07,Rejected,
LN100852,64,Female,Married,Graduate,Salaried,52700.0,668.0,2,9100.0,84,Debt Consolidation,South,2023-05-14,Approved,0
LN101353,62,Female,Single,Not Graduate,Self-Employed,30000.0,593.0,4,19000.0,36,Debt Consolidation,North,2024-03-15,Rejected,
LN100517,23,Male,Divorced,Graduate,Business Owner,93600.0,740.0,4,19900.0,24,Home Improvement,Central,2024-07-17,Approved,0
LN102347,54,Male,Married,Not Graduate,Salaried,72700.0,582.0,2,28000.0,36,Business,Central,2023-01-11,Rejected,
LN101312,56,Female,Single,Graduate,Salaried,76900.0,522.0,1,40100.0,24,Auto,South,2023-07-23,Rejected,
LN102431,44,Male,Single,Not Graduate,Business Owner,17000.0,612.0,0,3000.0,84,Education,South,2024-09-11,Rejected,
LN102812,29,Female,Married,Graduate,Business Owner,44800.0,678.0,3,26300.0,36,Business,North,2023-04-03,Rejected,
LN101442,63,Female,Single,Not Graduate,Salaried,66600.0,601.0,4,32800.0,36,Home Improvement,West,2023-11-26,Approved,0
LN100192,48,Male,Married,Graduate,Business Owner,73000.0,567.0,0,14900.0,36,Medical,Central,2023-05-19,Rejected,
LN101134,48,Male,Single,Graduate,Salaried,98700.0,665.0,3,34800.0,12,Education,Central,2024-04-18,Approved,0
LN101617,43,Male,Single,Graduate,Business Owner,62200.0,750.0,4,26600.0,36,Debt Consolidation,East,2023-08-04,Approved,0
LN102732,62,Male,Married,Not Graduate,Self-Employed,35600.0,758.0,1,22300.0,36,Home Improvement,North,2024-03-21,Rejected,
LN102887,23,Male,Married,Post Graduate,Salaried,74100.0,615.0,1,11700.0,60,Auto,West,2024-10-11,Rejected,
LN100072,41,Female,Married,Graduate,Salaried,55000.0,539.0,0,12300.0,24,Business,West,2024-04-02,Approved,0
LN102234,47,Male,Single,Not Graduate,Business Owner,60100.0,525.0,2,11800.0,24,Auto,West,2024-01-23,Rejected,
LN101776,35,Male,Married,Graduate,Self-Employed,73200.0,745.0,3,15700.0,36,Debt Consolidation,West,2024-06-24,Approved,0
LN100762,63,Female,Single,Graduate,Business Owner,51200.0,698.0,3,27800.0,24,Education,South,2024-08-27,Approved,0
LN102960,62,Female,Single,Graduate,Self-Employed,80000.0,699.0,2,27100.0,48,Personal,South,2023-02-20,Approved,0
LN100089,58,Male,Widowed,Graduate,Salaried,12000.0,574.0,1,6200.0,60,Personal,Central,2024-06-16,Rejected,
LN103178,30,Male,Divorced,Post Graduate,Business Owner,42700.0,738.0,1,25000.0,36,Debt Consolidation,North,2024-09-14,Rejected,
LN100977,46,Male,Married,Post Graduate,Business Owner,29900.0,677.0,2,6000.0,24,Medical,East,2023-11-20,Approved,0
LN100017,26,Female,Married,Not Graduate,Salaried,100700.0,652.0,0,37600.0,48,Personal,East,2024-05-19,Rejected,
LN102931,51,Male,Married,Not Graduate,Salaried,37800.0,655.0,0,6900.0,36,Auto,West,2024-11-25,Rejected,
LN101827,65,Male,Married,Graduate,Self-Employed,124600.0,507.0,3,44900.0,48,Business,South,2024-06-10,Rejected,
LN100664,47,Female,Single,Graduate,Salaried,12000.0,613.0,0,3100.0,48,Medical,West,2024-09-16,Rejected,
LN102440,37,Female,Married,Graduate,Salaried,27400.0,637.0,1,5900.0,24,Education,East,2024-12-06,Rejected,
LN102921,55,Male,Divorced,Not Graduate,Salaried,48300.0,713.0,4,25400.0,24,Debt Consolidation,Central,2023-09-21,Rejected,
LN100115,46,Female,Married,Post Graduate,Salaried,100100.0,668.0,3,43800.0,12,Business,West,2023-03-14,Approved,0
LN101631,61,Male,Married,Post Graduate,Self-Employed,55600.0,571.0,2,19800.0,36,Personal,South,2023-02-20,Rejected,
LN100847,23,Male,Single,Not Graduate,Salaried,75500.0,641.0,0,27200.0,48,Debt Consolidation,West,2023-09-09,Approved,0
LN101805,23,Female,Single,Post Graduate,Self-Employed,99000.0,725.0,2,18000.0,12,Business,West,2024-09-15,Approved,0
LN100751,27,Male,Single,Graduate,Self-Employed,54200.0,655.0,2,11800.0,48,Home Improvement,South,2023-06-06,Rejected,
LN101223,50,Female,Divorced,Not Graduate,Salaried,12000.0,603.0,1,3000.0,60,Education,North,2024-04-21,Rejected,
LN101298,44,Female,Married,Not Graduate,Salaried,51800.0,600.0,2,15400.0,60,Business,West,2023-02-22,Rejected,
LN102203,36,Male,Married,Graduate,Self-Employed,96500.0,712.0,3,32000.0,36,Business,Central,2024-01-28,Approved,0
LN100262,34,Female,Single,Post Graduate,Self-Employed,108600.0,706.0,4,62800.0,36,Business,South,2024-11-28,Approved,0
LN100524,35,Male,Single,Graduate,Salaried,49900.0,676.0,1,25200.0,48,Education,South,2024-10-11,Approved,0
LN101680,63,Female,Married,Not Graduate,Salaried,63300.0,662.0,4,8900.0,60,Home Improvement,East,2023-12-05,Rejected,
LN100868,41,Female,Married,Graduate,Salaried,57800.0,635.0,1,30500.0,24,Business,West,2024-09-01,Rejected,
LN101681,21,Male,Married,Graduate,Self-Employed,82300.0,647.0,4,25000.0,48,Debt Consolidation,West,2023-05-04,Rejected,
LN100945,26,Male,Single,Not Graduate,Salaried,33200.0,613.0,1,16500.0,24,Business,East,2024-12-14,Rejected,
LN100298,33,Male,Married,Graduate,Self-Employed,61300.0,724.0,3,12700.0,48,Personal,West,2024-01-13,Rejected,
LN102609,58,Male,Single,Not Graduate,Salaried,27200.0,850.0,3,11100.0,48,Auto,North,2024-11-15,Approved,0
LN101193,52,Female,Divorced,Graduate,Salaried,75400.0,639.0,1,11400.0,60,Business,South,2024-12-07,Approved,0
LN102380,29,Male,Single,Not Graduate,Salaried,64100.0,549.0,3,20400.0,48,Home Improvement,South,2024-03-19,Rejected,
LN102644,41,Female,Single,Not Graduate,Business Owner,56500.0,622.0,1,12700.0,24,Education,West,2024-12-08,Rejected,
LN100760,28,Female,Divorced,Not Graduate,Self-Employed,76100.0,643.0,4,22800.0,84,Home Improvement,North,2023-07-22,Rejected,
LN100512,58,Male,Single,Not Graduate,Salaried,81000.0,692.0,0,40400.0,36,Debt Consolidation,North,2024-10-15,Approved,1
LN100037,58,Female,Single,Graduate,Business Owner,94900.0,771.0,4,35700.0,36,Debt Consolidation,Central,2024-09-13,Approved,0
LN102566,57,Male,Single,Graduate,Self-Employed,73200.0,810.0,2,39100.0,48,Home Improvement,South,2024-04-30,Approved,0
LN102692,61,Male,Married,Graduate,Business Owner,117600.0,646.0,4,38100.0,12,Education,South,2023-06-16,Rejected,
LN101470,61,Male,Married,Not Graduate,Salaried,43100.0,546.0,4,19400.0,36,Debt Consolidation,East,2023-09-17,Rejected,
LN100398,33,Male,Married,Post Graduate,Business Owner,58800.0,593.0,3,22000.0,60,Business,North,2024-05-26,Rejected,
LN101610,55,Male,Single,Post Graduate,Business Owner,109100.0,603.0,1,46900.0,36,Auto,South,2024-08-07,Rejected,
LN101257,45,Female,Married,Post Graduate,Salaried,104400.0,825.0,4,40000.0,12,Home Improvement,South,2024-04-20,Approved,0
LN101324,59,Male,Single,Graduate,Self-Employed,48600.0,689.0,4,16100.0,24,Debt Consolidation,North,2024-12-15,Rejected,
LN101600,34,Female,Single,Not Graduate,Salaried,46500.0,554.0,1,28300.0,36,Home Improvement,East,2024-07-12,Approved,0
LN101443,40,Female,Married,Graduate,Salaried,67800.0,646.0,1,16500.0,24,Business,North,2023-03-14,Approved,0
LN103045,60,Female,Single,Post Graduate,Salaried,92500.0,491.0,0,41400.0,60,Education,South,2023-12-13,Rejected,
LN102307,27,Male,Married,Graduate,Business Owner,61800.0,710.0,1,26000.0,36,Home Improvement,East,2024-05-29,Approved,0
LN100395,60,Female,Widowed,Not Graduate,Salaried,86100.0,548.0,4,29800.0,36,Business,West,2023-04-08,Approved,0
LN100094,61,Female,Married,Graduate,Self-Employed,63300.0,676.0,2,12100.0,48,Business,North,2023-07-04,Rejected,
LN100858,51,Male,Single,Graduate,Salaried,45600.0,623.0,4,10600.0,84,Medical,North,2023-10-18,Rejected,
LN101512,54,Female,Widowed,Graduate,Self-Employed,64600.0,672.0,4,36200.0,60,Business,South,2023-04-03,Approved,0
LN102668,24,Female,Married,Graduate,Salaried,72500.0,665.0,2,37100.0,36,Business,South,2023-09-30,Approved,0
LN101884,48,Female,Single,Graduate,Self-Employed,61300.0,580.0,2,20200.0,24,Medical,North,2024-06-04,Approved,0
LN101180,48,Male,Married,Graduate,Business Owner,55300.0,653.0,2,27800.0,12,Debt Consolidation,North,2023-05-12,Rejected,
LN101693,38,Female,Single,Graduate,Salaried,106000.0,712.0,3,32300.0,36,Debt Consolidation,Central,2023-06-02,Approved,0
LN100009,25,Female,Married,Not Graduate,Salaried,83500.0,641.0,3,22300.0,36,Auto,East,2024-04-12,Rejected,
LN103173,36,Female,Single,Post Graduate,Salaried,77200.0,651.0,2,14500.0,24,Debt Consolidation,East,2023-12-22,Rejected,
LN101039,58,Male,Single,Graduate,Business Owner,47600.0,510.0,0,27500.0,36,Business,South,2024-06-29,Rejected,
LN102821,58,Male,Married,Graduate,Salaried,64000.0,668.0,1,33300.0,24,Home Improvement,South,2024-08-29,Rejected,
LN102708,53,Female,Married,Not Graduate,Self-Employed,27000.0,640.0,4,14100.0,84,Home Improvement,South,2024-03-10,Rejected,
LN101104,34,Female,Married,Not Graduate,Self-Employed,45400.0,816.0,3,9500.0,12,Business,South,2024-05-17,Rejected,
LN100196,36,Female,Single,Not Graduate,Business Owner,15600.0,635.0,2,10000.0,48,Auto,West,2024-07-02,Rejected,
LN102244,52,Female,Widowed,Graduate,Salaried,43000.0,644.0,4,23000.0,24,Debt Consolidation,East,2023-12-25,Rejected,
LN100407,27,Male,Divorced,Not Graduate,Salaried,38300.0,703.0,4,12700.0,48,Auto,Central,2023-07-02,Rejected,
LN101584,49,Male,Single,Post Graduate,Self-Employed,62800.0,711.0,2,11500.0,60,Personal,South,2024-02-28,Rejected,
LN100661,54,Female,Single,Graduate,Salaried,620800.0,650.0,4,304500.0,36,Education,South,2023-11-28,Approved,0
LN100578,61,Male,Single,Not Graduate,Salaried,65400.0,688.0,1,40100.0,48,Home Improvement,Central,2023-02-16,Approved,0
LN102254,34,Female,Single,Not Graduate,Salaried,83200.0,714.0,0,50700.0,48,Business,North,2024-12-06,Approved,0
LN102361,54,Male,Married,Not Graduate,Salaried,55000.0,642.0,1,18900.0,36,Medical,West,2023-11-11,Approved,0
LN101206,44,Male,Married,Not Graduate,Self-Employed,51200.0,522.0,4,28100.0,24,Education,Central,2023-12-03,Rejected,
LN102453,42,Female,Married,Graduate,Salaried,41600.0,760.0,0,6400.0,24,Personal,South,2024-02-11,Rejected,
LN100317,53,Female,Married,Post Graduate,Self-Employed,39500.0,621.0,2,9300.0,24,Auto,Central,2023-09-14,Rejected,
LN101876,31,Female,Married,Post Graduate,Self-Employed,41500.0,650.0,0,17900.0,60,Business,South,2024-10-03,Approved,0
LN102441,21,Female,Single,Graduate,Business Owner,49400.0,764.0,3,14100.0,24,Personal,Central,2024-05-12,Rejected,
LN101782,22,Female,Married,Not Graduate,Business Owner,73500.0,549.0,0,31500.0,36,Education,Central,2023-02-06,Rejected,
LN101029,36,Male,Married,Graduate,Salaried,82200.0,695.0,3,19200.0,48,Business,North,2024-01-20,Approved,0
LN100770,50,Female,Single,Graduate,Business Owner,95200.0,704.0,1,19400.0,36,Business,North,2024-10-28,Rejected,
LN100983,50,Male,Divorced,Post Graduate,Salaried,88500.0,719.0,4,33800.0,48,Medical,East,2024-09-06,Approved,0
LN101448,54,Female,Married,Graduate,Salaried,84900.0,531.0,4,26200.0,12,Auto,West,2023-08-31,Rejected,
LN101164,44,Male,Married,Graduate,Salaried,54800.0,674.0,4,14800.0,48,Home Improvement,South,2023-10-23,Rejected,
LN100544,58,Male,Single,Graduate,Salaried,27700.0,629.0,4,15600.0,48,Personal,East,2023-12-01,Rejected,
LN101583,39,Male,Married,Post Graduate,Self-Employed,42600.0,722.0,2,25000.0,60,Education,West,2023-08-06,Approved,0
LN102020,34,Female,Married,Graduate,Self-Employed,92200.0,623.0,4,32300.0,48,Education,Central,2024-04-11,Approved,0
LN102750,32,Male,Divorced,Graduate,Business Owner,92500.0,794.0,1,23400.0,24,Personal,East,2023-02-24,Rejected,
LN100546,40,Male,Married,Not Graduate,Salaried,35800.0,801.0,4,12200.0,36,Education,South,2024-01-01,Approved,0
LN101351,38,Female,Married,Not Graduate,Salaried,68700.0,639.0,0,14300.0,60,Auto,East,2023-02-24,Approved,0
LN101238,34,Male,Single,Not Graduate,Self-Employed,46500.0,549.0,3,20900.0,24,Education,West,2023-12-29,Rejected,
LN101506,62,Male,Married,Not Graduate,Salaried,26500.0,750.0,4,6800.0,36,Debt Consolidation,South,2024-02-09,Approved,0
LN102180,52,Male,Widowed,Post Graduate,Salaried,65100.0,722.0,4,28900.0,24,Education,North,2024-12-06,Approved,0
LN102367,28,Male,Single,Graduate,Salaried,64100.0,583.0,0,38500.0,36,Home Improvement,South,2023-03-31,Approved,1
LN102867,28,Female,Single,Graduate,Business Owner,62500.0,704.0,2,30300.0,36,Medical,South,2024-11-24,Rejected,
LN100635,51,Male,Single,Graduate,Business Owner,88600.0,632.0,4,14700.0,36,Auto,Central,2023-04-20,Approved,0
LN101222,64,Male,Single,Graduate,Self-Employed,88500.0,546.0,0,28100.0,60,Personal,South,2024-04-11,Rejected,
LN100590,57,Male,Married,Not Graduate,Business Owner,94000.0,705.0,3,33200.0,60,Business,North,2023-11-08,Approved,0
LN101398,22,Male,Married,Not Graduate,Salaried,92100.0,552.0,2,28000.0,84,Debt Consolidation,West,2023-11-29,Rejected,
LN102384,29,Male,Single,Not Graduate,Self-Employed,46300.0,651.0,1,30100.0,36,Debt Consolidation,South,2023-06-29,Approved,0
LN102294,53,Female,Married,Graduate,Salaried,75800.0,576.0,4,23400.0,36,Medical,Central,2024-03-31,Rejected,
LN100108,42,Male,Married,Not Graduate,Salaried,75400.0,543.0,3,14000.0,24,Home Improvement,Central,2024-10-26,Rejected,
LN101779,51,Female,Widowed,Post Graduate,Business Owner,44000.0,649.0,4,15600.0,48,Home Improvement,West,2023-11-25,Rejected,
LN101179,22,Male,Married,Graduate,Salaried,56700.0,473.0,4,19200.0,48,Debt Consolidation,South,2023-10-20,Rejected,
LN100718,31,Female,Single,Not Graduate,Salaried,43500.0,734.0,0,9300.0,84,Debt Consolidation,West,2024-01-11,Rejected,
LN101611,27,Female,Married,Not Graduate,Self-Employed,61000.0,850.0,3,35900.0,24,Business,West,2024-03-06,Approved,0
LN102617,23,Male,Divorced,Not Graduate,Business Owner,29200.0,695.0,4,13300.0,24,Education,West,2024-04-14,Approved,0
LN102891,46,Male,Married,Graduate,Self-Employed,47500.0,731.0,4,23200.0,36,Auto,East,2024-11-05,Approved,0
LN101642,41,Female,Divorced,Post Graduate,Salaried,57400.0,521.0,0,16400.0,24,Personal,North,2023-11-04,Rejected,
LN101659,32,Male,Married,Graduate,Self-Employed,103300.0,625.0,0,17200.0,36,Home Improvement,East,2023-02-24,Approved,0
LN100993,40,Male,Single,Graduate,Salaried,50500.0,554.0,2,21100.0,36,Auto,North,2024-11-21,Rejected,
LN102777,61,Male,Single,Graduate,Salaried,68500.0,665.0,4,43600.0,36,Medical,North,2023-09-28,Rejected,
LN101881,32,Female,Divorced,Graduate,Self-Employed,59200.0,613.0,4,19400.0,24,Business,West,2023-08-19,Approved,0
LN100712,53,Male,Married,Not Graduate,Salaried,36100.0,639.0,0,9200.0,36,Business,West,2024-09-28,Rejected,
LN101634,39,Male,Married,Not Graduate,Salaried,82600.0,744.0,1,26600.0,36,Auto,North,2024-03-20,Approved,0
LN100287,46,Male,Married,Post Graduate,Business Owner,92100.0,737.0,3,16800.0,24,Medical,Central,2024-05-24,Approved,0
LN101140,60,Male,Married,Graduate,Self-Employed,97400.0,710.0,4,56400.0,24,Auto,Central,2024-09-25,Approved,0
LN101871,30,Female,Single,Post Graduate,Salaried,70000.0,582.0,0,40200.0,60,Auto,East,2023-08-19,Rejected,
LN101609,26,Male,Single,Graduate,Salaried,76600.0,593.0,2,20600.0,60,Home Improvement,North,2024-01-05,Rejected,
LN101732,52,Male,Married,Post Graduate,Self-Employed,82700.0,718.0,0,49900.0,48,Home Improvement,West,2023-03-21,Rejected,
LN101905,32,Female,Married,Not Graduate,Business Owner,68400.0,753.0,3,41500.0,36,Home Improvement,West,2023-09-07,Rejected,
LN102836,64,Female,Married,Graduate,Business Owner,32100.0,520.0,0,6700.0,60,Debt Consolidation,South,2024-10-04,Rejected,
LN102369,28,Male,Single,Post Graduate,Business Owner,79300.0,736.0,0,22600.0,12,Debt Consolidation,South,2024-03-07,Approved,0
LN101376,64,Female,Married,Post Graduate,Self-Employed,106000.0,744.0,3,62800.0,12,Medical,North,2024-02-08,Approved,0
LN102863,48,Male,Divorced,Graduate,Salaried,63300.0,850.0,1,18100.0,24,Auto,Central,2023-01-25,Approved,0
LN100744,56,Female,Married,Not Graduate,Salaried,56600.0,619.0,2,8900.0,36,Auto,West,2024-03-19,Rejected,
LN101297,51,Male,Married,Post Graduate,Salaried,84100.0,742.0,4,50500.0,36,Debt Consolidation,West,2024-05-03,Approved,1
LN102840,40,Male,Single,Not Graduate,Self-Employed,91200.0,617.0,0,14400.0,48,Business,South,2023-08-22,Rejected,
LN100991,45,Male,Married,Graduate,Salaried,71800.0,757.0,4,34300.0,48,Personal,North,2024-08-04,Approved,0
LN100200,37,Female,Single,Graduate,Business Owner,38300.0,843.0,3,10100.0,24,Auto,South,2024-01-03,Approved,0
LN102063,53,Female,Single,Graduate,Salaried,59500.0,652.0,3,10200.0,36,Home Improvement,West,2024-03-10,Approved,0
LN101651,21,Female,Single,Post Graduate,Salaried,58300.0,701.0,2,30200.0,48,Medical,South,2024-08-18,Rejected,
LN103082,33,Female,Single,Graduate,Business Owner,63400.0,614.0,1,28100.0,36,Home Improvement,East,2023-10-28,Rejected,
LN101051,37,Female,Divorced,Not Graduate,Salaried,37000.0,661.0,3,16300.0,12,Business,South,2023-09-11,Rejected,
LN102496,57,Female,Married,Graduate,Salaried,71000.0,590.0,1,32500.0,24,Debt Consolidation,West,2023-07-14,Rejected,
LN101873,63,Male,Married,Graduate,Salaried,43100.0,569.0,2,18500.0,48,Auto,West,2023-01-01,Rejected,
LN100525,34,Male,Single,Post Graduate,Salaried,69400.0,666.0,2,18800.0,36,Medical,South,2023-07-18,Approved,0
LN101523,27,Female,Single,Not Graduate,Salaried,19300.0,815.0,0,11900.0,84,Personal,North,2024-05-22,Approved,0
LN102915,40,Male,Single,Post Graduate,Salaried,85100.0,615.0,4,26100.0,24,Debt Consolidation,Central,2023-03-12,Rejected,
LN102268,26,Female,Married,Not Graduate,Salaried,60700.0,773.0,0,16200.0,48,Debt Consolidation,Central,2023-05-06,Approved,0
LN100807,25,Male,Married,Not Graduate,Business Owner,50900.0,760.0,0,17500.0,48,Debt Consolidation,North,2024-12-05,Approved,0
LN100506,44,Female,Widowed,Not Graduate,Self-Employed,19700.0,608.0,4,3200.0,36,Auto,North,2023-10-28,Rejected,
LN100479,25,Male,Married,Post Graduate,Salaried,102300.0,480.0,3,26100.0,24,Business,North,2023-12-02,Rejected,
LN100687,47,Female,Single,Graduate,Salaried,70200.0,534.0,1,16000.0,48,Business,East,2023-09-10,Rejected,
LN101321,33,Male,Single,Graduate,Self-Employed,98200.0,724.0,2,54500.0,48,Business,South,2024-06-10,Approved,0
LN101431,29,Male,Married,Graduate,Business Owner,59200.0,715.0,2,19400.0,24,Education,North,2024-05-03,Approved,1
LN100396,23,Male,Married,Not Graduate,Salaried,52400.0,683.0,4,8000.0,84,Personal,South,2024-11-26,Rejected,
LN102806,33,Female,Married,Graduate,Business Owner,66400.0,839.0,3,36800.0,36,Personal,Central,2024-03-07,Approved,0
LN101549,21,Male,Married,Graduate,Salaried,81400.0,647.0,0,39200.0,60,Auto,Central,2023-05-01,Rejected,
LN101699,64,Male,Married,Graduate,Salaried,30600.0,480.0,1,16000.0,36,Auto,Central,2023-07-30,Rejected,
LN100492,54,Female,Divorced,Graduate,Salaried,32000.0,720.0,3,5800.0,24,Medical,North,2023-12-31,Rejected,
LN101102,62,Male,Single,Graduate,Business Owner,82700.0,507.0,0,36200.0,12,Medical,West,2023-07-24,Rejected,
LN101428,33,Female,Married,Not Graduate,Salaried,87300.0,604.0,1,31700.0,24,Business,South,2024-06-14,Rejected,
LN100891,52,Male,Single,Not Graduate,Salaried,31200.0,670.0,0,9400.0,24,Personal,North,2023-04-04,Rejected,
LN100602,54,Male,Married,Graduate,Business Owner,60400.0,704.0,0,13600.0,48,Debt Consolidation,South,2024-02-17,Rejected,
LN100240,27,Male,Single,Graduate,Salaried,652000.0,631.0,3,175800.0,24,Home Improvement,Central,2023-01-05,Rejected,
LN100897,23,Male,Divorced,Graduate,Salaried,78200.0,708.0,3,24200.0,36,Business,West,2024-05-16,Approved,0
LN101078,39,Female,Married,Graduate,Self-Employed,86400.0,570.0,0,21200.0,36,Medical,West,2023-04-01,Rejected,
LN100877,54,Male,Married,Not Graduate,Salaried,94200.0,704.0,1,23600.0,48,Medical,Central,2023-03-10,Approved,0
LN100448,44,Male,Single,Graduate,Salaried,35200.0,627.0,4,19500.0,24,Education,South,2024-10-11,Rejected,
LN102161,31,Male,Single,Not Graduate,Salaried,89700.0,573.0,0,56000.0,60,Auto,South,2024-11-17,Approved,0
LN102614,25,Female,Married,Not Graduate,Self-Employed,60900.0,572.0,0,12800.0,36,Debt Consolidation,West,2023-07-01,Rejected,
LN100013,55,Male,Divorced,Graduate,Salaried,69800.0,673.0,0,40700.0,48,Business,North,2024-03-11,Approved,0
LN103146,49,Female,Divorced,Graduate,Salaried,41900.0,632.0,0,23900.0,24,Business,Central,2024-01-18,Rejected,
LN101197,65,Male,Married,Graduate,Salaried,68000.0,600.0,2,29200.0,48,Business,Central,2024-06-18,Rejected,
LN102252,31,Male,Single,Post Graduate,Salaried,63600.0,589.0,0,12900.0,24,Debt Consolidation,North,2023-08-15,Approved,1
LN101251,39,Female,Married,Graduate,Business Owner,62800.0,704.0,3,24900.0,48,Auto,North,2024-01-03,Rejected,
LN102748,39,Female,Single,Graduate,Salaried,37200.0,704.0,1,14800.0,48,Education,North,2023-03-22,Rejected,
LN102021,50,Male,Divorced,Graduate,Self-Employed,69300.0,523.0,2,18400.0,84,Medical,South,2023-05-27,Rejected,
LN100376,54,Female,Single,Not Graduate,Salaried,61400.0,662.0,4,15900.0,60,Auto,North,2024-05-24,Rejected,
LN102694,63,Female,Divorced,Not Graduate,Salaried,82000.0,591.0,3,43700.0,12,Personal,North,2023-05-01,Rejected,
LN100263,62,Female,Single,Post Graduate,Salaried,70200.0,685.0,1,11600.0,36,Medical,South,2024-03-19,Approved,0
LN100615,49,Male,Married,Not Graduate,Business Owner,81500.0,646.0,0,46000.0,60,Medical,East,2024-10-02,Approved,0
LN100857,23,Male,Married,Post Graduate,Business Owner,77800.0,711.0,1,39500.0,84,Auto,East,2023-08-14,Approved,0
LN100503,60,Female,Single,Not Graduate,Self-Employed,42500.0,715.0,3,22800.0,48,Auto,West,2023-02-26,Rejected,
LN100057,27,Male,Married,Graduate,Salaried,95200.0,638.0,1,30400.0,12,Debt Consolidation,East,2024-11-29,Approved,0
LN100046,41,Male,Single,Not Graduate,Salaried,22300.0,639.0,0,11900.0,36,Auto,South,2023-10-17,Approved,0
LN101550,33,Male,Married,Post Graduate,Business Owner,100200.0,696.0,2,32200.0,48,Auto,East,2024-09-09,Approved,0
LN102433,35,Female,Single,Graduate,Salaried,63300.0,707.0,4,23500.0,60,Home Improvement,West,2023-11-14,Approved,0
LN100266,41,Female,Married,Post Graduate,Self-Employed,132100.0,671.0,1,67300.0,36,Debt Consolidation,West,2024-10-10,Approved,0
LN101593,21,Female,Single,Not Graduate,Salaried,68800.0,669.0,2,41200.0,84,Home Improvement,North,2023-08-29,Approved,0
LN102846,59,Male,Single,Not Graduate,Salaried,72100.0,631.0,0,41100.0,36,Auto,South,2024-01-30,Approved,0
LN101135,23,Female,Married,Not Graduate,Self-Employed,85000.0,443.0,4,42200.0,48,Debt Consolidation,South,2023-11-02,Rejected,
LN100232,21,Female,Single,Post Graduate,Business Owner,66100.0,669.0,1,11600.0,48,Medical,East,2023-12-24,Approved,0
LN102612,29,Female,Single,Post Graduate,Self-Employed,82900.0,696.0,1,28800.0,24,Debt Consolidation,South,2023-10-29,Approved,0
LN102765,45,Male,Divorced,Graduate,Salaried,61700.0,612.0,3,29000.0,36,Education,East,2023-10-15,Approved,0
LN102077,40,Female,Single,Graduate,Salaried,59800.0,638.0,2,30500.0,60,Medical,East,2024-07-10,Approved,0
LN101763,48,Female,Divorced,Graduate,Business Owner,35100.0,636.0,4,5400.0,36,Home Improvement,West,2024-04-11,Approved,0
LN101417,40,Male,Married,Not Graduate,Self-Employed,93900.0,788.0,0,24900.0,48,Home Improvement,North,2024-08-15,Approved,0
LN101252,24,Female,Divorced,Not Graduate,Self-Employed,63500.0,691.0,2,19400.0,24,Home Improvement,South,2023-02-25,Rejected,
LN101286,61,Male,Married,Post Graduate,Salaried,49100.0,693.0,2,22400.0,60,Home Improvement,North,2024-11-13,Approved,0
LN101210,49,Male,Married,Post Graduate,Self-Employed,73500.0,655.0,2,15800.0,36,Education,East,2023-10-28,Rejected,
LN101705,59,Male,Single,Graduate,Business Owner,90800.0,675.0,1,26500.0,60,Personal,West,2024-09-06,Rejected,
LN101163,44,Male,Single,Not Graduate,Salaried,49700.0,546.0,0,14100.0,48,Auto,North,2023-10-15,Rejected,
LN100785,47,Female,Widowed,Graduate,Salaried,42700.0,770.0,2,7300.0,60,Business,South,2023-03-16,Rejected,
LN102956,25,Female,Single,Post Graduate,Business Owner,81100.0,534.0,2,41700.0,60,Debt Consolidation,East,2023-05-15,Rejected,
LN100173,53,Male,Divorced,Not Graduate,Salaried,46400.0,681.0,4,7300.0,36,Home Improvement,South,2024-05-18,Rejected,
LN100141,30,Male,Single,Graduate,Salaried,77900.0,626.0,1,30600.0,48,Business,North,2023-08-15,Approved,0
LN100204,41,Female,Single,Graduate,Salaried,52700.0,690.0,2,13400.0,48,Business,South,2024-12-15,Approved,1
LN102156,40,Male,Single,Graduate,Salaried,53200.0,629.0,3,31400.0,12,Auto,North,2023-02-23,Rejected,
LN102196,34,Female,Married,Graduate,Salaried,84400.0,536.0,4,22300.0,12,Education,West,2024-09-22,Rejected,
LN102963,24,Female,Single,Not Graduate,Business Owner,12000.0,510.0,2,3900.0,60,Medical,North,2024-07-17,Rejected,
LN102920,35,Male,Single,Not Graduate,Self-Employed,69700.0,633.0,4,12900.0,36,Education,South,2024-07-03,Approved,1
LN100863,55,Female,Single,Not Graduate,Business Owner,44900.0,529.0,0,23000.0,48,Auto,East,2023-07-16,Rejected,
LN101068,36,Female,Single,Not Graduate,Salaried,19400.0,803.0,1,8800.0,36,Debt Consolidation,West,2023-04-05,Rejected,
LN101686,40,Female,Single,Post Graduate,Salaried,61300.0,599.0,2,18900.0,48,Home Improvement,Central,2023-03-08,Rejected,
LN101821,55,Male,Single,Post Graduate,Self-Employed,68400.0,591.0,0,42600.0,36,Personal,Central,2024-08-10,Approved,0
LN100681,27,Male,Single,Not Graduate,Business Owner,91900.0,542.0,4,32900.0,36,Debt Consolidation,South,2023-05-14,Rejected,
LN102202,22,Male,Married,Graduate,Salaried,111800.0,595.0,4,56400.0,48,Personal,North,2023-12-25,Rejected,
LN103138,42,Male,Single,Graduate,Salaried,17500.0,732.0,4,9100.0,24,Business,South,2024-03-05,Rejected,
LN102321,22,Male,Single,Not Graduate,Business Owner,50300.0,750.0,0,8800.0,36,Business,Central,2024-03-07,Rejected,
LN100845,21,Female,Single,Not Graduate,Business Owner,32600.0,580.0,0,10700.0,48,Medical,West,2024-08-10,Rejected,
LN102902,59,Female,Married,Graduate,Business Owner,43400.0,671.0,1,15400.0,36,Business,East,2024-05-18,Rejected,
LN101832,47,Female,Divorced,Not Graduate,Salaried,59200.0,629.0,0,20700.0,36,Education,South,2024-07-14,Rejected,
LN101674,53,Female,Single,Graduate,Salaried,53700.0,631.0,2,21600.0,36,Debt Consolidation,South,2023-10-03,Rejected,
LN100939,43,Female,Married,Post Graduate,Business Owner,86100.0,560.0,0,44300.0,12,Debt Consolidation,South,2024-02-03,Rejected,
LN101965,54,Female,Married,Graduate,Salaried,52400.0,715.0,2,9100.0,36,Medical,South,2024-02-09,Approved,0
LN100789,21,Male,Married,Post Graduate,Self-Employed,37700.0,695.0,1,21500.0,60,Auto,East,2023-11-29,Rejected,
LN101054,24,Female,Married,Post Graduate,Salaried,91900.0,642.0,2,43700.0,12,Medical,South,2023-01-28,Rejected,
LN101602,58,Female,Single,Not Graduate,Salaried,58000.0,731.0,2,22600.0,48,Business,East,2024-12-17,Approved,0
LN101723,53,Female,Single,Graduate,Salaried,44300.0,629.0,1,10200.0,36,Medical,East,2023-01-05,Rejected,
LN101170,49,Male,Married,Graduate,Business Owner,31700.0,649.0,0,7600.0,60,Debt Consolidation,East,2024-11-02,Rejected,
LN103088,31,Male,Married,Post Graduate,Salaried,96800.0,488.0,1,35400.0,48,Medical,North,2023-08-01,Rejected,
LN102401,46,Male,Single,Graduate,Salaried,54700.0,634.0,3,35300.0,24,Home Improvement,Central,2023-11-22,Approved,0
LN100268,48,Female,Single,Not Graduate,Business Owner,70600.0,725.0,3,34500.0,24,Business,North,2024-01-30,Approved,0
LN100903,60,Female,Married,Graduate,Salaried,86100.0,758.0,1,29500.0,36,Debt Consolidation,South,2024-12-10,Approved,0
LN101153,61,Male,Single,Post Graduate,Salaried,94400.0,577.0,0,35700.0,12,Business,East,2023-11-07,Rejected,
LN101096,58,Female,Single,Graduate,Salaried,71000.0,629.0,2,30700.0,48,Auto,North,2023-08-29,Rejected,
LN100511,54,Female,Single,Not Graduate,Salaried,53500.0,714.0,0,17600.0,12,Auto,West,2024-12-02,Approved,0
LN102502,54,Female,Divorced,Graduate,Salaried,74900.0,666.0,2,15500.0,36,Auto,North,2023-10-23,Rejected,
LN101793,33,Male,Married,Graduate,Salaried,34700.0,681.0,0,22300.0,84,Home Improvement,West,2024-04-21,Approved,0
LN101337,34,Male,Single,Not Graduate,Self-Employed,77100.0,695.0,3,23400.0,24,Business,South,2024-11-16,Rejected,
LN100100,58,Female,Married,Graduate,Self-Employed,20700.0,571.0,0,6400.0,36,Medical,North,2024-05-10,Rejected,
LN100012,54,Female,Married,Not Graduate,Salaried,81200.0,677.0,1,29800.0,48,Business,East,2023-02-24,Approved,0
LN100644,55,Male,Widowed,Graduate,Self-Employed,64300.0,699.0,2,18300.0,36,Education,North,2023-09-19,Approved,1
LN101957,44,Female,Divorced,Graduate,Self-Employed,28400.0,764.0,4,5700.0,84,Education,East,2023-08-27,Approved,0
LN100778,33,Male,Divorced,Post Graduate,Salaried,69800.0,749.0,4,21500.0,48,Auto,North,2023-11-28,Approved,0
LN102415,42,Female,Single,Post Graduate,Salaried,102700.0,738.0,1,47500.0,36,Home Improvement,Central,2023-02-05,Rejected,
LN103063,26,Male,Married,Graduate,Salaried,69900.0,738.0,0,39900.0,60,Debt Consolidation,East,2024-03-10,Rejected,
LN102924,40,Female,Divorced,Graduate,Salaried,62300.0,848.0,3,10800.0,24,Medical,South,2024-01-18,Approved,0
LN103181,29,Female,Divorced,Graduate,Self-Employed,92500.0,555.0,1,14200.0,48,Auto,North,2024-04-18,Rejected,
LN101086,57,Male,Single,Graduate,Self-Employed,41300.0,597.0,0,26000.0,36,Debt Consolidation,North,2024-10-01,Rejected,
LN101485,59,Male,Married,Graduate,Self-Employed,34400.0,655.0,4,16000.0,36,Debt Consolidation,West,2023-05-05,Rejected,
LN101151,43,Female,Married,Graduate,Self-Employed,21000.0,632.0,4,5100.0,24,Debt Consolidation,West,2024-09-13,Rejected,
LN101165,25,Female,Single,Graduate,Business Owner,51100.0,723.0,0,28800.0,36,Debt Consolidation,South,2024-01-11,Approved,0
LN100117,27,Female,Married,Graduate,Salaried,94500.0,676.0,2,36100.0,24,Home Improvement,North,2024-02-27,Approved,1
LN103101,26,Female,Married,Graduate,Self-Employed,68000.0,647.0,1,13300.0,36,Home Improvement,East,2024-08-26,Rejected,
LN102395,50,Male,Widowed,Graduate,Self-Employed,80500.0,684.0,1,12500.0,24,Debt Consolidation,East,2024-04-08,Approved,0
LN101632,25,Female,Single,Graduate,Salaried,41100.0,672.0,4,16600.0,36,Education,South,2023-04-01,Rejected,
LN100490,62,Male,Single,Graduate,Salaried,58300.0,562.0,2,30200.0,36,Education,North,2024-03-29,Rejected,
LN102328,22,Male,Divorced,Graduate,Salaried,61400.0,598.0,3,9500.0,24,Business,Central,2023-06-10,Approved,0
LN101236,21,Female,Divorced,Graduate,Salaried,89500.0,641.0,2,32300.0,48,Personal,Central,2024-02-21,Rejected,
LN102103,26,Female,Single,Post Graduate,Business Owner,42900.0,655.0,0,24300.0,60,Debt Consolidation,South,2023-10-12,Rejected,
LN102656,23,Male,Married,Not Graduate,Business Owner,70900.0,690.0,4,11800.0,60,Home Improvement,North,2024-09-21,Approved,0
LN101062,27,Male,Married,Graduate,Self-Employed,66700.0,542.0,4,32800.0,48,Business,North,2024-05-19,Rejected,
LN102312,43,Male,Married,Not Graduate,Business Owner,54500.0,759.0,1,20000.0,12,Debt Consolidation,South,2023-03-30,Rejected,
LN101109,23,Female,Single,Graduate,Salaried,92100.0,648.0,4,46100.0,60,Personal,Central,2024-09-09,Rejected,
LN101122,33,Male,Married,Post Graduate,Salaried,70800.0,601.0,1,21300.0,36,Personal,East,2023-02-21,Rejected,
LN101975,23,Male,Married,Graduate,Salaried,98400.0,702.0,4,19000.0,60,Auto,East,2023-05-25,Approved,0
LN100609,59,Male,Married,Graduate,Business Owner,53400.0,530.0,3,29900.0,48,Debt Consolidation,West,2023-12-13,Rejected,
LN102507,48,Female,Married,Graduate,Self-Employed,126400.0,709.0,4,81700.0,48,Education,South,2023-01-05,Approved,1
LN102725,48,Female,Single,Post Graduate,Self-Employed,74800.0,681.0,1,35700.0,48,Education,North,2024-06-04,Rejected,
LN101489,43,Female,Divorced,Post Graduate,Salaried,91800.0,678.0,0,20300.0,12,Auto,West,2023-12-09,Rejected,
LN100997,37,Male,Divorced,Graduate,Salaried,61400.0,624.0,3,23000.0,12,Education,Central,2023-07-26,Rejected,
LN100576,62,Male,Single,Graduate,Salaried,28100.0,499.0,2,4600.0,36,Personal,West,2024-05-12,Rejected,
LN102942,55,Female,Married,Graduate,Salaried,60500.0,703.0,0,17100.0,12,Home Improvement,Central,2023-03-08,Rejected,
LN102079,26,Male,Single,Not Graduate,Self-Employed,24400.0,713.0,3,15100.0,36,Debt Consolidation,West,2024-12-05,Rejected,
LN102485,37,Female,Divorced,Not Graduate,Salaried,21200.0,624.0,3,11500.0,36,Business,North,2023-02-02,Rejected,
LN101352,43,Male,Single,Graduate,Salaried,45700.0,426.0,4,15800.0,36,Medical,West,2024-06-07,Rejected,
LN100755,40,Female,Divorced,Graduate,Self-Employed,67100.0,762.0,0,11300.0,36,Education,North,2023-10-24,Approved,0
LN102208,31,Female,Single,Graduate,Salaried,38900.0,655.0,3,10700.0,48,Home Improvement,Central,2023-11-13,Rejected,
LN101734,59,Male,Married,Graduate,Salaried,53400.0,683.0,4,25700.0,48,Home Improvement,East,2024-07-18,Approved,0
LN100639,63,Female,Single,Graduate,Salaried,81500.0,527.0,0,38200.0,12,Debt Consolidation,West,2023-08-28,Rejected,
LN102472,39,Male,Single,Not Graduate,Salaried,63900.0,643.0,1,14000.0,24,Home Improvement,South,2023-01-23,Rejected,
LN100043,36,Male,Married,Graduate,Salaried,24600.0,601.0,0,15500.0,36,Auto,North,2023-03-31,Rejected,
LN100007,52,Male,Married,Post Graduate,Salaried,74100.0,657.0,2,45100.0,36,Personal,North,2023-08-02,Approved,0
LN102508,39,Female,Single,Graduate,Salaried,12000.0,687.0,4,4400.0,12,Business,East,2023-08-28,Rejected,
LN102023,47,Female,Single,Post Graduate,Salaried,63100.0,760.0,0,28600.0,84,Medical,South,2024-08-02,Rejected,
LN100471,57,Female,Married,Post Graduate,Salaried,70600.0,792.0,4,43800.0,36,Debt Consolidation,South,2024-09-29,Approved,0
LN100421,52,Male,Married,Post Graduate,Salaried,99800.0,562.0,4,38600.0,12,Auto,North,2023-05-12,Approved,0
LN102261,65,Male,Single,Post Graduate,Self-Employed,112800.0,583.0,2,31600.0,36,Auto,Central,2024-01-25,Approved,0
LN102512,64,Female,Married,Graduate,Salaried,58500.0,717.0,4,24600.0,24,Education,East,2023-09-17,Rejected,
LN101670,55,Female,Married,Graduate,Business Owner,55800.0,623.0,2,35300.0,24,Business,North,2023-09-30,Rejected,
LN101853,28,Male,Married,Graduate,Salaried,95600.0,501.0,2,22700.0,36,Auto,Central,2024-07-01,Rejected,
LN100905,52,Male,Married,Graduate,Salaried,61900.0,623.0,4,33300.0,84,Home Improvement,West,2023-10-02,Rejected,
LN102854,53,Female,Single,Post Graduate,Salaried,63900.0,759.0,3,9800.0,48,Home Improvement,North,2024-04-12,Approved,0
LN102348,30,Male,Married,Graduate,Salaried,29900.0,676.0,0,18600.0,24,Personal,West,2023-02-15,Approved,0
LN100464,21,Female,Single,Not Graduate,Business Owner,34500.0,619.0,1,8600.0,36,Education,Central,2024-11-17,Rejected,
LN101123,31,Male,Single,Graduate,Salaried,50200.0,820.0,4,20600.0,60,Business,East,2023-05-18,Approved,0
LN101381,33,Male,Married,Graduate,Salaried,56500.0,661.0,3,25800.0,48,Business,South,2024-05-21,Approved,0
LN102396,63,Male,Single,Graduate,Salaried,63000.0,741.0,0,21900.0,24,Medical,West,2024-11-30,Rejected,
LN101945,26,Female,Single,Graduate,Salaried,55600.0,799.0,4,27300.0,36,Home Improvement,East,2024-11-16,Approved,1
LN103143,46,Male,Married,Graduate,Salaried,100500.0,632.0,4,37900.0,36,Education,Central,2023-08-09,Rejected,
LN101450,34,Male,Divorced,Post Graduate,Salaried,93700.0,552.0,1,26200.0,36,Debt Consolidation,East,2024-09-18,Rejected,
LN100065,35,Male,Single,Graduate,Salaried,50200.0,673.0,1,29400.0,60,Auto,South,2024-08-01,Rejected,
LN102471,25,Female,Divorced,Not Graduate,Salaried,53500.0,678.0,4,16700.0,48,Personal,West,2023-10-07,Rejected,
LN100432,58,Male,Married,Post Graduate,Salaried,63300.0,736.0,3,11200.0,36,Personal,South,2023-06-22,Rejected,
LN102616,65,Female,Single,Graduate,Self-Employed,71500.0,497.0,4,32300.0,48,Home Improvement,South,2023-06-21,Rejected,
LN100048,51,Female,Single,Not Graduate,Salaried,63600.0,494.0,3,16800.0,84,Business,West,2023-01-28,Rejected,
LN102643,41,Female,Single,Post Graduate,Salaried,41300.0,650.0,3,13400.0,60,Home Improvement,South,2023-09-11,Approved,0
LN102043,54,Male,Single,Not Graduate,Salaried,46400.0,627.0,1,21900.0,84,Business,West,2023-03-23,Rejected,
LN101906,34,Female,Single,Not Graduate,Business Owner,45900.0,747.0,4,24700.0,48,Debt Consolidation,North,2024-03-02,Approved,0
LN103106,59,Male,Married,Not Graduate,Salaried,80700.0,581.0,2,13200.0,24,Debt Consolidation,North,2023-11-11,Rejected,
LN101869,55,Male,Divorced,Post Graduate,Salaried,63300.0,747.0,0,23600.0,24,Medical,West,2023-09-03,Approved,0
LN101305,51,Female,Widowed,Graduate,Salaried,16200.0,710.0,4,4300.0,36,Home Improvement,South,2023-02-06,Approved,0
LN100828,59,Female,Single,Graduate,Salaried,54700.0,566.0,2,20400.0,12,Medical,Central,2023-10-15,Rejected,
LN102691,48,Male,Widowed,Not Graduate,Business Owner,26600.0,773.0,0,16700.0,36,Personal,West,2024-06-20,Approved,0
LN100129,49,Male,Single,Graduate,Salaried,69000.0,638.0,4,36300.0,48,Debt Consolidation,North,2023-01-18,Rejected,
LN102702,30,Female,Single,Graduate,Salaried,38900.0,721.0,0,19700.0,48,Debt Consolidation,North,2024-01-14,Approved,0
LN101812,51,Female,Married,Not Graduate,Salaried,91500.0,558.0,2,48900.0,24,Education,East,2023-02-28,Rejected,
LN101542,24,Female,Divorced,Graduate,Salaried,86300.0,718.0,4,48800.0,36,Business,South,2023-05-18,Approved,0
LN102055,37,Male,Single,Graduate,Salaried,112600.0,662.0,3,52800.0,36,Auto,East,2023-09-08,Approved,0
LN101781,36,Male,Married,Not Graduate,Salaried,70600.0,626.0,1,13400.0,48,Auto,South,2023-08-11,Rejected,
LN102890,27,Female,Single,Graduate,Self-Employed,93800.0,586.0,2,48900.0,48,Auto,North,2024-02-24,Rejected,
LN100237,40,Female,Single,Not Graduate,Salaried,60800.0,557.0,4,13700.0,36,Business,Central,2024-12-23,Rejected,
LN101914,35,Female,Married,Graduate,Salaried,101800.0,762.0,2,57200.0,24,Personal,Central,2023-06-14,Approved,0
LN102540,34,Male,Married,Post Graduate,Self-Employed,87200.0,698.0,2,30200.0,48,Education,Central,2024-02-05,Approved,1
LN101729,25,Male,Single,Post Graduate,Self-Employed,63300.0,777.0,2,42400.0,84,Auto,North,2023-04-14,Approved,0
LN102414,37,Female,Married,Graduate,Business Owner,75600.0,627.0,2,14100.0,48,Education,South,2023-04-30,Rejected,
LN100522,29,Male,Divorced,Post Graduate,Self-Employed,112200.0,583.0,2,22300.0,36,Business,West,2024-01-29,Rejected,
LN101808,25,Female,Single,Graduate,Business Owner,93600.0,705.0,4,53200.0,24,Personal,South,2024-04-21,Rejected,
LN100054,43,Female,Single,Post Graduate,Self-Employed,81800.0,721.0,3,46100.0,36,Business,West,2024-01-15,Approved,0
LN102764,30,Female,Single,Not Graduate,Business Owner,76500.0,671.0,1,29100.0,36,Personal,West,2024-08-22,Approved,0
LN102873,30,Male,Married,Graduate,Self-Employed,69000.0,749.0,3,19300.0,60,Home Improvement,South,2024-02-19,Approved,0
LN102934,57,Female,Married,Graduate,Business Owner,786100.0,731.0,4,221600.0,48,Auto,East,2023-06-13,Approved,0
LN100382,63,Male,Single,Graduate,Salaried,61900.0,679.0,4,33400.0,48,Medical,Central,2024-08-27,Rejected,
LN102497,60,Female,Single,Not Graduate,Salaried,55400.0,593.0,4,20000.0,36,Business,West,2024-09-07,Rejected,
LN100157,46,Male,Single,Graduate,Salaried,67000.0,616.0,1,39400.0,48,Personal,East,2023-07-18,Rejected,
LN102981,23,Female,Single,Graduate,Business Owner,59400.0,562.0,0,13700.0,24,Business,Central,2024-02-03,Rejected,
LN103021,26,Female,Married,Post Graduate,Salaried,53600.0,732.0,4,26400.0,36,Business,East,2023-10-28,Approved,0
LN101922,58,Male,Married,Not Graduate,Salaried,62300.0,648.0,1,35400.0,12,Personal,South,2024-06-23,Rejected,
LN100835,55,Female,Married,Graduate,Business Owner,42300.0,655.0,2,9100.0,24,Auto,East,2023-06-22,Rejected,
LN103083,31,Female,Married,Not Graduate,Self-Employed,12000.0,657.0,0,4400.0,60,Personal,West,2023-12-16,Rejected,
LN100463,39,Male,Divorced,Post Graduate,Salaried,89900.0,669.0,4,48300.0,36,Home Improvement,South,2024-07-08,Rejected,
LN101849,28,Female,Single,Graduate,Salaried,47600.0,698.0,0,29900.0,36,Medical,North,2024-12-17,Rejected,
LN102882,46,Female,Married,Not Graduate,Salaried,63800.0,677.0,0,14200.0,12,Medical,East,2023-03-25,Rejected,
LN101467,38,Male,Married,Not Graduate,Self-Employed,38200.0,641.0,2,9600.0,12,Business,West,2024-11-30,Rejected,
LN102539,43,Female,Divorced,Post Graduate,Salaried,47800.0,710.0,2,26600.0,36,Home Improvement,South,2023-04-21,Rejected,
LN102146,28,Male,Married,Graduate,Business Owner,85500.0,542.0,3,14400.0,48,Business,East,2023-04-29,Rejected,
LN102486,31,Female,Married,Graduate,Self-Employed,30700.0,559.0,0,7000.0,48,Debt Consolidation,East,2023-09-03,Rejected,
LN102165,62,Female,Married,Post Graduate,Salaried,71400.0,702.0,1,16100.0,12,Business,Central,2024-01-21,Approved,1
LN102390,41,Male,Married,Not Graduate,Salaried,39300.0,583.0,0,25000.0,60,Education,East,2024-09-11,Rejected,
LN100595,57,Female,Married,Not Graduate,Business Owner,71800.0,681.0,4,13400.0,36,Education,North,2024-03-06,Approved,0
LN101085,58,Female,Single,Graduate,Salaried,46500.0,696.0,3,12100.0,60,Home Improvement,North,2024-02-16,Approved,0
LN101753,38,Male,Single,Graduate,Self-Employed,61700.0,724.0,3,26500.0,48,Auto,West,2023-05-15,Rejected,
LN102928,29,Male,Married,Post Graduate,Business Owner,101000.0,582.0,4,26200.0,48,Debt Consolidation,North,2023-04-03,Rejected,
LN101770,36,Male,Married,Graduate,Salaried,90900.0,615.0,1,18300.0,60,Debt Consolidation,East,2023-10-04,Rejected,
LN101902,53,Male,Widowed,Not Graduate,Salaried,30300.0,599.0,0,17100.0,48,Business,Central,2024-05-31,Approved,0
LN101774,55,Female,Married,Not Graduate,Salaried,56500.0,623.0,4,32400.0,36,Debt Consolidation,Central,2023-12-09,Rejected,
LN100367,35,Male,Married,Not Graduate,Business Owner,78300.0,747.0,3,30900.0,36,Home Improvement,West,2023-03-31,Rejected,
LN102743,63,Male,Widowed,Post Graduate,Salaried,87400.0,740.0,4,22200.0,60,Medical,West,2023-11-19,Approved,0
LN101635,45,Male,Married,Graduate,Salaried,15300.0,691.0,1,5700.0,48,Auto,South,2024-09-04,Rejected,
LN102977,61,Male,Divorced,Graduate,Business Owner,77900.0,727.0,2,37300.0,36,Personal,West,2024-07-15,Rejected,
LN100097,51,Female,Married,Not Graduate,Business Owner,61200.0,709.0,3,10700.0,60,Auto,South,2023-08-25,Rejected,
LN101900,45,Male,Single,Graduate,Salaried,47200.0,529.0,3,23000.0,60,Auto,South,2024-07-21,Rejected,
LN102976,43,Female,Single,Graduate,Self-Employed,89200.0,653.0,2,46900.0,36,Medical,North,2023-04-12,Rejected,
LN101561,43,Male,Married,Graduate,Self-Employed,48000.0,644.0,2,14000.0,36,Medical,West,2024-12-08,Rejected,
LN100381,63,Male,Married,Not Graduate,Business Owner,52000.0,641.0,2,25400.0,24,Personal,East,2024-07-18,Rejected,
LN103087,28,Female,Single,Not Graduate,Salaried,69600.0,554.0,1,40000.0,24,Education,Central,2023-08-07,Rejected,
LN101947,62,Female,Married,Graduate,Salaried,33900.0,745.0,1,10000.0,24,Debt Consolidation,Central,2024-12-04,Approved,0
LN100028,45,Male,Married,Post Graduate,Self-Employed,51300.0,639.0,1,18900.0,60,Auto,North,2024-04-24,Approved,0
LN101098,22,Male,Married,Not Graduate,Salaried,62900.0,707.0,1,30000.0,48,Home Improvement,West,2023-06-08,Approved,0
LN100447,64,Female,Single,Not Graduate,Salaried,34700.0,659.0,1,11900.0,36,Business,Central,2023-07-19,Rejected,
LN102417,32,Female,Married,Graduate,Salaried,85500.0,578.0,4,17900.0,36,Auto,South,2023-08-02,Rejected,
LN100820,22,Male,Married,Graduate,Salaried,41300.0,692.0,2,8300.0,36,Home Improvement,East,2023-01-05,Rejected,
LN102701,56,Female,Married,Graduate,Self-Employed,86600.0,517.0,3,37700.0,48,Education,East,2024-07-03,Rejected,
LN102059,39,Male,Single,Post Graduate,Business Owner,89100.0,570.0,3,22100.0,24,Business,East,2024-08-09,Rejected,
LN102287,57,Male,Single,Post Graduate,Salaried,97300.0,615.0,0,53700.0,36,Debt Consolidation,East,2023-03-14,Approved,0
LN101195,49,Female,Single,Graduate,Salaried,94700.0,621.0,2,45000.0,60,Personal,North,2024-11-10,Rejected,
LN102704,24,Male,Married,Graduate,Salaried,90000.0,602.0,2,19600.0,12,Auto,North,2024-01-19,Rejected,
LN100721,62,Male,Single,Graduate,Self-Employed,54300.0,756.0,0,15000.0,48,Personal,Central,2024-08-07,Approved,0
LN101291,59,Female,Single,Post Graduate,Salaried,53200.0,726.0,2,12900.0,48,Auto,North,2024-05-17,Approved,0
LN102973,65,Male,Widowed,Graduate,Self-Employed,12000.0,804.0,3,6900.0,36,Debt Consolidation,West,2024-08-15,Approved,0
LN102072,39,Male,Married,Graduate,Business Owner,82400.0,642.0,2,41100.0,36,Home Improvement,Central,2023-01-17,Rejected,
LN101868,22,Male,Single,Graduate,Salaried,32700.0,765.0,1,12300.0,48,Debt Consolidation,East,2023-01-22,Rejected,
LN102551,35,Female,Single,Graduate,Self-Employed,47600.0,652.0,4,10300.0,36,Debt Consolidation,Central,2024-07-02,Approved,0
LN100779,59,Female,Married,Graduate,Business Owner,781400.0,836.0,1,391400.0,48,Home Improvement,North,2024-02-03,Approved,0
LN101721,54,Female,Married,Post Graduate,Salaried,54000.0,601.0,4,22900.0,36,Home Improvement,Central,2024-03-06,Rejected,
LN101023,58,Female,Single,Graduate,Business Owner,62600.0,717.0,0,25400.0,48,Personal,West,2023-05-16,Rejected,
LN100004,40,Male,Married,Not Graduate,Salaried,70500.0,593.0,3,19500.0,36,Business,East,2023-11-12,Rejected,
LN102967,31,Male,Single,Post Graduate,Business Owner,88300.0,650.0,1,26400.0,24,Education,East,2023-06-03,Rejected,
LN101436,40,Female,Married,Graduate,Salaried,51000.0,812.0,2,8400.0,36,Personal,North,2023-01-09,Approved,0
LN103189,58,Female,Divorced,Graduate,Salaried,121500.0,745.0,3,58000.0,60,Debt Consolidation,East,2024-03-07,Approved,0
LN100516,60,Male,Single,Post Graduate,Salaried,92500.0,573.0,4,54400.0,48,Auto,Central,2023-03-07,Rejected,
LN101915,44,Female,Divorced,Graduate,Business Owner,39700.0,736.0,2,12300.0,48,Business,South,2024-08-25,Rejected,
LN102608,44,Female,Married,Post Graduate,Salaried,52400.0,675.0,2,31900.0,84,Auto,East,2024-05-31,Approved,0
LN102906,49,Male,Single,Not Graduate,Business Owner,95800.0,608.0,0,40600.0,60,Home Improvement,East,2024-07-17,Approved,0
LN100350,44,Female,Married,Post Graduate,Salaried,81600.0,537.0,0,45700.0,24,Debt Consolidation,East,2024-06-13,Rejected,
LN101327,24,Female,Single,Graduate,Salaried,59400.0,694.0,4,35700.0,24,Education,East,2024-11-25,Rejected,
LN102720,49,Female,Single,Graduate,Business Owner,67600.0,627.0,3,36800.0,84,Home Improvement,North,2023-10-27,Rejected,
LN101242,64,Female,Married,Graduate,Self-Employed,74100.0,521.0,3,30300.0,36,Auto,East,2023-08-25,Rejected,
LN100660,28,Female,Married,Graduate,Salaried,24500.0,674.0,1,13600.0,36,Home Improvement,Central,2024-06-14,Rejected,
LN102918,59,Female,Married,Post Graduate,Self-Employed,84300.0,564.0,0,23800.0,48,Auto,West,2023-02-05,Rejected,
LN102531,57,Female,Divorced,Graduate,Self-Employed,47900.0,702.0,0,29500.0,24,Home Improvement,East,2024-11-16,Rejected,
LN100899,48,Female,Single,Graduate,Salaried,55100.0,585.0,2,27100.0,60,Business,North,2024-09-29,Approved,0
LN101657,60,Male,Married,Graduate,Salaried,48100.0,686.0,3,27800.0,60,Home Improvement,South,2024-12-21,Approved,0
LN102289,39,Male,Single,Graduate,Salaried,60600.0,702.0,1,10400.0,24,Personal,South,2024-06-02,Approved,0
LN100158,43,Female,Single,Graduate,Salaried,39200.0,622.0,3,16200.0,12,Personal,North,2024-04-14,Rejected,
LN100383,31,Male,Married,Graduate,Salaried,87000.0,681.0,4,40100.0,24,Debt Consolidation,West,2024-10-20,Rejected,
LN102247,28,Female,Single,Graduate,Salaried,62200.0,618.0,2,11500.0,12,Debt Consolidation,South,2023-03-15,Rejected,
LN100140,65,Male,Divorced,Graduate,Salaried,63800.0,615.0,3,26400.0,48,Personal,East,2023-11-07,Rejected,
LN100465,64,Female,Single,Not Graduate,Self-Employed,28700.0,635.0,4,13200.0,84,Auto,West,2024-03-28,Rejected,
LN102364,55,Male,Divorced,Graduate,Self-Employed,56600.0,595.0,2,28800.0,36,Business,South,2023-10-09,Rejected,
LN101338,55,Male,Married,Not Graduate,Business Owner,77400.0,676.0,1,40500.0,12,Business,Central,2024-12-23,Rejected,
LN100299,21,Male,Divorced,Graduate,Salaried,80900.0,665.0,0,32200.0,12,Business,Central,2024-01-04,Rejected,
LN102030,46,Male,Married,Not Graduate,Self-Employed,39900.0,574.0,1,20000.0,60,Business,East,2023-10-08,Rejected,
LN100397,29,Male,Single,Not Graduate,Self-Employed,58000.0,734.0,1,33300.0,36,Business,East,2024-06-12,Approved,0
LN100934,40,Female,Single,Post Graduate,Business Owner,113500.0,653.0,3,67100.0,48,Home Improvement,West,2024-01-01,Rejected,
LN102492,62,Female,Married,Post Graduate,Salaried,86900.0,616.0,1,32300.0,48,Personal,South,2023-11-14,Approved,0
LN102111,51,Female,Married,Graduate,Self-Employed,74300.0,729.0,2,45800.0,36,Home Improvement,South,2024-02-15,Approved,0
LN102217,65,Male,Single,Graduate,Salaried,107400.0,592.0,4,35900.0,12,Medical,South,2023-02-20,Rejected,
LN101033,35,Female,Married,Post Graduate,Salaried,86400.0,720.0,4,21700.0,12,Auto,South,2024-02-24,Approved,0
LN101539,48,Male,Married,Graduate,Business Owner,37600.0,607.0,4,22100.0,12,Personal,South,2023-04-01,Rejected,
LN102558,22,Female,Single,Post Graduate,Salaried,21100.0,632.0,0,3600.0,48,Education,North,2024-06-20,Approved,0
LN101302,52,Male,Divorced,Graduate,Salaried,45700.0,743.0,3,11900.0,60,Education,East,2023-09-18,Approved,0
LN101048,51,Female,Single,Post Graduate,Self-Employed,116200.0,663.0,4,27600.0,36,Home Improvement,North,2024-11-12,Approved,0
LN102515,57,Male,Single,Graduate,Salaried,67900.0,723.0,2,19700.0,12,Debt Consolidation,East,2023-10-31,Approved,0
LN102658,51,Female,Single,Graduate,Self-Employed,77500.0,699.0,3,38400.0,60,Home Improvement,East,2023-03-15,Approved,0
LN100846,28,Male,Married,Post Graduate,Salaried,73300.0,708.0,1,22100.0,24,Auto,North,2024-03-14,Approved,0
LN100251,43,Female,Married,Graduate,Salaried,928900.0,719.0,0,356200.0,36,Auto,West,2024-02-25,Approved,1
LN102320,25,Male,Married,Post Graduate,Salaried,94600.0,698.0,3,14500.0,60,Education,South,2024-09-16,Approved,0
LN102199,28,Male,Married,Post Graduate,Salaried,80600.0,598.0,3,15500.0,24,Education,East,2023-02-03,Rejected,
LN100806,45,Female,Single,Graduate,Salaried,59500.0,599.0,2,30500.0,24,Debt Consolidation,Central,2024-11-09,Rejected,
LN102534,57,Female,Married,Graduate,Business Owner,50800.0,630.0,3,29600.0,48,Home Improvement,Central,2023-09-23,Rejected,
LN100715,56,Male,Widowed,Graduate,Business Owner,45900.0,628.0,1,17800.0,24,Auto,East,2023-06-07,Rejected,
LN100336,64,Female,Single,Post Graduate,Self-Employed,69900.0,701.0,4,22500.0,36,Home Improvement,Central,2024-06-01,Rejected,
LN101224,39,Female,Divorced,Graduate,Salaried,72000.0,650.0,0,43700.0,60,Medical,South,2023-12-10,Approved,0
LN100987,35,Male,Married,Post Graduate,Salaried,91900.0,586.0,2,41200.0,36,Debt Consolidation,Central,2023-08-02,Rejected,
LN102056,54,Male,Single,Graduate,Self-Employed,88500.0,767.0,1,52200.0,36,Debt Consolidation,North,2023-05-13,Approved,0
LN100195,24,Male,Single,Not Graduate,Self-Employed,60600.0,677.0,1,10200.0,12,Business,North,2024-08-24,Approved,0
LN102195,57,Female,Divorced,Post Graduate,Business Owner,47000.0,588.0,2,21800.0,48,Business,Central,2023-10-27,Approved,0
LN101044,52,Male,Married,Graduate,Business Owner,57700.0,745.0,4,23100.0,36,Home Improvement,East,2023-03-27,Approved,0
LN100279,24,Female,Married,Graduate,Business Owner,61500.0,618.0,2,22400.0,12,Auto,South,2023-07-07,Rejected,
LN100096,31,Male,Single,Graduate,Business Owner,41500.0,655.0,2,17100.0,36,Home Improvement,East,2024-09-04,Rejected,
LN100441,34,Female,Single,Graduate,Salaried,98000.0,707.0,2,38700.0,60,Debt Consolidation,Central,2024-03-27,Rejected,
LN101196,53,Female,Married,Not Graduate,Salaried,38900.0,668.0,2,16500.0,48,Medical,Central,2023-03-04,Rejected,
LN101332,40,Female,Married,Graduate,Salaried,90700.0,568.0,0,42500.0,48,Auto,North,2024-03-01,Rejected,
LN101042,39,Female,Single,Graduate,Self-Employed,50800.0,548.0,4,32100.0,48,Home Improvement,South,2024-10-03,Rejected,
LN102500,52,Male,Married,Graduate,Business Owner,103900.0,655.0,3,41900.0,36,Education,Central,2024-03-04,Rejected,
LN102769,64,Female,Widowed,Not Graduate,Business Owner,79000.0,534.0,2,50200.0,60,Auto,North,2024-08-22,Rejected,
LN102443,30,Female,Married,Not Graduate,Salaried,58700.0,655.0,2,19400.0,48,Debt Consolidation,West,2023-12-16,Rejected,
LN100330,45,Female,Single,Graduate,Self-Employed,69300.0,595.0,0,12200.0,24,Debt Consolidation,East,2023-06-08,Rejected,
LN102862,58,Male,Married,Graduate,Business Owner,94300.0,640.0,2,21800.0,36,Auto,North,2024-06-19,Rejected,
LN100861,62,Female,Single,Graduate,Business Owner,70300.0,585.0,2,45100.0,24,Medical,West,2024-09-10,Rejected,
LN100745,37,Male,Single,Graduate,Salaried,47400.0,608.0,3,28300.0,36,Auto,North,2024-02-22,Rejected,
LN102847,38,Female,Married,Graduate,Salaried,87900.0,611.0,0,30500.0,36,Business,West,2023-05-06,Rejected,
LN101384,38,Male,Single,Graduate,Salaried,74500.0,653.0,2,40300.0,24,Personal,South,2023-01-10,Approved,0
LN101111,31,Male,Single,Graduate,Self-Employed,51900.0,693.0,0,16900.0,84,Personal,West,2024-09-02,Rejected,
LN100327,22,Female,Single,Not Graduate,Business Owner,50500.0,658.0,3,25500.0,36,Business,South,2024-10-09,Rejected,
LN101949,35,Male,Married,Not Graduate,Salaried,47300.0,580.0,4,28600.0,60,Education,West,2024-01-19,Rejected,
LN101559,59,Male,Married,Not Graduate,Salaried,45500.0,750.0,0,24500.0,24,Debt Consolidation,Central,2024-10-06,Approved,0
LN102580,38,Female,Single,Not Graduate,Salaried,43800.0,693.0,4,17400.0,48,Home Improvement,West,2023-03-15,Approved,0
LN102773,52,Male,Single,Not Graduate,Self-Employed,53100.0,569.0,2,13800.0,60,Auto,East,2023-07-09,Rejected,
LN101261,62,Female,Married,Graduate,Salaried,65900.0,758.0,3,22900.0,48,Auto,North,2024-08-29,Approved,1
LN102086,53,Male,Married,Not Graduate,Business Owner,71500.0,645.0,1,38400.0,36,Debt Consolidation,West,2024-04-29,Rejected,
LN100594,35,Female,Married,Graduate,Self-Employed,53500.0,559.0,2,16700.0,48,Debt Consolidation,West,2023-02-25,Rejected,
LN102685,42,Male,Married,Not Graduate,Self-Employed,93400.0,721.0,4,41200.0,36,Education,West,2023-07-26,Approved,0
LN101695,51,Male,Single,Graduate,Self-Employed,74900.0,497.0,3,32000.0,36,Debt Consolidation,West,2023-10-22,Rejected,
LN101377,54,Female,Single,Graduate,Salaried,50400.0,668.0,3,11000.0,24,Personal,South,2023-11-23,Rejected,
LN100549,51,Male,Single,Not Graduate,Business Owner,77500.0,583.0,4,28500.0,12,Auto,West,2024-01-27,Rejected,
LN100556,54,Male,Married,Not Graduate,Salaried,43400.0,760.0,1,6900.0,48,Business,East,2024-04-29,Approved,0
LN102696,26,Female,Single,Graduate,Salaried,84200.0,791.0,4,19200.0,48,Debt Consolidation,East,2023-03-02,Approved,0
LN100541,23,Female,Single,Graduate,Self-Employed,67800.0,692.0,1,30200.0,60,Debt Consolidation,Central,2023-10-16,Rejected,
LN103136,47,Female,Single,Post Graduate,Self-Employed,80200.0,612.0,1,33800.0,12,Education,West,2023-12-16,Approved,0
LN100264,65,Female,Divorced,Not Graduate,Business Owner,84300.0,771.0,2,28300.0,36,Auto,West,2024-01-02,Rejected,
LN101401,31,Female,Married,Not Graduate,Business Owner,83400.0,683.0,2,35000.0,48,Business,Central,2023-10-01,Approved,0
LN101234,49,Female,Widowed,Graduate,Business Owner,36300.0,694.0,0,15400.0,36,Personal,South,2023-02-11,Rejected,
LN101783,63,Female,Single,Graduate,Salaried,65100.0,743.0,4,25400.0,24,Business,Central,2023-11-06,Approved,0
LN101365,21,Female,Married,Graduate,Salaried,56000.0,656.0,1,27800.0,12,Auto,West,2023-05-28,Rejected,
LN102907,63,Male,Married,Graduate,Salaried,44800.0,680.0,0,27200.0,36,Personal,East,2024-06-22,Rejected,
LN102998,40,Male,Single,Not Graduate,Salaried,37700.0,644.0,3,18700.0,36,Debt Consolidation,Central,2024-09-24,Rejected,
LN101533,29,Male,Married,Graduate,Business Owner,42200.0,629.0,3,7200.0,60,Education,South,2023-08-18,Approved,0
LN101064,54,Female,Married,Graduate,Business Owner,85000.0,669.0,1,14200.0,36,Medical,North,2024-03-15,Rejected,
LN102206,27,Female,Married,Not Graduate,Salaried,68800.0,669.0,4,30600.0,48,Home Improvement,West,2023-03-16,Rejected,
LN100300,37,Female,Married,Not Graduate,Self-Employed,44000.0,635.0,0,9700.0,12,Home Improvement,West,2023-04-18,Rejected,
LN101962,27,Female,Divorced,Graduate,Business Owner,82800.0,587.0,2,37300.0,60,Education,South,2023-09-19,Rejected,
LN100553,35,Female,Married,Not Graduate,Self-Employed,60400.0,648.0,2,35600.0,60,Education,South,2023-09-10,Rejected,
LN100467,47,Male,Divorced,Not Graduate,Business Owner,102400.0,510.0,0,28700.0,36,Medical,East,2023-06-02,Rejected,
LN100344,61,Female,Single,Post Graduate,Salaried,76000.0,655.0,4,37300.0,12,Medical,East,2024-05-12,Rejected,
LN102145,40,Female,Married,Post Graduate,Business Owner,60500.0,655.0,4,32400.0,60,Auto,East,2023-01-19,Rejected,
LN102554,65,Female,Married,Not Graduate,Salaried,79300.0,602.0,1,39100.0,24,Auto,Central,2023-06-09,Rejected,
LN102267,53,Male,Divorced,Graduate,Business Owner,90100.0,787.0,0,20500.0,60,Personal,Central,2023-11-20,Approved,0
LN102283,56,Female,Single,Post Graduate,Salaried,66800.0,837.0,4,37800.0,36,Debt Consolidation,Central,2023-03-02,Approved,0
LN101495,40,Male,Married,Graduate,Business Owner,27500.0,733.0,4,16800.0,36,Auto,North,2024-10-06,Rejected,
LN102081,25,Male,Married,Graduate,Salaried,45300.0,757.0,4,25000.0,36,Education,South,2023-02-22,Rejected,
LN102175,55,Female,Single,Not Graduate,Business Owner,48400.0,534.0,0,11000.0,48,Auto,East,2023-03-07,Rejected,
LN101910,24,Female,Single,Graduate,Salaried,65200.0,658.0,0,32900.0,84,Auto,North,2023-01-20,Rejected,
LN101455,23,Female,Divorced,Graduate,Self-Employed,42900.0,590.0,1,11600.0,48,Debt Consolidation,North,2023-01-28,Approved,0
LN102744,29,Female,Married,Not Graduate,Salaried,64200.0,716.0,0,25200.0,36,Medical,Central,2023-12-08,Approved,0
LN100439,38,Female,Married,Graduate,Salaried,70000.0,627.0,0,26000.0,36,Debt Consolidation,Central,2023-10-07,Rejected,
LN100021,37,Female,Single,Graduate,Salaried,42200.0,638.0,3,6400.0,36,Business,West,2023-12-14,Rejected,
LN102688,49,Female,Single,Graduate,Self-Employed,93300.0,696.0,4,15200.0,48,Medical,Central,2024-04-14,Approved,0
LN101764,46,Male,Married,Graduate,Self-Employed,65100.0,641.0,1,24500.0,36,Medical,East,2024-06-17,Rejected,
LN102047,44,Male,Married,Graduate,Salaried,63800.0,703.0,0,32700.0,48,Auto,South,2024-03-20,Rejected,
LN101416,49,Female,Married,Graduate,Self-Employed,57600.0,535.0,4,31900.0,48,Education,North,2024-01-12,Rejected,
LN101543,46,Male,Married,Not Graduate,Self-Employed,64700.0,717.0,2,17500.0,60,Education,Central,2023-01-15,Rejected,
LN101227,65,Male,Single,Not Graduate,Business Owner,40800.0,706.0,2,15100.0,24,Education,West,2023-04-19,Approved,0
LN101767,42,Female,Married,Not Graduate,Salaried,55400.0,772.0,4,27900.0,12,Personal,South,2023-03-12,Approved,0
LN101496,45,Male,Married,Graduate,Self-Employed,28600.0,638.0,3,17000.0,48,Debt Consolidation,North,2024-10-10,Approved,1
LN101213,60,Male,Married,Graduate,Salaried,62800.0,620.0,1,20900.0,48,Education,North,2023-07-31,Rejected,
LN102780,34,Female,Single,Graduate,Self-Employed,76100.0,544.0,4,48400.0,60,Business,South,2024-05-07,Rejected,
LN100487,44,Male,Married,Graduate,Salaried,75300.0,477.0,2,38500.0,24,Personal,Central,2023-10-25,Rejected,
LN100229,28,Female,Single,Not Graduate,Business Owner,38200.0,647.0,3,6300.0,12,Medical,Central,2024-08-05,Approved,0
LN101481,21,Male,Single,Graduate,Salaried,57800.0,477.0,0,34700.0,48,Debt Consolidation,North,2023-07-31,Rejected,
LN103065,45,Male,Married,Graduate,Salaried,50400.0,780.0,1,19600.0,48,Home Improvement,West,2023-11-11,Approved,1
LN102067,61,Male,Single,Post Graduate,Self-Employed,33300.0,545.0,0,12700.0,60,Personal,West,2024-06-27,Rejected,
LN100286,28,Male,Married,Graduate,Salaried,95100.0,669.0,4,23800.0,24,Business,West,2024-03-28,Approved,0
LN102033,51,Male,Widowed,Graduate,Self-Employed,78000.0,632.0,1,44500.0,48,Personal,East,2024-05-17,Rejected,
LN102899,30,Female,Married,Graduate,Self-Employed,73300.0,729.0,3,40300.0,24,Education,North,2024-02-06,Approved,0
LN100810,22,Female,Single,Post Graduate,Salaried,71800.0,744.0,0,41100.0,24,Education,Central,2023-03-07,Approved,0
LN102391,29,Female,Single,Post Graduate,Self-Employed,56100.0,612.0,0,29000.0,48,Medical,Central,2024-09-02,Approved,1
LN100431,54,Female,Divorced,Graduate,Self-Employed,81300.0,515.0,2,45100.0,12,Auto,East,2023-06-23,Rejected,
LN101963,57,Male,Married,Post Graduate,Salaried,68500.0,638.0,3,39000.0,60,Education,East,2024-05-13,Approved,0
LN102300,33,Male,Single,Graduate,Business Owner,44600.0,693.0,3,13000.0,36,Home Improvement,West,2024-03-18,Rejected,
LN103142,41,Female,Married,Not Graduate,Self-Employed,95700.0,540.0,2,20200.0,12,Home Improvement,West,2023-10-31,Rejected,
LN100620,40,Male,Married,Post Graduate,Business Owner,106500.0,599.0,1,22500.0,24,Debt Consolidation,East,2023-09-16,Approved,0
LN102555,25,Male,Married,Post Graduate,Business Owner,93400.0,598.0,3,20300.0,36,Business,South,2024-11-18,Approved,0
LN100936,28,Female,Married,Graduate,Self-Employed,60500.0,610.0,4,9800.0,48,Education,South,2024-12-25,Approved,0
LN101205,61,Male,Married,Post Graduate,Business Owner,56400.0,588.0,0,17900.0,12,Medical,West,2023-09-04,Rejected,
LN101202,65,Male,Married,Graduate,Self-Employed,67700.0,697.0,1,30300.0,36,Personal,South,2024-08-08,Rejected,
LN102277,23,Female,Widowed,Graduate,Salaried,99200.0,558.0,0,37700.0,12,Business,West,2024-05-08,Rejected,
LN101315,34,Male,Married,Post Graduate,Business Owner,64400.0,711.0,0,41600.0,36,Personal,East,2023-02-20,Approved,0
LN102085,50,Male,Widowed,Post Graduate,Self-Employed,84300.0,571.0,1,35400.0,36,Auto,Central,2023-03-18,Approved,1
LN100130,46,Female,Married,Not Graduate,Salaried,62600.0,634.0,1,12800.0,24,Education,North,2023-06-24,Rejected,
LN101845,48,Male,Single,Not Graduate,Business Owner,55100.0,699.0,4,21700.0,48,Home Improvement,North,2024-02-04,Approved,0
LN100955,48,Female,Married,Graduate,Salaried,63300.0,630.0,4,20400.0,60,Education,North,2023-05-15,Rejected,
LN100913,65,Male,Married,Graduate,Salaried,30900.0,579.0,3,5800.0,48,Debt Consolidation,North,2024-01-28,Rejected,
LN100859,57,Female,Married,Graduate,Self-Employed,84200.0,632.0,4,50600.0,60,Debt Consolidation,Central,2023-10-26,Approved,0
LN102162,39,Male,Married,Graduate,Salaried,53500.0,716.0,3,8600.0,36,Personal,West,2024-08-28,Rejected,
LN101441,44,Female,Single,Post Graduate,Self-Employed,66700.0,633.0,2,21900.0,24,Auto,East,2023-04-05,Approved,0
LN100127,55,Male,Married,Not Graduate,Salaried,30200.0,747.0,4,18700.0,24,Business,North,2023-01-11,Approved,0
LN100284,40,Male,Divorced,Graduate,Salaried,87500.0,755.0,4,16500.0,60,Education,East,2024-02-25,Approved,0
LN102263,44,Male,Single,Graduate,Salaried,54800.0,762.0,2,27500.0,24,Debt Consolidation,Central,2024-08-03,Rejected,
LN100978,36,Male,Married,Not Graduate,Salaried,37800.0,573.0,0,11400.0,24,Home Improvement,North,2023-09-28,Rejected,
LN100623,39,Male,Single,Not Graduate,Self-Employed,63500.0,721.0,0,34000.0,24,Medical,East,2024-04-07,Rejected,
LN100688,41,Male,Married,Graduate,Business Owner,39200.0,595.0,2,10600.0,24,Education,North,2024-04-21,Rejected,
LN102002,38,Female,Married,Graduate,Self-Employed,69000.0,686.0,2,29700.0,36,Business,South,2023-11-17,Rejected,
LN102138,45,Female,Single,Graduate,Business Owner,64600.0,618.0,0,26300.0,24,Debt Consolidation,East,2023-05-22,Rejected,
LN100995,49,Female,Married,Post Graduate,Salaried,76500.0,762.0,4,19400.0,84,Medical,East,2023-02-04,Rejected,
LN103149,25,Male,Divorced,Not Graduate,Business Owner,41900.0,734.0,4,16800.0,48,Business,South,2024-08-10,Rejected,
LN101842,57,Male,Single,Graduate,Salaried,38100.0,691.0,1,8900.0,36,Business,East,2023-08-11,Rejected,
LN100610,58,Female,Single,Graduate,Salaried,42200.0,790.0,2,14900.0,36,Debt Consolidation,South,2024-11-06,Approved,0
LN100458,58,Male,Married,Not Graduate,Salaried,38200.0,637.0,0,8200.0,84,Debt Consolidation,West,2024-08-02,Rejected,
LN102382,62,Female,Married,Graduate,Self-Employed,88100.0,679.0,3,40800.0,24,Debt Consolidation,North,2024-08-06,Rejected,
LN101653,47,Female,Single,Not Graduate,Salaried,55700.0,597.0,3,20700.0,24,Debt Consolidation,North,2023-08-04,Rejected,
LN100462,54,Female,Single,Not Graduate,Salaried,78000.0,698.0,0,45100.0,36,Business,Central,2024-10-29,Approved,0
LN100792,53,Male,Married,Graduate,Business Owner,64400.0,651.0,0,34000.0,60,Auto,West,2023-05-12,Rejected,
LN100504,33,Female,Single,Not Graduate,Salaried,96200.0,597.0,2,21600.0,24,Debt Consolidation,East,2023-01-26,Approved,0
LN100308,35,Female,Married,Graduate,Business Owner,47100.0,506.0,1,14100.0,48,Auto,South,2023-07-14,Rejected,
LN102468,22,Female,Divorced,Graduate,Salaried,105700.0,704.0,3,65800.0,24,Business,North,2023-04-20,Approved,0
LN100363,61,Male,Married,Graduate,Salaried,66200.0,655.0,1,15300.0,60,Personal,South,2023-10-14,Rejected,
LN100579,25,Male,Married,Graduate,Salaried,63300.0,677.0,2,40100.0,84,Auto,Central,2024-11-01,Rejected,
LN100105,56,Female,Married,Graduate,Self-Employed,81500.0,667.0,1,49800.0,36,Medical,East,2024-10-14,Rejected,
LN102449,28,Female,Married,Graduate,Self-Employed,86900.0,707.0,0,41400.0,12,Medical,South,2024-05-06,Approved,0
LN101132,56,Female,Single,Graduate,Self-Employed,49000.0,585.0,3,26900.0,60,Debt Consolidation,East,2023-11-24,Rejected,
LN100507,32,Female,Single,Graduate,Salaried,46700.0,603.0,0,9100.0,48,Debt Consolidation,South,2023-03-30,Rejected,
LN101011,56,Female,Single,Not Graduate,Salaried,72200.0,641.0,0,18800.0,36,Auto,East,2024-06-27,Approved,1
LN102958,44,Male,Single,Graduate,Business Owner,74600.0,810.0,2,16700.0,48,Debt Consolidation,West,2023-10-11,Approved,0
LN100946,64,Male,Single,Graduate,Salaried,48600.0,589.0,4,10700.0,36,Business,South,2023-04-30,Rejected,
LN102281,36,Female,Divorced,Post Graduate,Salaried,77600.0,678.0,4,48400.0,48,Medical,East,2024-10-13,Approved,0
LN101371,36,Female,Married,Graduate,Business Owner,50300.0,745.0,0,16200.0,12,Home Improvement,West,2023-09-04,Approved,0
LN101527,27,Male,Married,Graduate,Self-Employed,55700.0,827.0,1,12700.0,48,Business,South,2023-01-25,Approved,0
LN101336,49,Male,Widowed,Graduate,Salaried,78200.0,514.0,3,38800.0,12,Business,East,2023-02-01,Rejected,
LN102437,51,Male,Married,Post Graduate,Salaried,118700.0,591.0,0,68900.0,84,Debt Consolidation,North,2024-06-25,Approved,0
LN102889,29,Female,Single,Graduate,Salaried,47000.0,617.0,3,20300.0,48,Personal,West,2023-01-17,Approved,0
LN101552,44,Male,Married,Not Graduate,Self-Employed,39700.0,644.0,0,25200.0,24,Personal,West,2024-07-05,Rejected,
LN102926,48,Female,Single,Not Graduate,Salaried,34600.0,665.0,2,21000.0,12,Education,East,2024-02-10,Approved,0
LN100188,31,Male,Divorced,Not Graduate,Salaried,88800.0,596.0,3,45400.0,36,Debt Consolidation,South,2024-10-31,Approved,0
LN101831,63,Female,Single,Graduate,Salaried,62900.0,380.0,3,14100.0,36,Home Improvement,North,2024-12-18,Rejected,
LN102270,35,Male,Married,Not Graduate,Self-Employed,61600.0,525.0,0,16200.0,84,Education,East,2024-04-20,Rejected,
LN101997,65,Male,Single,Graduate,Business Owner,57100.0,595.0,3,29400.0,24,Auto,North,2024-12-01,Rejected,
LN103085,37,Male,Single,Post Graduate,Salaried,120500.0,754.0,2,41200.0,48,Auto,North,2023-03-25,Approved,0
LN103041,34,Male,Single,Graduate,Salaried,54500.0,658.0,3,24700.0,36,Business,South,2024-03-24,Rejected,
LN101459,44,Male,Single,Post Graduate,Salaried,937100.0,552.0,4,570800.0,84,Debt Consolidation,South,2024-09-09,Approved,1
LN101435,25,Female,Single,Not Graduate,Self-Employed,87600.0,511.0,1,22300.0,48,Auto,West,2023-05-12,Rejected,
LN101445,22,Male,Single,Graduate,Business Owner,55900.0,684.0,3,10100.0,48,Personal,Central,2024-12-30,Approved,0
LN102585,45,Female,Married,Not Graduate,Business Owner,23100.0,682.0,2,12800.0,36,Debt Consolidation,West,2024-10-06,Rejected,
LN100126,24,Male,Single,Graduate,Self-Employed,74400.0,697.0,2,20000.0,48,Auto,North,2023-04-01,Approved,0
LN102553,29,Female,Married,Graduate,Salaried,82800.0,683.0,4,24400.0,48,Personal,South,2024-09-30,Approved,1
LN101816,31,Female,Married,Graduate,Self-Employed,87100.0,621.0,2,54800.0,48,Business,Central,2024-10-22,Approved,0
LN100862,26,Male,Married,Post Graduate,Business Owner,59500.0,655.0,3,17400.0,36,Education,South,2024-10-24,Rejected,
LN101173,28,Male,Widowed,Graduate,Salaried,44000.0,740.0,2,7900.0,48,Debt Consolidation,South,2024-09-22,Rejected,
LN101340,45,Female,Single,Graduate,Salaried,76900.0,576.0,2,34000.0,60,Personal,Central,2023-08-27,Approved,0
LN102394,42,Male,Married,Not Graduate,Business Owner,69600.0,726.0,3,16200.0,60,Medical,South,2023-04-07,Approved,0
LN102678,47,Male,Married,Graduate,Business Owner,42600.0,765.0,1,26000.0,48,Debt Consolidation,South,2024-10-08,Approved,0
LN101115,43,Male,Married,Post Graduate,Salaried,87900.0,646.0,0,16200.0,36,Home Improvement,North,2024-03-30,Rejected,
LN100353,40,Male,Single,Graduate,Salaried,73500.0,665.0,1,43400.0,48,Business,South,2024-07-28,Approved,0
LN101034,23,Female,Married,Graduate,Business Owner,53000.0,655.0,3,15000.0,24,Home Improvement,South,2023-05-05,Approved,0
LN102223,40,Male,Married,Not Graduate,Self-Employed,58900.0,627.0,1,12700.0,24,Debt Consolidation,West,2024-04-25,Rejected,
LN100731,39,Male,Divorced,Not Graduate,Self-Employed,76600.0,801.0,1,46600.0,36,Debt Consolidation,Central,2024-08-24,Approved,0
LN100702,28,Female,Single,Graduate,Self-Employed,35300.0,776.0,0,9800.0,36,Debt Consolidation,East,2024-03-04,Rejected,
LN103095,54,Female,Married,Post Graduate,Business Owner,69100.0,767.0,0,18000.0,36,Debt Consolidation,North,2023-02-06,Approved,0
LN102537,43,Male,Married,Not Graduate,Salaried,30900.0,520.0,3,16200.0,48,Debt Consolidation,West,2024-01-14,Rejected,
LN102883,23,Male,Divorced,Post Graduate,Salaried,75100.0,622.0,4,12700.0,24,Debt Consolidation,South,2023-12-10,Rejected,
LN100160,65,Male,Single,Graduate,Business Owner,74400.0,750.0,2,39000.0,24,Auto,Central,2023-04-02,Approved,0
LN102689,65,Female,Single,Post Graduate,Salaried,105300.0,715.0,0,58000.0,60,Medical,West,2023-12-01,Approved,0
LN101385,31,Male,Married,Not Graduate,Salaried,50500.0,717.0,0,16000.0,60,Personal,North,2023-07-20,Rejected,
LN102000,60,Male,Married,Not Graduate,Business Owner,54800.0,647.0,2,16600.0,24,Business,North,2023-04-10,Approved,0
LN101608,31,Male,Married,Post Graduate,Salaried,57300.0,641.0,0,14900.0,36,Debt Consolidation,North,2023-07-05,Rejected,
LN101137,37,Female,Married,Not Graduate,Self-Employed,26300.0,627.0,1,7900.0,48,Auto,Central,2023-08-30,Approved,0
LN101198,57,Female,Divorced,Graduate,Salaried,68500.0,575.0,2,15700.0,12,Auto,North,2024-12-01,Approved,0
LN102739,36,Female,Single,Graduate,Business Owner,68900.0,551.0,1,22400.0,24,Medical,East,2024-06-13,Rejected,
LN102338,22,Female,Married,Graduate,Salaried,75800.0,576.0,4,39200.0,36,Medical,East,2023-12-01,Rejected,
LN100162,39,Male,Married,Graduate,Business Owner,57900.0,672.0,2,32300.0,60,Medical,East,2024-12-01,Approved,0
LN102745,39,Female,Single,Not Graduate,Business Owner,35600.0,647.0,0,6400.0,48,Business,West,2023-08-04,Rejected,
LN101644,26,Male,Single,Post Graduate,Salaried,75000.0,651.0,2,28000.0,12,Home Improvement,East,2023-08-07,Rejected,
LN101650,29,Male,Single,Post Graduate,Business Owner,86300.0,655.0,0,36100.0,48,Education,Central,2023-10-21,Rejected,
LN100185,41,Male,Single,Post Graduate,Salaried,75400.0,693.0,0,35300.0,60,Debt Consolidation,South,2024-07-31,Rejected,
LN100459,25,Male,Single,Not Graduate,Salaried,42200.0,562.0,4,24100.0,36,Debt Consolidation,East,2023-07-30,Rejected,
LN101515,62,Female,Married,Post Graduate,Salaried,59200.0,622.0,4,32200.0,24,Medical,Central,2024-09-04,Rejected,
LN102090,60,Male,Married,Not Graduate,Business Owner,63300.0,839.0,4,23700.0,36,Education,South,2023-10-21,Approved,0
LN101007,43,Male,Divorced,Not Graduate,Salaried,34900.0,702.0,2,10200.0,36,Medical,North,2024-08-31,Rejected,
LN101008,54,Female,Single,Not Graduate,Salaried,57100.0,721.0,3,27700.0,36,Debt Consolidation,Central,2024-03-30,Rejected,
LN102813,64,Male,Married,Not Graduate,Salaried,76400.0,792.0,4,40600.0,36,Business,West,2023-10-17,Approved,0
LN102053,63,Male,Married,Graduate,Salaried,73900.0,773.0,0,28400.0,12,Debt Consolidation,South,2024-01-28,Approved,0
LN102123,48,Female,Married,Graduate,Salaried,74200.0,701.0,3,28900.0,60,Debt Consolidation,East,2023-10-12,Approved,0
LN102035,59,Male,Single,Post Graduate,Salaried,100300.0,844.0,3,19000.0,24,Debt Consolidation,South,2023-05-30,Approved,0
LN101287,31,Female,Single,Not Graduate,Self-Employed,111300.0,562.0,4,36600.0,12,Education,South,2023-04-02,Rejected,
LN100368,21,Female,Single,Graduate,Self-Employed,78000.0,762.0,0,12400.0,60,Education,North,2024-05-25,Approved,0
LN101168,65,Male,Married,Graduate,Self-Employed,70900.0,691.0,2,25100.0,12,Medical,South,2024-03-01,Approved,0
LN101402,34,Male,Married,Not Graduate,Business Owner,74300.0,742.0,0,18100.0,36,Auto,East,2024-04-11,Rejected,
LN101580,34,Female,Married,Not Graduate,Salaried,96400.0,643.0,4,61900.0,24,Medical,North,2024-03-26,Approved,0
LN101318,41,Male,Divorced,Not Graduate,Salaried,71500.0,763.0,3,20200.0,48,Personal,East,2024-04-06,Approved,0
LN100493,48,Male,Married,Post Graduate,Salaried,90500.0,597.0,2,31400.0,24,Personal,East,2023-05-27,Approved,0
LN100231,59,Male,Divorced,Graduate,Salaried,51700.0,608.0,0,26700.0,24,Medical,North,2023-12-04,Rejected,
LN102241,50,Female,Single,Graduate,Salaried,12000.0,692.0,0,3400.0,60,Debt Consolidation,Central,2024-10-17,Rejected,
LN100333,58,Female,Married,Not Graduate,Business Owner,80200.0,695.0,3,33300.0,48,Medical,South,2024-11-23,Approved,0
LN102467,51,Female,Married,Graduate,Salaried,63300.0,594.0,0,27400.0,12,Personal,East,2024-09-19,Rejected,
LN100788,45,Female,Married,Graduate,Salaried,63500.0,798.0,0,23000.0,24,Debt Consolidation,West,2023-07-10,Approved,0
LN102216,41,Female,Married,Not Graduate,Business Owner,45200.0,705.0,0,17700.0,36,Debt Consolidation,South,2023-08-16,Rejected,
LN101463,23,Male,Married,Graduate,Business Owner,60000.0,491.0,0,15600.0,24,Auto,North,2023-07-07,Rejected,
LN102756,60,Female,Single,Post Graduate,Salaried,95700.0,570.0,4,29500.0,48,Debt Consolidation,South,2024-11-07,Approved,0
LN100380,21,Male,Married,Graduate,Self-Employed,489500.0,694.0,3,297600.0,36,Education,West,2024-07-29,Approved,1
LN102185,34,Female,Married,Graduate,Self-Employed,86700.0,587.0,3,45900.0,84,Medical,Central,2024-02-15,Rejected,
LN100067,37,Male,Single,Graduate,Self-Employed,33900.0,486.0,0,18800.0,60,Business,North,2023-09-05,Rejected,
LN101458,32,Male,Married,Not Graduate,Salaried,66300.0,745.0,3,25300.0,48,Home Improvement,West,2024-08-21,Approved,0
LN101844,54,Male,Married,Graduate,Salaried,46100.0,763.0,1,23500.0,60,Personal,West,2024-09-26,Rejected,
LN100477,21,Male,Married,Graduate,Salaried,82700.0,698.0,2,52000.0,36,Home Improvement,North,2023-10-21,Approved,0
LN102334,45,Female,Single,Graduate,Self-Employed,77400.0,668.0,3,47100.0,60,Medical,Central,2024-01-21,Rejected,
LN102037,22,Male,Married,Not Graduate,Self-Employed,77300.0,669.0,4,28800.0,48,Debt Consolidation,South,2023-02-02,Approved,0
LN102670,56,Female,Single,Graduate,Salaried,54500.0,531.0,2,34800.0,24,Medical,Central,2024-05-09,Rejected,
LN102802,65,Male,Married,Not Graduate,Self-Employed,65200.0,655.0,2,22000.0,36,Business,South,2024-10-26,Approved,0
LN102675,47,Male,Married,Not Graduate,Salaried,63300.0,684.0,1,31700.0,36,Medical,South,2024-01-19,Approved,0
LN101281,54,Male,Single,Post Graduate,Salaried,115200.0,551.0,3,24000.0,36,Education,Central,2024-08-28,Approved,0
LN102071,50,Female,Married,Post Graduate,Salaried,60300.0,685.0,4,34700.0,48,Medical,West,2023-11-26,Approved,0
LN100207,64,Female,Married,Graduate,Salaried,60500.0,609.0,4,35800.0,24,Debt Consolidation,West,2024-02-21,Approved,0
LN101333,57,Male,Single,Not Graduate,Self-Employed,66700.0,693.0,3,32500.0,36,Business,West,2024-05-19,Rejected,
LN100199,64,Female,Married,Graduate,Salaried,45400.0,641.0,4,15900.0,24,Business,North,2023-08-17,Rejected,
LN103115,43,Male,Widowed,Graduate,Salaried,76300.0,593.0,2,20300.0,24,Business,North,2024-02-17,Approved,0
LN102333,58,Male,Married,Graduate,Business Owner,71300.0,551.0,1,41000.0,36,Education,Central,2023-07-08,Approved,0
LN100881,59,Male,Single,Post Graduate,Business Owner,56500.0,607.0,0,33400.0,24,Home Improvement,North,2023-06-21,Rejected,
LN100143,39,Female,Widowed,Graduate,Salaried,64300.0,653.0,1,34200.0,24,Debt Consolidation,Central,2023-01-29,Rejected,
LN100249,22,Female,Widowed,Graduate,Self-Employed,80400.0,696.0,4,34500.0,36,Home Improvement,North,2023-06-24,Rejected,
LN102456,58,Male,Married,Not Graduate,Salaried,48600.0,731.0,3,14100.0,60,Personal,South,2024-02-26,Rejected,
LN102040,34,Male,Married,Graduate,Salaried,62400.0,697.0,2,19200.0,48,Auto,Central,2024-11-29,Rejected,
LN102073,36,Male,Single,Post Graduate,Salaried,66800.0,788.0,3,41800.0,36,Auto,Central,2024-12-26,Approved,0
LN100417,26,Male,Single,Post Graduate,Salaried,85300.0,665.0,2,38500.0,60,Business,South,2023-01-09,Rejected,
LN103034,25,Female,Married,Post Graduate,Salaried,99100.0,796.0,3,50700.0,60,Education,South,2023-11-19,Approved,0
LN102279,51,Male,Widowed,Post Graduate,Salaried,80900.0,721.0,0,21000.0,84,Home Improvement,South,2024-08-22,Rejected,
LN101802,41,Female,Single,Not Graduate,Business Owner,63300.0,808.0,0,13300.0,36,Home Improvement,South,2023-06-01,Approved,0
LN102594,34,Male,Married,Post Graduate,Salaried,101000.0,602.0,4,56300.0,48,Debt Consolidation,South,2023-11-28,Rejected,
LN101987,30,Female,Married,Post Graduate,Salaried,36700.0,674.0,1,6600.0,24,Education,North,2023-10-25,Rejected,
LN102665,45,Female,Single,Not Graduate,Salaried,87100.0,679.0,2,46900.0,36,Debt Consolidation,North,2024-08-31,Approved,1
LN102753,50,Male,Single,Graduate,Business Owner,98600.0,762.0,0,32000.0,48,Education,North,2024-02-20,Approved,0
LN101870,22,Female,Single,Graduate,Self-Employed,12000.0,428.0,0,3000.0,36,Debt Consolidation,East,2024-09-11,Rejected,
LN101128,46,Male,Divorced,Graduate,Salaried,89200.0,496.0,1,25100.0,60,Auto,West,2024-05-29,Rejected,
LN102134,40,Male,Married,Not Graduate,Self-Employed,47300.0,788.0,4,14300.0,48,Education,South,2024-01-06,Approved,0
LN102505,26,Male,Married,Not Graduate,Business Owner,33900.0,704.0,0,16900.0,36,Business,East,2023-10-22,Approved,0
LN100912,37,Male,Widowed,Not Graduate,Business Owner,26100.0,672.0,4,9900.0,36,Debt Consolidation,West,2023-04-27,Rejected,
LN101718,39,Male,Single,Post Graduate,Salaried,17400.0,575.0,2,8800.0,60,Home Improvement,West,2023-11-19,Rejected,
LN100083,58,Male,Single,Not Graduate,Salaried,34500.0,778.0,3,7600.0,60,Business,South,2024-08-17,Approved,0
LN100765,56,Female,Single,Graduate,Salaried,88100.0,682.0,3,49700.0,24,Medical,North,2024-03-31,Approved,0
LN100102,57,Male,Single,Not Graduate,Salaried,98100.0,739.0,2,24000.0,48,Education,North,2024-06-17,Approved,1
LN100146,22,Female,Married,Graduate,Business Owner,73700.0,616.0,4,27500.0,36,Auto,North,2023-02-12,Rejected,
LN101133,55,Male,Single,Not Graduate,Salaried,84100.0,707.0,0,32100.0,24,Business,West,2024-07-16,Approved,0
LN102164,63,Male,Single,Graduate,Salaried,92000.0,654.0,0,30400.0,12,Home Improvement,East,2023-11-09,Approved,0
LN100394,53,Female,Divorced,Graduate,Salaried,104700.0,640.0,1,57100.0,48,Business,Central,2024-07-22,Approved,1
LN101758,46,Female,Divorced,Graduate,Salaried,72200.0,745.0,3,43500.0,48,Education,East,2024-08-15,Approved,1
LN103025,49,Female,Single,Not Graduate,Salaried,77400.0,726.0,0,12800.0,48,Home Improvement,West,2023-07-28,Rejected,
LN101221,45,Female,Divorced,Graduate,Salaried,77300.0,670.0,1,29200.0,60,Business,South,2023-09-07,Approved,0
LN101536,27,Male,Married,Post Graduate,Salaried,72300.0,545.0,1,13600.0,36,Debt Consolidation,South,2023-09-19,Rejected,
LN102561,37,Male,Married,Not Graduate,Self-Employed,12700.0,675.0,0,6800.0,36,Business,West,2023-04-27,Rejected,
LN102785,26,Female,Single,Post Graduate,Salaried,114800.0,577.0,1,45600.0,36,Auto,West,2023-12-30,Rejected,
LN100321,25,Male,Single,Not Graduate,Salaried,65200.0,635.0,0,17000.0,36,Personal,Central,2024-12-18,Approved,0
LN100111,56,Male,Married,Graduate,Self-Employed,59900.0,636.0,2,38200.0,36,Auto,Central,2023-04-10,Rejected,
LN100588,58,Male,Married,Graduate,Business Owner,63300.0,747.0,0,30800.0,36,Education,West,2024-01-09,Approved,0
LN102458,42,Male,Married,Graduate,Salaried,45300.0,753.0,0,7800.0,24,Home Improvement,North,2024-09-01,Approved,0
LN103158,51,Male,Single,Graduate,Salaried,60700.0,758.0,0,10400.0,12,Personal,South,2023-05-30,Approved,0
LN102236,32,Female,Single,Post Graduate,Salaried,50100.0,750.0,4,7700.0,36,Auto,North,2024-03-21,Rejected,
LN100136,48,Male,Single,Not Graduate,Salaried,50000.0,667.0,0,14100.0,36,Debt Consolidation,East,2023-08-24,Rejected,
LN101598,59,Male,Married,Not Graduate,Self-Employed,24900.0,780.0,0,3800.0,36,Medical,North,2023-11-26,Rejected,
LN100653,57,Female,Single,Graduate,Business Owner,78000.0,809.0,4,35800.0,12,Debt Consolidation,North,2023-08-15,Approved,1
LN102039,41,Female,Divorced,Not Graduate,Salaried,83500.0,659.0,2,26500.0,24,Home Improvement,North,2023-11-19,Approved,0
LN102611,62,Male,Married,Graduate,Business Owner,74300.0,691.0,4,47500.0,36,Medical,East,2024-05-03,Approved,0
LN103000,56,Female,Single,Post Graduate,Self-Employed,128100.0,788.0,1,73300.0,36,Debt Consolidation,South,2024-11-03,Approved,0
LN101841,25,Male,Married,Graduate,Self-Employed,42000.0,671.0,4,11100.0,48,Home Improvement,Central,2024-12-07,Rejected,
LN102683,57,Male,Married,Post Graduate,Salaried,93900.0,617.0,1,17700.0,24,Debt Consolidation,North,2023-12-15,Approved,0
LN101047,48,Female,Married,Graduate,Self-Employed,75200.0,696.0,4,48000.0,84,Personal,Central,2023-08-01,Approved,0
LN102770,50,Male,Married,Graduate,Business Owner,32300.0,533.0,4,17600.0,48,Home Improvement,North,2024-09-05,Rejected,
LN100930,45,Female,Single,Not Graduate,Self-Employed,79700.0,679.0,0,39400.0,36,Education,South,2023-05-05,Approved,0
LN101464,59,Male,Married,Post Graduate,Salaried,54500.0,564.0,4,27400.0,48,Auto,North,2024-03-25,Rejected,
LN100220,26,Female,Divorced,Graduate,Business Owner,12000.0,610.0,1,3700.0,48,Home Improvement,South,2023-12-16,Rejected,
LN100927,34,Female,Single,Post Graduate,Self-Employed,92500.0,595.0,2,31500.0,36,Business,South,2024-05-24,Approved,0
LN102874,38,Female,Married,Post Graduate,Self-Employed,73500.0,850.0,1,45700.0,36,Home Improvement,West,2023-06-15,Approved,1
LN102212,48,Female,Single,Graduate,Business Owner,58400.0,672.0,4,36200.0,48,Business,West,2024-12-29,Approved,0
LN102082,35,Female,Married,Graduate,Salaried,48900.0,650.0,1,18000.0,12,Business,North,2024-04-02,Rejected,
LN102385,60,Male,Married,Graduate,Salaried,63300.0,669.0,1,20300.0,24,Medical,East,2024-04-22,Approved,0
LN102293,54,Female,Married,Graduate,Salaried,32400.0,482.0,1,19300.0,36,Auto,North,2023-01-08,Rejected,
LN100533,33,Female,Single,Post Graduate,Salaried,62000.0,585.0,4,30600.0,60,Debt Consolidation,North,2023-03-31,Rejected,
LN101547,59,Female,Married,Not Graduate,Salaried,72400.0,715.0,4,30600.0,36,Medical,South,2024-09-02,Approved,0
LN100606,35,Female,Single,Graduate,Salaried,63300.0,682.0,2,36700.0,36,Debt Consolidation,Central,2023-10-02,Approved,0
LN100074,51,Female,Married,Post Graduate,Salaried,85000.0,779.0,3,24700.0,36,Business,West,2024-03-12,Approved,0
LN101968,58,Female,Married,Graduate,Self-Employed,50700.0,605.0,3,12700.0,12,Auto,North,2024-01-24,Rejected,
LN102464,41,Male,Married,Graduate,Business Owner,51400.0,573.0,2,26300.0,12,Education,South,2024-02-27,Rejected,
LN101322,45,Male,Married,Graduate,Salaried,76000.0,761.0,2,30600.0,48,Home Improvement,North,2023-11-06,Approved,0
LN101745,65,Female,Divorced,Not Graduate,Self-Employed,66500.0,571.0,3,24300.0,84,Debt Consolidation,Central,2023-08-08,Rejected,
LN100113,41,Male,Divorced,Not Graduate,Salaried,75200.0,537.0,1,25900.0,48,Home Improvement,North,2024-10-31,Rejected,
LN100986,48,Male,Divorced,Graduate,Salaried,65900.0,732.0,4,16400.0,12,Debt Consolidation,North,2023-12-30,Rejected,
LN102794,24,Male,Married,Graduate,Salaried,42700.0,630.0,3,15700.0,36,Medical,East,2024-05-18,Rejected,
LN101626,47,Female,Single,Graduate,Business Owner,45600.0,677.0,3,13900.0,24,Home Improvement,West,2023-06-08,Rejected,
LN100222,52,Female,Divorced,Graduate,Self-Employed,74600.0,642.0,0,28000.0,12,Home Improvement,West,2024-03-24,Rejected,
LN100518,42,Male,Married,Not Graduate,Self-Employed,63300.0,652.0,0,21100.0,24,Home Improvement,East,2024-10-14,Rejected,
LN101348,54,Female,Divorced,Not Graduate,Salaried,32400.0,688.0,0,5300.0,84,Auto,North,2024-08-06,Approved,0
LN101502,31,Female,Married,Not Graduate,Self-Employed,61100.0,597.0,4,25800.0,36,Medical,South,2023-04-17,Rejected,
LN101119,43,Female,Single,Post Graduate,Business Owner,89500.0,700.0,4,35400.0,84,Personal,South,2023-11-10,Approved,0
LN100035,23,Male,Married,Post Graduate,Self-Employed,99500.0,716.0,1,26600.0,48,Auto,East,2023-01-14,Approved,0
LN100830,32,Female,Married,Graduate,Salaried,81700.0,661.0,4,43900.0,24,Home Improvement,North,2024-05-12,Approved,0
LN102260,22,Female,Single,Post Graduate,Salaried,78800.0,619.0,3,37300.0,36,Debt Consolidation,West,2023-02-03,Rejected,
LN100347,63,Female,Married,Graduate,Salaried,95300.0,632.0,3,41800.0,24,Debt Consolidation,Central,2023-03-07,Rejected,
LN100167,28,Male,Single,Post Graduate,Business Owner,37800.0,713.0,1,24200.0,36,Business,North,2023-02-10,Rejected,
LN102774,45,Female,Single,Graduate,Salaried,37000.0,661.0,2,7100.0,36,Debt Consolidation,East,2024-09-08,Approved,0
LN100116,22,Male,Married,Not Graduate,Salaried,32000.0,761.0,1,15200.0,36,Medical,South,2023-06-20,Approved,0
LN101720,24,Male,Widowed,Not Graduate,Self-Employed,38400.0,689.0,4,10700.0,36,Debt Consolidation,North,2023-06-18,Approved,0
LN100530,47,Male,Married,Not Graduate,Business Owner,77100.0,729.0,2,42500.0,84,Business,West,2023-05-16,Rejected,
LN101726,63,Male,Single,Graduate,Salaried,71500.0,678.0,1,16200.0,36,Debt Consolidation,East,2024-01-23,Approved,0
LN102673,29,Male,Married,Not Graduate,Business Owner,64900.0,540.0,1,23200.0,24,Education,South,2024-10-31,Rejected,
LN100320,35,Female,Married,Graduate,Salaried,44900.0,703.0,1,27700.0,60,Business,Central,2024-11-24,Rejected,
LN101028,46,Male,Married,Graduate,Business Owner,14700.0,565.0,1,4600.0,24,Debt Consolidation,West,2023-03-26,Rejected,
LN100473,42,Male,Divorced,Graduate,Business Owner,88400.0,597.0,3,30900.0,60,Business,East,2023-04-10,Approved,0
LN102091,35,Female,Single,Graduate,Self-Employed,104700.0,477.0,2,28200.0,36,Medical,North,2023-12-26,Rejected,
LN102346,35,Male,Single,Not Graduate,Salaried,39000.0,753.0,4,7100.0,36,Education,West,2024-07-30,Approved,0
LN102731,44,Female,Single,Graduate,Self-Employed,828000.0,768.0,0,340200.0,36,Personal,West,2023-11-19,Approved,0
LN101740,40,Male,Divorced,Not Graduate,Self-Employed,64900.0,587.0,2,39700.0,60,Debt Consolidation,South,2024-12-26,Rejected,
LN102653,37,Female,Married,Graduate,Salaried,57200.0,720.0,1,21100.0,24,Home Improvement,South,2023-11-07,Rejected,
LN101920,38,Female,Married,Graduate,Salaried,58400.0,607.0,3,12400.0,48,Auto,East,2023-09-23,Rejected,
LN100227,47,Female,Married,Graduate,Salaried,101400.0,582.0,1,19100.0,24,Debt Consolidation,North,2024-03-21,Rejected,
LN101787,25,Female,Widowed,Graduate,Salaried,518200.0,734.0,2,248600.0,36,Business,South,2023-06-08,Approved,1
LN101025,23,Female,Single,Not Graduate,Salaried,21200.0,572.0,0,12600.0,24,Personal,South,2024-08-02,Rejected,
LN102820,45,Male,Single,Post Graduate,Business Owner,79300.0,461.0,2,24800.0,60,Education,West,2024-12-25,Rejected,
LN101925,26,Female,Married,Post Graduate,Salaried,63300.0,568.0,3,25900.0,36,Debt Consolidation,South,2023-02-24,Approved,1
LN100081,40,Female,Married,Not Graduate,Salaried,62000.0,541.0,2,22400.0,36,Auto,West,2023-05-26,Rejected,
LN102455,42,Male,Single,Not Graduate,Salaried,67700.0,829.0,4,42000.0,60,Personal,North,2023-04-14,Approved,0
LN102783,58,Female,Married,Graduate,Business Owner,94500.0,698.0,3,18000.0,36,Education,South,2024-07-29,Approved,0
LN103073,56,Male,Single,Graduate,Salaried,59600.0,590.0,0,37600.0,36,Home Improvement,North,2024-10-25,Rejected,
LN101476,43,Male,Single,Not Graduate,Salaried,51000.0,655.0,0,25200.0,24,Debt Consolidation,Central,2023-05-22,Approved,0
LN100668,62,Female,Married,Not Graduate,Salaried,74000.0,603.0,4,27500.0,12,Medical,South,2023-03-11,Approved,1
LN100062,37,Female,Single,Not Graduate,Self-Employed,443500.0,712.0,4,245800.0,48,Home Improvement,West,2023-07-26,Approved,1
LN100849,48,Female,Single,Post Graduate,Business Owner,97500.0,643.0,3,44000.0,24,Debt Consolidation,West,2024-08-15,Approved,0
LN102786,33,Male,Single,Not Graduate,Salaried,22000.0,730.0,2,10200.0,48,Medical,East,2024-08-28,Approved,0
LN101477,38,Female,Married,Not Graduate,Self-Employed,65600.0,567.0,3,17200.0,24,Home Improvement,South,2023-01-21,Rejected,
LN101434,35,Female,Single,Not Graduate,Salaried,12000.0,770.0,1,4900.0,36,Debt Consolidation,Central,2024-04-29,Approved,0
LN102147,63,Male,Married,Graduate,Business Owner,75900.0,769.0,1,33900.0,36,Home Improvement,West,2024-08-13,Rejected,
LN102480,50,Male,Married,Post Graduate,Salaried,86100.0,626.0,0,26800.0,36,Medical,North,2024-11-16,Approved,0
LN101453,32,Female,Single,Not Graduate,Self-Employed,81800.0,683.0,1,17200.0,84,Auto,North,2023-06-03,Rejected,
LN100515,25,Female,Married,Not Graduate,Business Owner,35300.0,565.0,2,22000.0,48,Business,East,2024-04-10,Rejected,
LN101354,30,Female,Married,Not Graduate,Salaried,59300.0,580.0,4,25100.0,36,Auto,Central,2024-09-30,Rejected,
LN100109,52,Male,Single,Not Graduate,Salaried,65400.0,685.0,1,18500.0,84,Debt Consolidation,West,2023-04-28,Approved,1
LN102233,27,Female,Single,Graduate,Self-Employed,81900.0,728.0,2,21000.0,60,Personal,Central,2023-07-31,Approved,1
LN100040,28,Female,Divorced,Graduate,Business Owner,63100.0,698.0,1,36300.0,48,Personal,North,2024-11-17,Approved,0
LN102898,56,Male,Single,Graduate,Salaried,96900.0,702.0,0,42200.0,24,Business,South,2024-12-06,Approved,1
LN101877,61,Female,Divorced,Post Graduate,Business Owner,129000.0,608.0,3,67400.0,60,Education,South,2024-02-03,Rejected,
LN103091,38,Male,Divorced,Graduate,Salaried,53600.0,807.0,4,17400.0,36,Business,West,2023-01-04,Approved,0
LN102447,50,Male,Single,Graduate,Business Owner,60900.0,610.0,1,19900.0,24,Debt Consolidation,South,2023-07-24,Rejected,
LN101125,58,Female,Single,Post Graduate,Salaried,785200.0,552.0,2,196800.0,36,Debt Consolidation,North,2024-03-07,Approved,0
LN101088,50,Male,Divorced,Not Graduate,Salaried,55300.0,604.0,0,33900.0,36,Home Improvement,East,2024-01-31,Rejected,
LN100311,51,Male,Married,Graduate,Salaried,53000.0,725.0,3,17500.0,48,Home Improvement,Central,2024-12-04,Approved,1
LN102407,52,Male,Single,Not Graduate,Salaried,89100.0,786.0,2,51400.0,84,Home Improvement,North,2023-02-28,Rejected,
LN100019,41,Male,Married,Not Graduate,Business Owner,42200.0,618.0,4,19000.0,36,Debt Consolidation,North,2023-05-03,Rejected,
LN101426,51,Male,Married,Graduate,Self-Employed,741800.0,700.0,2,239200.0,24,Business,East,2024-01-26,Rejected,
LN100357,61,Male,Married,Graduate,Salaried,108400.0,655.0,2,27000.0,60,Education,North,2024-02-20,Rejected,
LN100360,59,Female,Widowed,Graduate,Business Owner,65900.0,764.0,4,27100.0,36,Medical,North,2024-12-05,Approved,0
LN102955,65,Female,Divorced,Post Graduate,Business Owner,108500.0,698.0,2,46700.0,48,Home Improvement,West,2023-08-02,Approved,1
LN101788,42,Female,Divorced,Graduate,Salaried,94700.0,747.0,0,15900.0,36,Personal,South,2023-11-09,Approved,0
LN100289,42,Female,Single,Graduate,Business Owner,59900.0,628.0,3,18800.0,36,Auto,South,2024-03-08,Rejected,
LN100392,37,Male,Single,Graduate,Business Owner,46600.0,602.0,2,25600.0,36,Personal,West,2023-01-07,Approved,0
LN101625,65,Female,Single,Not Graduate,Business Owner,43700.0,691.0,2,18800.0,36,Education,South,2024-09-22,Approved,0
LN101882,29,Female,Married,Not Graduate,Salaried,51100.0,760.0,3,14600.0,60,Home Improvement,North,2023-07-05,Approved,0
LN103180,31,Male,Married,Graduate,Self-Employed,82300.0,702.0,2,44400.0,36,Debt Consolidation,South,2024-10-11,Rejected,
LN100657,49,Female,Married,Graduate,Self-Employed,66400.0,839.0,4,38900.0,36,Auto,Central,2023-05-27,Approved,0
LN101246,59,Male,Married,Graduate,Self-Employed,88800.0,625.0,0,25800.0,36,Auto,East,2023-12-21,Rejected,
LN102954,33,Male,Married,Post Graduate,Salaried,79300.0,641.0,3,26900.0,60,Personal,South,2024-01-04,Approved,0
LN102838,30,Male,Married,Graduate,Business Owner,63300.0,729.0,0,9500.0,24,Auto,North,2024-03-18,Rejected,
LN100201,61,Female,Married,Post Graduate,Self-Employed,78000.0,608.0,4,38400.0,84,Personal,East,2023-08-01,Rejected,
LN101929,63,Female,Married,Not Graduate,Salaried,69200.0,558.0,2,41000.0,12,Business,East,2023-02-24,Rejected,
LN103013,54,Female,Single,Graduate,Salaried,68200.0,709.0,1,32400.0,24,Debt Consolidation,North,2024-08-01,Rejected,
LN101421,65,Female,Single,Graduate,Business Owner,26900.0,653.0,4,7300.0,48,Business,West,2023-04-26,Approved,0
LN102923,45,Male,Married,Graduate,Self-Employed,68300.0,667.0,3,29200.0,84,Debt Consolidation,South,2024-09-15,Rejected,
LN103062,38,Female,Single,Graduate,Salaried,63300.0,524.0,3,16300.0,36,Medical,North,2024-10-09,Rejected,
LN100370,36,Male,Married,Graduate,Business Owner,62100.0,703.0,2,10200.0,36,Education,South,2023-08-23,Approved,0
LN102875,44,Female,Married,Not Graduate,Salaried,51800.0,717.0,4,11900.0,60,Debt Consolidation,West,2024-06-17,Rejected,
LN100313,33,Female,Divorced,Graduate,Salaried,56700.0,727.0,1,34400.0,48,Debt Consolidation,Central,2024-04-18,Rejected,
LN102698,26,Female,Married,Post Graduate,Salaried,64000.0,701.0,4,13200.0,12,Debt Consolidation,South,2024-04-11,Approved,1
LN101684,37,Male,Widowed,Graduate,Business Owner,58900.0,586.0,4,14600.0,24,Debt Consolidation,East,2024-06-17,Rejected,
LN100593,65,Male,Married,Graduate,Salaried,57400.0,554.0,1,22400.0,36,Business,South,2024-08-23,Rejected,
LN100970,34,Male,Married,Post Graduate,Self-Employed,68200.0,795.0,2,43800.0,36,Auto,West,2024-04-26,Approved,0
LN100202,43,Male,Married,Graduate,Salaried,31600.0,781.0,0,10300.0,24,Education,Central,2024-08-01,Approved,0
LN103067,52,Male,Single,Graduate,Business Owner,50100.0,741.0,3,25300.0,36,Education,East,2024-05-01,Approved,0
LN102416,48,Male,Married,Graduate,Salaried,81500.0,608.0,3,40900.0,60,Personal,North,2023-07-31,Approved,0
LN103199,32,Female,Widowed,Graduate,Business Owner,63300.0,647.0,1,13100.0,60,Auto,South,2023-09-14,Rejected,
LN101813,43,Male,Single,Graduate,Salaried,27100.0,616.0,2,12600.0,24,Auto,North,2024-11-02,Rejected,
LN102452,25,Female,Divorced,Not Graduate,Salaried,27300.0,523.0,1,10900.0,24,Education,North,2023-01-28,Rejected,
LN100438,24,Female,Married,Post Graduate,Business Owner,109500.0,661.0,3,20000.0,36,Personal,South,2023-04-13,Rejected,
LN100326,31,Male,Married,Not Graduate,Salaried,14300.0,523.0,2,3000.0,36,Business,North,2024-08-14,Rejected,
LN101158,38,Female,Married,Graduate,Salaried,58200.0,525.0,3,16500.0,60,Education,East,2023-06-02,Rejected,
LN102426,28,Female,Single,Graduate,Business Owner,65100.0,792.0,0,37200.0,60,Personal,Central,2023-06-04,Approved,0
LN100387,58,Female,Married,Not Graduate,Salaried,35200.0,724.0,2,8600.0,24,Debt Consolidation,South,2023-09-13,Rejected,
LN101041,59,Female,Single,Graduate,Salaried,63300.0,572.0,0,43200.0,36,Education,East,2023-05-19,Rejected,
LN102880,22,Female,Widowed,Graduate,Self-Employed,70200.0,770.0,2,24500.0,60,Medical,West,2023-01-30,Approved,0
LN101187,47,Female,Single,Not Graduate,Self-Employed,82800.0,702.0,3,52400.0,48,Auto,Central,2023-09-21,Approved,0
LN100281,42,Female,Married,Not Graduate,Salaried,12000.0,674.0,0,7500.0,48,Debt Consolidation,West,2023-10-23,Rejected,
LN102288,63,Female,Single,Graduate,Self-Employed,57000.0,761.0,1,15000.0,36,Medical,South,2024-01-20,Approved,0
LN100351,23,Male,Single,Post Graduate,Business Owner,63300.0,628.0,3,38800.0,24,Debt Consolidation,North,2024-10-06,Approved,0
LN101355,43,Male,Single,Graduate,Salaried,47600.0,598.0,3,14600.0,60,Education,East,2023-06-21,Rejected,
LN101595,28,Male,Married,Graduate,Salaried,57700.0,698.0,3,28000.0,12,Home Improvement,West,2023-08-24,Approved,0
LN100042,52,Female,Single,Post Graduate,Self-Employed,35000.0,481.0,3,13100.0,60,Education,East,2024-05-14,Rejected,
LN102811,33,Male,Married,Not Graduate,Self-Employed,71300.0,649.0,0,43300.0,48,Business,South,2023-10-28,Approved,0
LN102589,36,Female,Single,Not Graduate,Salaried,57500.0,769.0,1,13600.0,24,Debt Consolidation,East,2024-10-24,Approved,0
LN100101,29,Female,Single,Graduate,Salaried,57700.0,804.0,2,20000.0,24,Home Improvement,North,2024-10-09,Approved,0
LN102865,22,Male,Married,Graduate,Self-Employed,59000.0,729.0,1,17500.0,36,Debt Consolidation,West,2023-06-13,Approved,0
LN103141,39,Male,Single,Graduate,Salaried,74200.0,749.0,1,14800.0,12,Auto,North,2024-01-15,Approved,0
LN100446,35,Female,Married,Graduate,Self-Employed,116100.0,563.0,0,28900.0,36,Education,North,2024-08-09,Rejected,
LN102992,29,Female,Single,Not Graduate,Business Owner,43000.0,679.0,3,16100.0,36,Medical,South,2023-09-08,Rejected,
LN101273,51,Male,Single,Not Graduate,Salaried,80300.0,655.0,1,20300.0,48,Education,East,2023-01-03,Rejected,
LN100134,56,Male,Married,Graduate,Salaried,49200.0,788.0,0,31100.0,60,Medical,West,2024-07-01,Approved,0
LN100574,21,Male,Married,Post Graduate,Salaried,119900.0,753.0,3,56800.0,48,Business,East,2023-05-04,Approved,0
LN100876,45,Male,Single,Post Graduate,Self-Employed,62100.0,546.0,0,12600.0,24,Education,West,2023-08-27,Rejected,
LN101675,65,Female,Single,Graduate,Salaried,57200.0,632.0,2,29000.0,48,Medical,West,2023-02-21,Rejected,
LN102376,59,Male,Single,Not Graduate,Salaried,79200.0,755.0,2,35700.0,48,Personal,South,2023-06-27,Approved,0
LN100856,32,Female,Divorced,Post Graduate,Salaried,63300.0,602.0,4,35500.0,60,Business,Central,2024-04-21,Rejected,
LN100128,46,Male,Married,Not Graduate,Business Owner,31500.0,724.0,2,8600.0,24,Business,West,2024-05-16,Approved,0
LN100747,35,Female,Married,Post Graduate,Self-Employed,82300.0,705.0,2,51900.0,48,Home Improvement,West,2024-06-16,Rejected,
LN100572,33,Female,Single,Post Graduate,Salaried,94600.0,657.0,0,50200.0,48,Debt Consolidation,West,2024-01-27,Rejected,
LN102695,37,Male,Married,Graduate,Business Owner,50900.0,573.0,1,20800.0,36,Auto,West,2023-03-21,Rejected,
LN102879,64,Male,Widowed,Not Graduate,Self-Employed,55200.0,630.0,4,22700.0,24,Education,South,2023-10-05,Rejected,
LN100875,43,Male,Divorced,Graduate,Salaried,74000.0,521.0,0,18700.0,36,Medical,West,2023-06-10,Rejected,
LN100103,21,Female,Divorced,Not Graduate,Business Owner,50200.0,622.0,3,23400.0,36,Education,West,2024-05-20,Rejected,
LN102068,35,Male,Married,Graduate,Self-Employed,90400.0,610.0,2,36300.0,60,Debt Consolidation,North,2024-03-19,Approved,0
LN100410,28,Male,Married,Not Graduate,Salaried,70200.0,604.0,4,18300.0,48,Home Improvement,East,2023-12-02,Approved,1
LN102143,48,Female,Married,Graduate,Salaried,64900.0,680.0,1,27400.0,24,Home Improvement,West,2024-02-12,Approved,0
LN101178,32,Male,Single,Not Graduate,Business Owner,36400.0,516.0,4,9000.0,36,Home Improvement,North,2023-09-26,Rejected,
LN102011,38,Male,Single,Not Graduate,Salaried,39700.0,518.0,4,21000.0,24,Auto,North,2024-03-02,Rejected,
LN100604,58,Male,Married,Not Graduate,Self-Employed,49300.0,723.0,2,28300.0,60,Debt Consolidation,South,2024-10-27,Approved,0
LN103061,34,Female,Single,Not Graduate,Salaried,49900.0,675.0,2,26900.0,36,Home Improvement,Central,2024-08-07,Rejected,
LN101233,54,Female,Single,Post Graduate,Salaried,99200.0,468.0,3,17100.0,84,Education,South,2023-01-06,Rejected,
LN102530,62,Female,Single,Not Graduate,Salaried,77200.0,564.0,3,20200.0,24,Education,North,2024-03-27,Rejected,
LN101433,46,Male,Single,Graduate,Self-Employed,92700.0,655.0,3,37200.0,36,Auto,South,2023-04-12,Approved,0
LN100384,22,Female,Single,Graduate,Business Owner,65300.0,582.0,3,39400.0,24,Auto,North,2023-08-07,Rejected,
LN100893,65,Female,Divorced,Graduate,Salaried,42600.0,623.0,3,27300.0,48,Business,Central,2023-03-24,Rejected,
LN100056,45,Male,Married,Not Graduate,Salaried,43500.0,743.0,2,7900.0,36,Business,South,2023-12-14,Rejected,
LN100711,44,Male,Married,Graduate,Business Owner,70600.0,591.0,3,36000.0,36,Personal,East,2023-09-12,Rejected,
LN100324,64,Male,Married,Post Graduate,Business Owner,12000.0,739.0,1,4900.0,48,Personal,North,2023-10-04,Rejected,
LN100078,46,Male,Married,Post Graduate,Salaried,69000.0,796.0,0,30200.0,48,Debt Consolidation,Central,2024-12-08,Approved,0
LN100540,52,Male,Single,Graduate,Self-Employed,33000.0,670.0,1,17000.0,60,Business,North,2023-01-20,Approved,0
LN100355,65,Male,Single,Not Graduate,Self-Employed,55800.0,617.0,1,25000.0,36,Debt Consolidation,Central,2024-03-20,Rejected,
LN102248,28,Male,Married,Graduate,Business Owner,84800.0,825.0,0,51800.0,36,Medical,East,2024-02-05,Approved,0
LN100359,54,Female,Single,Graduate,Self-Employed,63300.0,672.0,2,49300.0,24,Business,East,2023-01-25,Approved,1
LN101018,22,Female,Single,Not Graduate,Salaried,25200.0,604.0,3,11300.0,24,Education,East,2024-11-09,Rejected,
LN102799,38,Female,Married,Post Graduate,Self-Employed,87700.0,705.0,3,37600.0,36,Education,South,2023-04-27,Approved,0
LN103153,56,Female,Single,Not Graduate,Salaried,75500.0,568.0,1,27300.0,24,Home Improvement,Central,2024-04-03,Rejected,
LN100915,41,Female,Single,Graduate,Salaried,53100.0,672.0,1,8000.0,24,Auto,East,2024-03-06,Rejected,
LN100307,45,Male,Single,Not Graduate,Salaried,79500.0,620.0,0,27700.0,24,Home Improvement,East,2024-07-10,Rejected,
LN101413,56,Female,Married,Post Graduate,Business Owner,58100.0,760.0,0,14300.0,48,Debt Consolidation,Central,2024-03-23,Rejected,
LN100813,33,Female,Married,Post Graduate,Salaried,91200.0,660.0,4,31600.0,24,Medical,South,2023-09-10,Rejected,
LN100041,55,Male,Married,Graduate,Salaried,73200.0,596.0,2,25700.0,48,Medical,South,2024-11-07,Approved,0
LN101724,45,Female,Single,Not Graduate,Salaried,51200.0,714.0,4,15700.0,84,Medical,East,2023-07-18,Rejected,
LN101405,27,Female,Married,Not Graduate,Business Owner,65000.0,698.0,3,19600.0,12,Home Improvement,East,2024-01-30,Approved,1
LN102908,26,Female,Single,Post Graduate,Salaried,86400.0,626.0,2,46900.0,24,Debt Consolidation,West,2023-09-02,Rejected,
LN100882,41,Male,Single,Not Graduate,Salaried,50700.0,668.0,0,32200.0,48,Debt Consolidation,West,2024-02-21,Rejected,
LN100698,23,Male,Single,Graduate,Salaried,49100.0,663.0,2,18900.0,48,Auto,West,2024-06-26,Rejected,
LN101995,21,Female,Married,Graduate,Self-Employed,81400.0,691.0,3,39600.0,60,Auto,Central,2023-02-07,Rejected,
LN100003,40,Female,Married,Graduate,Salaried,99000.0,634.0,4,45900.0,60,Home Improvement,North,2023-09-12,Approved,0
LN100215,33,Female,Single,Graduate,Business Owner,75800.0,678.0,1,31000.0,48,Business,East,2023-07-28,Approved,0
LN100976,25,Female,Married,Graduate,Self-Employed,67500.0,661.0,2,26000.0,36,Debt Consolidation,West,2023-03-08,Rejected,
LN100098,49,Male,Divorced,Graduate,Business Owner,12000.0,623.0,0,3000.0,12,Personal,East,2023-10-04,Rejected,
LN103192,51,Male,Single,Not Graduate,Self-Employed,31900.0,633.0,0,12500.0,36,Business,Central,2023-05-30,Rejected,
LN102845,41,Female,Single,Post Graduate,Salaried,66800.0,589.0,0,31400.0,24,Debt Consolidation,Central,2023-11-22,Rejected,
LN102864,24,Male,Single,Not Graduate,Self-Employed,61600.0,623.0,4,9300.0,48,Home Improvement,West,2023-05-10,Rejected,
LN101370,60,Female,Widowed,Post Graduate,Self-Employed,81400.0,566.0,0,50200.0,48,Medical,Central,2024-04-08,Approved,0
LN102003,41,Male,Single,Graduate,Salaried,17400.0,558.0,0,6700.0,36,Education,West,2024-12-09,Rejected,
LN102747,57,Male,Single,Post Graduate,Salaried,92500.0,646.0,2,57800.0,36,Medical,South,2024-08-04,Approved,1
LN102501,25,Female,Married,Graduate,Salaried,74400.0,697.0,2,29600.0,12,Business,Central,2024-11-05,Rejected,
LN102676,64,Male,Married,Graduate,Salaried,88500.0,809.0,1,50000.0,60,Home Improvement,South,2023-06-14,Approved,0
LN101191,33,Male,Married,Graduate,Self-Employed,58400.0,602.0,0,8900.0,36,Home Improvement,East,2024-05-09,Rejected,
LN101851,32,Female,Widowed,Not Graduate,Business Owner,52500.0,731.0,3,29700.0,60,Debt Consolidation,West,2024-06-27,Approved,0
LN101989,62,Male,Divorced,Graduate,Business Owner,48800.0,738.0,3,15100.0,36,Business,West,2024-01-07,Rejected,
LN101516,42,Male,Married,Post Graduate,Self-Employed,63300.0,604.0,2,9400.0,36,Business,Central,2024-11-02,Approved,0
LN100700,44,Female,Single,Graduate,Salaried,51600.0,660.0,1,17400.0,60,Business,South,2024-03-18,Approved,0
LN100455,45,Female,Divorced,Graduate,Self-Employed,63400.0,702.0,1,28100.0,24,Debt Consolidation,North,2024-11-22,Approved,0
LN102532,62,Female,Single,Graduate,Self-Employed,41800.0,630.0,4,12700.0,60,Auto,South,2023-05-27,Rejected,
LN101579,48,Female,Married,Graduate,Business Owner,96000.0,525.0,0,45700.0,48,Auto,West,2024-08-21,Rejected,
LN102374,52,Male,Single,Not Graduate,Self-Employed,43900.0,696.0,1,15300.0,12,Debt Consolidation,East,2023-02-13,Rejected,
LN100521,27,Male,Married,Graduate,Self-Employed,86200.0,615.0,0,28300.0,36,Business,South,2023-04-04,Approved,0
LN101260,32,Male,Married,Post Graduate,Business Owner,67000.0,785.0,0,11000.0,48,Auto,Central,2023-09-07,Approved,0
LN101683,56,Male,Married,Graduate,Business Owner,53500.0,543.0,0,13000.0,24,Education,North,2024-12-20,Rejected,
LN102167,58,Male,Single,Post Graduate,Salaried,44800.0,713.0,4,28500.0,24,Debt Consolidation,North,2023-05-28,Rejected,
LN101037,21,Male,Married,Not Graduate,Salaried,75200.0,737.0,0,37700.0,60,Auto,East,2023-04-18,Approved,0
LN100389,27,Male,Married,Not Graduate,Salaried,12000.0,677.0,0,3800.0,60,Debt Consolidation,North,2023-08-29,Approved,0
LN100951,34,Female,Married,Not Graduate,Business Owner,64100.0,605.0,1,38000.0,60,Home Improvement,West,2023-04-10,Approved,0
LN101966,37,Male,Divorced,Graduate,Salaried,84000.0,696.0,4,37600.0,24,Debt Consolidation,West,2023-10-01,Approved,0
LN100411,31,Male,Single,Not Graduate,Self-Employed,63300.0,779.0,2,5000.0,24,Business,West,2024-02-19,Rejected,
LN101959,29,Female,Single,Graduate,Salaried,77100.0,678.0,1,21400.0,60,Medical,South,2024-03-20,Rejected,
LN101806,21,Female,Divorced,Not Graduate,Self-Employed,68900.0,598.0,3,20700.0,24,Education,North,2024-07-06,Rejected,
LN102354,34,Male,Married,Graduate,Salaried,44000.0,501.0,4,18500.0,36,Personal,South,2023-12-07,Rejected,
LN101301,39,Female,Single,Graduate,Salaried,46300.0,760.0,2,11500.0,24,Medical,South,2024-03-28,Rejected,
LN102733,30,Female,Single,Post Graduate,Self-Employed,27500.0,545.0,1,10100.0,48,Education,West,2024-04-21,Rejected,
LN101296,32,Male,Single,Graduate,Self-Employed,120200.0,754.0,0,76700.0,48,Auto,North,2024-10-01,Approved,0
LN101714,49,Male,Single,Graduate,Salaried,57500.0,693.0,4,27300.0,36,Home Improvement,South,2023-08-12,Approved,0
LN101268,63,Female,Single,Post Graduate,Salaried,85300.0,540.0,3,24500.0,36,Medical,Central,2024-12-26,Rejected,
LN102522,30,Male,Married,Graduate,Self-Employed,63300.0,684.0,2,46900.0,12,Personal,South,2023-01-12,Approved,0
LN102144,37,Male,Married,Not Graduate,Salaried,12000.0,753.0,0,3100.0,12,Education,North,2023-04-23,Approved,0
LN102982,57,Male,Married,Graduate,Self-Employed,41500.0,628.0,3,16300.0,48,Education,West,2024-07-17,Rejected,
LN101021,24,Female,Divorced,Post Graduate,Self-Employed,106100.0,621.0,4,24300.0,48,Debt Consolidation,Central,2024-11-03,Approved,0
LN100501,50,Male,Married,Not Graduate,Business Owner,103900.0,687.0,3,49300.0,12,Medical,East,2023-01-04,Approved,0
LN103032,46,Male,Single,Post Graduate,Business Owner,40800.0,714.0,1,14100.0,12,Debt Consolidation,South,2023-11-03,Approved,0
LN100758,26,Female,Married,Graduate,Business Owner,48900.0,655.0,2,19800.0,60,Business,South,2024-01-09,Approved,0
LN102366,36,Female,Married,Not Graduate,Self-Employed,45200.0,639.0,3,7500.0,36,Debt Consolidation,Central,2023-11-30,Approved,0
LN100428,22,Female,Single,Post Graduate,Salaried,60000.0,655.0,0,28300.0,12,Personal,West,2024-07-29,Rejected,
LN101748,57,Female,Married,Post Graduate,Salaried,32200.0,544.0,3,7400.0,36,Personal,North,2023-06-04,Rejected,
LN101317,47,Male,Single,Graduate,Salaried,81000.0,756.0,1,29900.0,60,Debt Consolidation,East,2023-12-05,Approved,1
LN101136,53,Male,Single,Graduate,Salaried,57800.0,681.0,3,36000.0,36,Education,Central,2023-08-11,Rejected,
LN100073,26,Male,Married,Graduate,Salaried,48300.0,651.0,2,25200.0,60,Home Improvement,Central,2023-01-19,Rejected,
LN100025,49,Female,Married,Graduate,Salaried,16700.0,653.0,0,3000.0,24,Auto,North,2023-09-30,Rejected,
LN103076,25,Male,Married,Graduate,Self-Employed,63300.0,530.0,1,38500.0,36,Business,North,2024-11-20,Rejected,
LN101344,29,Male,Married,Not Graduate,Self-Employed,50300.0,739.0,2,21700.0,60,Business,East,2024-01-10,Approved,0
LN102936,55,Female,Married,Not Graduate,Self-Employed,23300.0,589.0,0,9800.0,36,Medical,East,2023-02-07,Rejected,
LN101126,59,Female,Married,Graduate,Self-Employed,37800.0,655.0,0,17000.0,36,Debt Consolidation,South,2023-01-12,Approved,0
LN101874,39,Female,Married,Graduate,Salaried,70400.0,354.0,0,33400.0,24,Medical,Central,2023-04-19,Rejected,
LN101139,45,Female,Divorced,Graduate,Salaried,63300.0,682.0,1,13000.0,48,Medical,Central,2024-05-18,Rejected,
LN100505,41,Female,Married,Graduate,Self-Employed,56200.0,562.0,2,22800.0,36,Education,West,2023-09-15,Rejected,
LN101897,60,Female,Single,Not Graduate,Salaried,53100.0,557.0,0,13100.0,36,Debt Consolidation,Central,2024-05-04,Rejected,
LN101394,30,Female,Single,Not Graduate,Salaried,87600.0,627.0,1,53800.0,24,Debt Consolidation,East,2023-07-04,Rejected,
LN102495,30,Male,Widowed,Post Graduate,Salaried,110900.0,611.0,4,58700.0,60,Education,East,2024-08-15,Rejected,
LN102301,27,Female,Single,Not Graduate,Salaried,40400.0,777.0,3,7700.0,48,Debt Consolidation,Central,2023-03-05,Approved,0
LN102930,28,Female,Married,Graduate,Business Owner,102600.0,624.0,0,27700.0,12,Home Improvement,South,2024-12-04,Rejected,
LN101942,60,Male,Single,Not Graduate,Salaried,49800.0,661.0,2,18500.0,12,Debt Consolidation,East,2023-11-10,Rejected,
LN101777,28,Female,Married,Not Graduate,Self-Employed,63300.0,591.0,2,27100.0,24,Business,East,2024-01-07,Rejected,
LN101120,21,Female,Married,Not Graduate,Self-Employed,54000.0,710.0,3,22500.0,36,Personal,Central,2024-05-16,Rejected,
LN102399,54,Male,Married,Post Graduate,Salaried,34700.0,741.0,1,16300.0,36,Auto,South,2024-10-23,Approved,0
LN102423,58,Female,Single,Graduate,Salaried,86500.0,613.0,3,26800.0,36,Medical,East,2024-05-06,Approved,0
LN100611,41,Female,Married,Not Graduate,Self-Employed,97600.0,558.0,3,44500.0,24,Debt Consolidation,South,2024-07-29,Rejected,
LN101138,54,Female,Married,Graduate,Business Owner,62100.0,763.0,3,11400.0,36,Auto,South,2023-09-26,Approved,0
LN100425,29,Male,Married,Not Graduate,Salaried,51500.0,649.0,4,15300.0,24,Home Improvement,North,2023-12-18,Rejected,
LN100648,64,Male,Married,Graduate,Salaried,75100.0,582.0,0,24900.0,36,Home Improvement,North,2024-10-31,Rejected,
LN101089,27,Female,Single,Graduate,Salaried,81700.0,702.0,0,36300.0,48,Education,North,2024-03-04,Approved,0
LN102621,38,Male,Single,Graduate,Business Owner,55400.0,592.0,1,20400.0,24,Home Improvement,West,2024-04-26,Rejected,
LN101535,22,Female,Single,Graduate,Salaried,46000.0,648.0,3,16700.0,36,Home Improvement,East,2024-08-10,Rejected,
LN101408,21,Male,Single,Not Graduate,Salaried,86500.0,688.0,2,25200.0,48,Medical,Central,2024-02-04,Approved,0
LN100565,31,Male,Widowed,Graduate,Salaried,38800.0,543.0,1,11100.0,36,Personal,West,2024-09-10,Rejected,
LN101903,32,Female,Single,Not Graduate,Business Owner,68700.0,529.0,4,44000.0,36,Business,North,2024-08-06,Rejected,
LN100885,54,Male,Single,Graduate,Business Owner,43500.0,594.0,4,18000.0,36,Personal,Central,2023-02-15,Rejected,
LN103103,40,Male,Married,Not Graduate,Salaried,12000.0,589.0,2,3300.0,36,Medical,East,2023-12-07,Rejected,
LN102629,22,Male,Divorced,Not Graduate,Salaried,74200.0,698.0,0,12100.0,24,Business,North,2024-01-27,Rejected,
LN100782,26,Male,Married,Post Graduate,Self-Employed,103600.0,691.0,1,31600.0,24,Business,South,2024-04-23,Approved,0
LN102768,42,Male,Divorced,Post Graduate,Salaried,68300.0,740.0,3,23300.0,12,Auto,North,2023-07-19,Approved,0
LN102543,38,Male,Single,Not Graduate,Business Owner,61000.0,702.0,2,26800.0,48,Personal,East,2024-08-30,Approved,0
LN100629,37,Female,Married,Post Graduate,Salaried,78400.0,679.0,1,18600.0,36,Business,South,2024-02-18,Approved,0
LN103049,52,Female,Married,Graduate,Self-Employed,62800.0,673.0,3,21800.0,36,Auto,West,2023-11-15,Rejected,
LN103052,54,Male,Married,Post Graduate,Business Owner,95100.0,606.0,3,28200.0,12,Education,West,2023-12-14,Rejected,
LN100500,26,Female,Married,Graduate,Salaried,67400.0,695.0,3,15300.0,36,Business,South,2024-07-31,Rejected,
LN101872,48,Female,Married,Not Graduate,Self-Employed,38000.0,644.0,4,14800.0,36,Education,South,2023-07-20,Rejected,
LN102057,54,Male,Single,Graduate,Self-Employed,81000.0,657.0,0,44500.0,36,Personal,North,2023-01-22,Approved,1
LN100408,63,Male,Single,Post Graduate,Salaried,78400.0,810.0,2,38700.0,36,Auto,East,2023-08-07,Approved,0
LN101343,46,Male,Married,Graduate,Self-Employed,59600.0,609.0,0,16100.0,36,Debt Consolidation,West,2024-03-30,Rejected,
LN100164,39,Male,Single,Graduate,Salaried,60300.0,655.0,3,19800.0,48,Home Improvement,South,2024-12-26,Approved,0
LN102671,59,Female,Married,Not Graduate,Self-Employed,25600.0,673.0,1,7700.0,36,Debt Consolidation,West,2024-07-08,Rejected,
LN100243,50,Female,Married,Graduate,Salaried,51400.0,689.0,1,25400.0,60,Home Improvement,North,2023-07-10,Rejected,
LN103029,61,Male,Single,Post Graduate,Salaried,92900.0,605.0,3,42900.0,24,Debt Consolidation,East,2024-12-17,Rejected,
LN103185,63,Male,Single,Graduate,Salaried,50200.0,682.0,0,23300.0,36,Personal,South,2024-09-20,Rejected,
LN101678,62,Male,Single,Graduate,Self-Employed,67100.0,646.0,2,43200.0,24,Education,North,2023-06-15,Rejected,
LN101522,29,Male,Divorced,Graduate,Salaried,104200.0,606.0,1,27500.0,48,Medical,Central,2024-10-05,Rejected,
LN101649,58,Female,Married,Graduate,Salaried,55500.0,655.0,4,14800.0,48,Debt Consolidation,North,2024-01-06,Rejected,
LN100378,38,Female,Married,Graduate,Self-Employed,60200.0,646.0,2,11900.0,48,Personal,North,2024-11-24,Rejected,
LN101087,65,Female,Married,Post Graduate,Business Owner,48800.0,546.0,3,15400.0,48,Education,West,2024-07-13,Rejected,
LN101772,37,Male,Married,Not Graduate,Business Owner,58900.0,600.0,1,20000.0,36,Home Improvement,North,2023-10-18,Rejected,
LN102859,41,Female,Married,Graduate,Salaried,64000.0,414.0,1,41100.0,48,Personal,North,2023-11-08,Rejected,
LN103037,27,Female,Married,Graduate,Self-Employed,90300.0,612.0,2,35500.0,24,Debt Consolidation,West,2023-01-16,Approved,1
LN102741,25,Male,Married,Not Graduate,Salaried,25200.0,632.0,1,6600.0,24,Personal,North,2024-08-09,Rejected,
LN101754,49,Female,Single,Not Graduate,Business Owner,16200.0,581.0,3,10300.0,36,Home Improvement,North,2024-02-20,Rejected,
LN100294,45,Male,Widowed,Not Graduate,Self-Employed,62000.0,477.0,0,23200.0,48,Personal,East,2024-07-20,Rejected,
LN101326,51,Female,Single,Not Graduate,Business Owner,57500.0,679.0,2,31000.0,48,Medical,South,2024-12-22,Approved,0
LN100965,47,Male,Married,Graduate,Salaried,94700.0,694.0,3,15100.0,48,Medical,North,2024-05-14,Rejected,
LN102309,45,Female,Single,Graduate,Business Owner,78300.0,694.0,3,13700.0,36,Business,North,2023-06-21,Rejected,
LN103161,61,Female,Single,Not Graduate,Salaried,58100.0,614.0,1,10000.0,36,Debt Consolidation,East,2024-12-04,Approved,0
LN103162,28,Female,Married,Graduate,Salaried,47000.0,700.0,0,16300.0,48,Auto,South,2023-03-28,Approved,0
LN100315,50,Male,Divorced,Not Graduate,Salaried,53500.0,641.0,2,9800.0,36,Home Improvement,South,2024-09-10,Approved,0
LN100528,62,Male,Married,Not Graduate,Business Owner,69300.0,625.0,0,19700.0,48,Personal,South,2024-06-17,Approved,0
LN103134,52,Female,Married,Not Graduate,Salaried,63300.0,591.0,2,17300.0,60,Debt Consolidation,East,2024-05-23,Approved,0
LN101177,29,Female,Single,Graduate,Business Owner,31000.0,722.0,1,14600.0,48,Auto,East,2023-05-30,Rejected,
LN100189,34,Male,Single,Post Graduate,Salaried,68500.0,554.0,0,30900.0,36,Education,North,2023-04-27,Rejected,
LN100027,58,Male,Married,Not Graduate,Business Owner,77500.0,688.0,4,30100.0,48,Debt Consolidation,East,2023-12-12,Approved,0
LN102119,52,Female,Married,Graduate,Salaried,67800.0,809.0,3,19500.0,12,Education,South,2024-04-01,Rejected,
LN101673,55,Female,Married,Not Graduate,Business Owner,18700.0,594.0,2,6800.0,24,Home Improvement,North,2023-02-15,Rejected,
LN100274,39,Female,Widowed,Graduate,Salaried,47600.0,631.0,0,15200.0,60,Debt Consolidation,West,2024-08-17,Rejected,
LN101072,55,Male,Single,Not Graduate,Salaried,40200.0,564.0,1,20200.0,36,Home Improvement,South,2024-06-16,Rejected,
LN101074,42,Female,Single,Not Graduate,Business Owner,45000.0,649.0,1,18600.0,36,Auto,East,2024-05-06,Rejected,
LN102149,59,Male,Divorced,Not Graduate,Business Owner,63300.0,629.0,4,5700.0,24,Auto,South,2024-03-11,Approved,0
LN100132,25,Female,Married,Post Graduate,Salaried,108000.0,704.0,3,26000.0,36,Auto,West,2023-06-02,Approved,1
LN102916,48,Female,Married,Graduate,Business Owner,32000.0,746.0,1,18800.0,24,Debt Consolidation,North,2024-07-05,Approved,0
LN102711,22,Female,Married,Graduate,Salaried,62500.0,710.0,3,29500.0,24,Auto,South,2024-04-09,Approved,0
LN102102,28,Female,Married,Post Graduate,Salaried,38000.0,664.0,4,10300.0,36,Debt Consolidation,Central,2024-01-20,Approved,0
LN102832,34,Female,Divorced,Graduate,Salaried,59200.0,553.0,3,17400.0,24,Education,East,2023-07-23,Approved,0
LN101334,45,Female,Single,Not Graduate,Salaried,85200.0,587.0,2,29800.0,48,Auto,South,2023-12-23,Rejected,
LN102318,59,Female,Single,Post Graduate,Salaried,90200.0,624.0,0,29300.0,24,Auto,West,2023-04-18,Approved,0
LN102371,58,Male,Married,Graduate,Salaried,59100.0,670.0,1,18000.0,36,Education,South,2024-05-01,Rejected,
LN102178,49,Female,Married,Graduate,Business Owner,53500.0,538.0,0,24400.0,36,Personal,North,2024-05-10,Rejected,
LN100585,62,Male,Married,Graduate,Salaried,77500.0,493.0,1,22700.0,60,Debt Consolidation,West,2023-01-09,Rejected,
LN100837,29,Female,Married,Not Graduate,Self-Employed,111100.0,580.0,0,36300.0,84,Education,South,2024-09-25,Approved,0
LN100710,51,Female,Single,Not Graduate,Business Owner,70600.0,682.0,0,14700.0,48,Education,East,2024-09-09,Approved,0
LN102807,34,Male,Single,Graduate,Salaried,49800.0,689.0,4,30600.0,48,Business,North,2023-10-12,Approved,0
LN102631,51,Male,Married,Graduate,Salaried,69200.0,606.0,2,27700.0,36,Home Improvement,North,2024-08-30,Approved,0
LN101250,31,Male,Married,Graduate,Salaried,75100.0,602.0,4,11300.0,36,Personal,West,2023-10-01,Rejected,
LN103193,29,Female,Divorced,Not Graduate,Business Owner,51500.0,661.0,3,9600.0,48,Home Improvement,West,2023-04-10,Approved,0
LN102734,41,Male,Single,Graduate,Business Owner,67600.0,621.0,2,39100.0,60,Home Improvement,South,2023-04-05,Rejected,
LN101437,50,Male,Married,Not Graduate,Business Owner,43200.0,822.0,0,24000.0,12,Debt Consolidation,South,2024-06-07,Approved,0
LN102754,65,Male,Married,Not Graduate,Salaried,50100.0,768.0,2,19000.0,24,Debt Consolidation,South,2024-12-27,Approved,1
LN101553,48,Male,Married,Graduate,Salaried,63300.0,605.0,4,29200.0,36,Auto,Central,2023-04-02,Rejected,
LN100816,22,Male,Married,Post Graduate,Salaried,87700.0,659.0,4,15200.0,48,Business,Central,2023-09-07,Approved,0
LN103147,58,Female,Married,Graduate,Business Owner,52500.0,642.0,2,32200.0,36,Debt Consolidation,West,2023-08-04,Rejected,
LN102076,41,Male,Single,Not Graduate,Self-Employed,25200.0,810.0,4,4600.0,36,Auto,West,2023-04-02,Approved,1
LN100957,49,Male,Married,Not Graduate,Business Owner,32400.0,696.0,2,9800.0,60,Medical,East,2023-03-03,Rejected,
LN100302,21,Male,Single,Graduate,Self-Employed,63300.0,704.0,2,20500.0,24,Education,Central,2023-09-30,Approved,0
LN100571,39,Male,Widowed,Post Graduate,Self-Employed,75400.0,658.0,2,33000.0,12,Auto,North,2023-11-06,Approved,0
LN103166,54,Female,Married,Graduate,Business Owner,56100.0,554.0,4,31600.0,24,Debt Consolidation,South,2023-08-27,Approved,0
LN103157,65,Female,Single,Post Graduate,Salaried,72100.0,740.0,1,44700.0,36,Home Improvement,Central,2024-01-07,Approved,0
LN100630,54,Male,Single,Not Graduate,Salaried,65500.0,632.0,4,15500.0,48,Debt Consolidation,East,2023-03-11,Approved,1
LN101511,31,Male,Divorced,Graduate,Salaried,31100.0,641.0,4,4900.0,12,Auto,West,2024-02-29,Rejected,
LN102599,38,Male,Married,Post Graduate,Salaried,111000.0,615.0,2,24400.0,36,Personal,East,2024-08-12,Approved,1
LN103096,28,Male,Married,Graduate,Salaried,111300.0,720.0,0,70100.0,36,Debt Consolidation,West,2023-02-25,Approved,0
LN101955,39,Female,Single,Graduate,Business Owner,69500.0,613.0,3,39200.0,24,Debt Consolidation,West,2023-06-11,Approved,0
LN101063,52,Male,Married,Not Graduate,Salaried,63400.0,592.0,4,23200.0,36,Debt Consolidation,North,2023-08-31,Rejected,
LN102856,46,Male,Married,Not Graduate,Self-Employed,70000.0,614.0,4,39100.0,60,Home Improvement,West,2023-04-16,Rejected,
LN102610,64,Female,Married,Graduate,Salaried,99200.0,736.0,3,20900.0,48,Education,North,2023-04-06,Approved,0
LN102323,50,Female,Divorced,Not Graduate,Salaried,71100.0,715.0,1,13700.0,48,Personal,Central,2024-08-11,Approved,0
LN101108,63,Male,Single,Post Graduate,Self-Employed,50000.0,667.0,0,28700.0,60,Medical,Central,2024-07-15,Rejected,
LN103140,43,Male,Single,Graduate,Salaried,87300.0,759.0,1,18300.0,36,Auto,West,2023-11-20,Approved,0
LN102027,63,Female,Divorced,Graduate,Self-Employed,60600.0,625.0,2,22700.0,24,Auto,North,2024-08-22,Approved,0
LN102014,50,Female,Married,Post Graduate,Business Owner,67200.0,682.0,3,43000.0,36,Education,South,2024-06-22,Approved,0
LN100923,27,Female,Divorced,Graduate,Salaried,69400.0,613.0,2,28400.0,24,Personal,South,2024-04-30,Rejected,
LN100722,59,Male,Married,Not Graduate,Business Owner,79200.0,676.0,0,13400.0,48,Home Improvement,West,2023-12-21,Approved,0
LN100059,51,Male,Single,Post Graduate,Salaried,98200.0,627.0,3,54200.0,48,Home Improvement,Central,2023-08-24,Rejected,
LN102358,49,Male,Single,Not Graduate,Business Owner,71700.0,742.0,0,33000.0,36,Debt Consolidation,South,2023-04-12,Approved,0
LN102573,38,Male,Married,Graduate,Self-Employed,31200.0,569.0,1,20000.0,48,Auto,West,2024-01-30,Rejected,
LN102024,24,Female,Married,Graduate,Self-Employed,23200.0,697.0,2,4700.0,84,Debt Consolidation,Central,2024-11-06,Rejected,
LN101755,35,Male,Married,Graduate,Salaried,43300.0,700.0,2,9600.0,36,Home Improvement,West,2023-12-20,Approved,0
LN100023,62,Male,Married,Graduate,Self-Employed,42300.0,616.0,1,6600.0,60,Education,Central,2024-06-20,Rejected,
LN102242,41,Female,Single,Graduate,Salaried,48200.0,746.0,2,20100.0,48,Home Improvement,North,2024-12-08,Rejected,
LN100577,44,Female,Married,Graduate,Salaried,101600.0,632.0,1,33000.0,48,Personal,East,2024-11-19,Approved,1
LN100683,64,Female,Single,Post Graduate,Salaried,121200.0,607.0,2,63800.0,24,Debt Consolidation,South,2023-11-19,Rejected,
LN102015,35,Female,Single,Graduate,Salaried,72800.0,731.0,4,28200.0,12,Home Improvement,North,2024-11-06,Approved,0
LN101015,58,Female,Married,Post Graduate,Salaried,63600.0,712.0,3,33100.0,24,Education,West,2024-11-07,Approved,0
LN100346,65,Male,Divorced,Not Graduate,Self-Employed,58900.0,568.0,0,20900.0,24,Auto,North,2024-10-29,Approved,0
LN102397,34,Female,Divorced,Graduate,Business Owner,71400.0,599.0,1,30500.0,84,Home Improvement,North,2023-04-07,Rejected,
LN101667,51,Female,Married,Post Graduate,Self-Employed,83100.0,676.0,1,37000.0,12,Home Improvement,West,2023-07-24,Rejected,
LN101555,28,Male,Married,Graduate,Business Owner,52700.0,564.0,2,11300.0,36,Education,West,2024-07-23,Rejected,
LN103155,59,Female,Married,Graduate,Business Owner,85300.0,677.0,2,48600.0,12,Education,South,2024-07-25,Rejected,
LN100008,30,Female,Married,Post Graduate,Business Owner,74000.0,687.0,3,30000.0,36,Education,North,2023-09-14,Approved,0
LN103118,22,Female,Divorced,Graduate,Salaried,53500.0,688.0,1,9000.0,60,Business,Central,2023-04-11,Rejected,
LN100228,45,Female,Married,Post Graduate,Salaried,87500.0,577.0,3,33700.0,24,Business,South,2024-11-15,Rejected,
LN100489,48,Female,Married,Not Graduate,Self-Employed,66300.0,634.0,4,17700.0,24,Home Improvement,West,2024-05-15,Rejected,
LN102728,47,Male,Married,Not Graduate,Business Owner,60800.0,693.0,3,13300.0,24,Home Improvement,North,2024-04-28,Approved,1
LN101665,38,Male,Divorced,Not Graduate,Business Owner,61900.0,615.0,3,20800.0,36,Medical,North,2024-09-08,Approved,0
LN100829,22,Female,Single,Post Graduate,Self-Employed,91000.0,791.0,0,18200.0,60,Business,Central,2024-06-01,Approved,0
LN102582,34,Female,Divorced,Not Graduate,Business Owner,44100.0,583.0,0,7400.0,48,Home Improvement,Central,2023-08-06,Rejected,
LN100385,26,Female,Divorced,Graduate,Salaried,65900.0,642.0,1,39400.0,24,Business,North,2023-08-14,Rejected,
LN101886,50,Female,Divorced,Not Graduate,Salaried,45500.0,633.0,2,26000.0,48,Personal,West,2024-04-18,Rejected,
LN100449,33,Male,Married,Not Graduate,Business Owner,60900.0,624.0,0,20500.0,24,Business,South,2024-02-20,Approved,0
LN102637,54,Male,Single,Post Graduate,Salaried,41900.0,676.0,4,8300.0,24,Personal,South,2024-12-01,Rejected,
LN100015,56,Male,Single,Graduate,Salaried,25500.0,522.0,4,12800.0,24,Auto,South,2024-11-14,Rejected,
LN102052,37,Male,Married,Not Graduate,Salaried,90200.0,573.0,0,18200.0,36,Business,North,2023-07-14,Rejected,
LN101114,29,Male,Single,Graduate,Self-Employed,24700.0,684.0,0,7200.0,84,Auto,West,2024-07-16,Rejected,
LN103011,43,Male,Married,Post Graduate,Self-Employed,48600.0,646.0,2,18600.0,24,Auto,West,2023-10-20,Rejected,
LN101388,61,Male,Married,Graduate,Self-Employed,40700.0,690.0,4,18600.0,24,Auto,West,2024-12-27,Rejected,
LN102593,25,Female,Married,Graduate,Salaried,28300.0,695.0,3,15800.0,36,Business,West,2024-08-08,Rejected,
LN101588,59,Male,Widowed,Not Graduate,Business Owner,63300.0,738.0,4,24500.0,84,Debt Consolidation,South,2024-05-28,Approved,0
LN100823,50,Male,Married,Not Graduate,Salaried,38300.0,790.0,1,15300.0,60,Business,West,2024-05-17,Approved,0
LN102272,34,Male,Single,Not Graduate,Salaried,45900.0,681.0,0,23900.0,36,Personal,North,2023-05-01,Rejected,
LN102932,28,Female,Single,Not Graduate,Business Owner,59500.0,684.0,3,10400.0,12,Home Improvement,North,2024-04-10,Rejected,
LN101751,60,Male,Single,Post Graduate,Salaried,50400.0,680.0,2,17900.0,36,Auto,East,2023-11-05,Rejected,
LN101226,25,Female,Single,Post Graduate,Self-Employed,67100.0,845.0,2,31300.0,48,Auto,North,2023-12-14,Approved,0
LN101150,37,Male,Single,Graduate,Business Owner,63300.0,637.0,3,63300.0,60,Debt Consolidation,North,2023-02-24,Rejected,
LN102819,52,Female,Divorced,Graduate,Business Owner,19400.0,533.0,1,9400.0,24,Auto,Central,2024-08-20,Rejected,
LN101304,48,Male,Married,Graduate,Self-Employed,50800.0,708.0,2,31100.0,24,Debt Consolidation,West,2023-09-23,Rejected,
LN101231,54,Female,Married,Not Graduate,Business Owner,44200.0,608.0,0,16000.0,36,Education,South,2023-06-29,Rejected,
LN101977,36,Male,Married,Post Graduate,Salaried,96600.0,690.0,0,29400.0,24,Home Improvement,South,2023-02-07,Approved,0
LN101792,36,Male,Married,Graduate,Salaried,63300.0,588.0,3,5900.0,24,Medical,East,2024-12-25,Rejected,
LN101009,44,Male,Married,Graduate,Salaried,43000.0,608.0,2,22900.0,48,Business,East,2024-10-27,Rejected,
LN102952,63,Male,Divorced,Graduate,Business Owner,65800.0,628.0,2,29900.0,36,Home Improvement,Central,2023-11-06,Rejected,
LN101269,23,Male,Single,Post Graduate,Salaried,65000.0,673.0,1,28700.0,24,Education,West,2023-01-06,Rejected,
LN102904,50,Male,Married,Graduate,Business Owner,75200.0,720.0,1,27600.0,24,Education,North,2024-05-06,Rejected,
LN102951,43,Female,Single,Post Graduate,Self-Employed,68600.0,533.0,4,18300.0,48,Debt Consolidation,North,2024-09-04,Approved,0
LN102989,40,Male,Single,Post Graduate,Business Owner,65200.0,555.0,0,14700.0,12,Debt Consolidation,South,2024-09-01,Rejected,
LN101106,31,Male,Married,Graduate,Salaried,70600.0,718.0,4,18000.0,48,Debt Consolidation,North,2024-11-21,Approved,1
LN100497,37,Female,Single,Post Graduate,Self-Employed,64600.0,638.0,4,19000.0,36,Debt Consolidation,West,2024-01-13,Rejected,
LN100352,34,Female,Married,Post Graduate,Self-Employed,69700.0,613.0,4,39900.0,24,Medical,South,2023-02-25,Rejected,
LN101838,31,Male,Married,Post Graduate,Salaried,64800.0,770.0,1,32900.0,36,Business,South,2023-12-27,Approved,0
LN100531,28,Female,Married,Graduate,Salaried,71200.0,662.0,2,37400.0,60,Home Improvement,East,2023-01-10,Rejected,
LN100442,26,Female,Single,Graduate,Salaried,84400.0,674.0,0,23100.0,48,Education,West,2023-08-25,Approved,0
LN100001,55,Male,Single,Post Graduate,Salaried,83600.0,850.0,1,38700.0,48,Business,Central,2023-08-01,Approved,0
LN101785,31,Female,Single,Not Graduate,Self-Employed,66200.0,617.0,0,17200.0,48,Personal,South,2024-10-16,Rejected,
LN100285,63,Male,Married,Graduate,Self-Employed,67400.0,696.0,1,27700.0,24,Medical,West,2023-03-13,Rejected,
LN101560,34,Female,Single,Not Graduate,Business Owner,101500.0,752.0,2,29100.0,48,Debt Consolidation,North,2023-07-11,Approved,0
LN101646,36,Male,Married,Graduate,Self-Employed,72700.0,588.0,0,30200.0,36,Personal,South,2023-05-15,Approved,1
LN100783,26,Male,Married,Graduate,Salaried,53900.0,688.0,3,8300.0,12,Home Improvement,West,2024-01-03,Rejected,
LN100860,64,Male,Married,Graduate,Salaried,85300.0,723.0,0,26500.0,36,Home Improvement,North,2023-09-20,Rejected,
LN102258,21,Female,Married,Graduate,Self-Employed,40600.0,465.0,3,18000.0,48,Auto,North,2023-04-27,Rejected,
LN102829,26,Male,Divorced,Graduate,Business Owner,52600.0,732.0,3,16600.0,48,Education,North,2023-08-22,Rejected,
LN100348,29,Male,Divorced,Graduate,Salaried,61700.0,685.0,4,27700.0,48,Debt Consolidation,East,2023-07-21,Rejected,
LN100068,24,Male,Married,Graduate,Salaried,75600.0,581.0,3,26200.0,36,Personal,North,2023-08-28,Approved,0
LN100403,64,Female,Married,Post Graduate,Salaried,70900.0,570.0,0,14800.0,24,Personal,East,2024-03-21,Rejected,
LN102493,48,Male,Single,Graduate,Salaried,104300.0,650.0,1,25900.0,36,Debt Consolidation,North,2024-04-05,Approved,0
LN100754,45,Female,Married,Graduate,Business Owner,79500.0,636.0,4,44800.0,24,Debt Consolidation,West,2024-10-10,Rejected,
LN100797,41,Male,Married,Not Graduate,Salaried,54700.0,722.0,2,25200.0,36,Auto,North,2024-12-23,Approved,0
LN101050,43,Female,Widowed,Graduate,Salaried,98100.0,680.0,3,15100.0,36,Education,East,2023-02-22,Approved,0
LN103175,46,Male,Divorced,Not Graduate,Self-Employed,91400.0,698.0,4,44700.0,48,Business,East,2024-06-04,Approved,0
LN103068,27,Male,Married,Graduate,Salaried,44500.0,725.0,0,25500.0,12,Debt Consolidation,East,2024-09-15,Approved,0
LN100177,28,Female,Single,Not Graduate,Salaried,47100.0,494.0,3,21600.0,36,Auto,South,2023-07-25,Rejected,
LN100953,40,Female,Married,Post Graduate,Self-Employed,82000.0,733.0,2,29600.0,36,Business,West,2023-09-03,Rejected,
LN101380,65,Female,Single,Graduate,Salaried,70200.0,693.0,2,19600.0,12,Debt Consolidation,East,2023-09-01,Approved,0
LN102200,37,Male,Married,Not Graduate,Salaried,59800.0,716.0,0,18000.0,48,Business,North,2024-01-18,Rejected,
LN101971,62,Male,Married,Graduate,Salaried,46600.0,526.0,1,7200.0,12,Medical,West,2023-04-17,Rejected,
LN102222,22,Female,Single,Not Graduate,Salaried,12000.0,549.0,2,6300.0,12,Auto,East,2023-12-03,Rejected,
LN101284,38,Female,Single,Graduate,Self-Employed,55300.0,581.0,1,30600.0,36,Home Improvement,North,2023-08-11,Rejected,
LN100252,29,Female,Married,Not Graduate,Salaried,33400.0,634.0,4,12400.0,48,Education,North,2023-08-31,Rejected,
LN101756,36,Female,Divorced,Not Graduate,Salaried,34000.0,667.0,0,21200.0,24,Home Improvement,South,2023-08-13,Rejected,
LN101438,35,Male,Divorced,Not Graduate,Self-Employed,47200.0,687.0,2,27300.0,36,Medical,North,2023-10-12,Rejected,
LN100558,56,Male,Single,Graduate,Salaried,85300.0,505.0,2,23900.0,48,Auto,West,2024-06-08,Rejected,
LN101577,56,Male,Divorced,Not Graduate,Salaried,87300.0,687.0,4,41700.0,36,Debt Consolidation,West,2024-12-02,Approved,0
LN102065,43,Male,Single,Post Graduate,Self-Employed,68700.0,633.0,0,11800.0,24,Debt Consolidation,West,2024-05-23,Approved,0
LN100193,37,Female,Single,Post Graduate,Self-Employed,50300.0,562.0,0,19400.0,60,Business,South,2023-09-11,Rejected,
LN103079,41,Male,Divorced,Not Graduate,Self-Employed,59500.0,679.0,2,18600.0,48,Business,East,2024-01-23,Approved,0
LN101507,42,Female,Divorced,Graduate,Salaried,40400.0,540.0,2,13300.0,12,Debt Consolidation,South,2023-03-05,Rejected,
LN101497,56,Male,Married,Graduate,Business Owner,49200.0,576.0,1,17200.0,12,Business,West,2024-11-15,Rejected,
LN101701,29,Male,Single,Graduate,Business Owner,35500.0,781.0,4,6700.0,12,Education,North,2024-07-13,Approved,0
LN100244,49,Male,Single,Post Graduate,Salaried,36500.0,544.0,1,17800.0,36,Business,North,2024-05-14,Rejected,
LN100445,50,Male,Married,Graduate,Salaried,28500.0,824.0,2,17200.0,36,Debt Consolidation,Central,2023-12-04,Approved,0
LN100476,59,Male,Married,Not Graduate,Salaried,68000.0,498.0,2,39100.0,48,Debt Consolidation,East,2023-10-20,Rejected,
LN100538,45,Female,Married,Graduate,Salaried,81400.0,524.0,4,18000.0,36,Debt Consolidation,Central,2024-02-25,Rejected,
LN101330,41,Female,Single,Not Graduate,Salaried,53800.0,723.0,0,30500.0,60,Debt Consolidation,North,2023-06-30,Approved,0
LN100255,27,Female,Single,Graduate,Salaried,98700.0,726.0,4,33800.0,12,Medical,East,2023-07-14,Approved,0
LN100451,62,Male,Single,Graduate,Self-Employed,41400.0,588.0,2,26600.0,24,Business,East,2024-10-23,Rejected,
LN102944,57,Male,Married,Post Graduate,Self-Employed,109300.0,618.0,1,20400.0,48,Auto,South,2023-07-07,Rejected,
LN101488,25,Female,Single,Post Graduate,Salaried,34400.0,731.0,3,8400.0,60,Auto,West,2024-07-09,Rejected,
LN101744,30,Female,Single,Post Graduate,Self-Employed,51500.0,552.0,4,11700.0,12,Debt Consolidation,West,2024-02-09,Rejected,
LN102498,22,Female,Divorced,Not Graduate,Salaried,63800.0,569.0,4,19500.0,60,Debt Consolidation,Central,2024-10-08,Rejected,
LN102061,46,Female,Divorced,Graduate,Salaried,15000.0,712.0,2,7500.0,24,Debt Consolidation,Central,2023-06-16,Approved,1
LN103125,61,Male,Single,Graduate,Salaried,62300.0,624.0,0,11700.0,36,Personal,South,2024-12-14,Approved,0
LN103057,27,Male,Single,Graduate,Self-Employed,60100.0,600.0,3,21900.0,36,Debt Consolidation,South,2024-01-15,Rejected,
LN102901,57,Female,Married,Graduate,Salaried,87100.0,751.0,4,49800.0,48,Auto,North,2023-04-21,Approved,0
LN103060,32,Female,Married,Graduate,Self-Employed,56000.0,569.0,1,12400.0,24,Education,South,2024-10-14,Rejected,
LN100948,63,Male,Widowed,Graduate,Salaried,84100.0,700.0,1,38000.0,12,Home Improvement,North,2023-05-09,Approved,1
LN100510,65,Female,Married,Graduate,Salaried,55000.0,738.0,2,17400.0,36,Debt Consolidation,North,2024-04-25,Approved,0
LN101393,54,Female,Married,Graduate,Salaried,38600.0,793.0,0,16500.0,24,Personal,South,2024-10-06,Approved,0
LN101508,59,Male,Single,Not Graduate,Salaried,25300.0,814.0,0,12300.0,24,Medical,North,2023-05-15,Approved,0
LN102051,34,Male,Single,Graduate,Salaried,64200.0,618.0,3,35100.0,60,Medical,North,2023-09-04,Rejected,
LN102402,54,Male,Single,Not Graduate,Self-Employed,32100.0,706.0,4,18200.0,48,Auto,North,2023-07-28,Approved,0
LN101331,53,Male,Married,Graduate,Self-Employed,89500.0,603.0,3,37100.0,24,Home Improvement,East,2023-06-14,Rejected,
LN101309,59,Female,Married,Not Graduate,Self-Employed,52100.0,587.0,0,30500.0,36,Home Improvement,North,2023-06-01,Rejected,
LN102036,47,Female,Single,Post Graduate,Salaried,62200.0,730.0,1,21100.0,84,Home Improvement,West,2024-04-28,Rejected,
LN102651,60,Male,Single,Graduate,Self-Employed,40500.0,644.0,0,19700.0,24,Business,South,2024-08-02,Rejected,
LN102060,61,Male,Single,Post Graduate,Salaried,89800.0,641.0,2,28000.0,48,Medical,Central,2023-04-02,Rejected,
LN102590,24,Male,Single,Graduate,Self-Employed,72200.0,594.0,1,15500.0,60,Business,South,2023-10-05,Approved,1
LN102603,46,Female,Married,Not Graduate,Self-Employed,54200.0,677.0,4,25100.0,36,Debt Consolidation,Central,2023-06-19,Rejected,
LN102514,25,Female,Single,Post Graduate,Salaried,67500.0,766.0,3,18100.0,60,Debt Consolidation,North,2023-11-22,Approved,0
LN102844,41,Male,Married,Graduate,Business Owner,61000.0,567.0,2,25800.0,24,Debt Consolidation,East,2024-02-21,Rejected,
LN102996,34,Female,Single,Graduate,Salaried,74700.0,693.0,3,35900.0,36,Personal,North,2024-04-02,Approved,0
LN101926,37,Male,Single,Not Graduate,Salaried,52900.0,659.0,1,14600.0,84,Business,West,2024-11-05,Approved,0
LN102541,64,Female,Single,Graduate,Self-Employed,81200.0,627.0,4,26900.0,48,Education,South,2024-04-27,Rejected,
LN100621,42,Female,Married,Not Graduate,Salaried,53400.0,735.0,4,33600.0,60,Home Improvement,South,2024-08-18,Rejected,
LN101510,36,Male,Single,Not Graduate,Self-Employed,60100.0,719.0,3,19300.0,36,Education,North,2023-12-21,Rejected,
LN102626,65,Female,Widowed,Graduate,Salaried,69700.0,655.0,3,22800.0,48,Personal,South,2023-07-22,Rejected,
LN101671,46,Female,Married,Post Graduate,Salaried,61500.0,363.0,0,16500.0,12,Debt Consolidation,East,2023-08-17,Rejected,
LN101700,32,Female,Divorced,Graduate,Salaried,96600.0,715.0,1,46700.0,36,Education,North,2024-08-10,Approved,1
LN102045,65,Female,Single,Graduate,Salaried,53600.0,676.0,0,33500.0,60,Debt Consolidation,North,2023-12-25,Rejected,
LN101200,60,Female,Married,Graduate,Self-Employed,65500.0,578.0,4,33100.0,36,Business,North,2023-12-14,Rejected,
LN102860,29,Female,Married,Graduate,Salaried,63300.0,584.0,4,18000.0,60,Home Improvement,West,2023-10-28,Rejected,
LN100663,30,Male,Married,Post Graduate,Business Owner,48800.0,710.0,0,15700.0,84,Debt Consolidation,South,2023-09-22,Approved,0
LN100774,59,Male,Single,Not Graduate,Salaried,43300.0,646.0,4,18100.0,36,Debt Consolidation,North,2024-06-22,Rejected,
LN100573,23,Male,Married,Graduate,Salaried,49600.0,605.0,0,20100.0,60,Auto,East,2024-01-13,Rejected,
LN102084,26,Male,Divorced,Not Graduate,Salaried,78000.0,641.0,1,29000.0,48,Auto,East,2023-07-18,Approved,1
LN102825,58,Male,Single,Not Graduate,Salaried,78200.0,655.0,1,21700.0,24,Auto,West,2023-07-23,Approved,1
LN103003,64,Female,Married,Post Graduate,Business Owner,54800.0,659.0,4,29400.0,60,Personal,West,2023-01-22,Approved,0
LN102784,62,Male,Married,Post Graduate,Salaried,74800.0,697.0,4,36500.0,48,Business,Central,2024-04-21,Rejected,
LN102074,43,Female,Single,Graduate,Salaried,90400.0,546.0,2,25200.0,36,Auto,South,2023-08-22,Rejected,
LN101121,24,Female,Single,Post Graduate,Salaried,91400.0,559.0,2,57600.0,36,Business,North,2024-10-16,Approved,0
LN100550,57,Female,Divorced,Not Graduate,Business Owner,53700.0,701.0,1,14100.0,24,Business,South,2024-10-17,Approved,1
LN102686,32,Female,Single,Post Graduate,Salaried,100200.0,572.0,0,49100.0,36,Personal,North,2024-06-26,Rejected,
LN102125,32,Female,Single,Graduate,Self-Employed,49400.0,744.0,3,13300.0,12,Auto,Central,2023-12-31,Approved,0
LN100139,40,Female,Single,Graduate,Salaried,84700.0,655.0,4,24300.0,36,Auto,North,2024-04-21,Approved,0
LN101974,46,Male,Married,Not Graduate,Salaried,72600.0,738.0,0,19300.0,36,Debt Consolidation,Central,2023-11-19,Rejected,
LN102855,24,Male,Married,Graduate,Salaried,57900.0,663.0,4,28400.0,12,Home Improvement,South,2024-06-07,Rejected,
LN100282,51,Male,Married,Graduate,Salaried,49500.0,751.0,2,16400.0,36,Debt Consolidation,West,2024-07-19,Approved,0
LN100258,28,Male,Married,Not Graduate,Business Owner,27600.0,806.0,2,14600.0,60,Personal,East,2024-09-23,Approved,0
LN100616,32,Male,Single,Not Graduate,Salaried,63300.0,782.0,1,17500.0,36,Home Improvement,South,2023-04-12,Approved,0
LN101811,50,Male,Single,Graduate,Salaried,69200.0,632.0,1,23700.0,24,Education,South,2023-01-24,Rejected,
LN101797,29,Male,Single,Graduate,Salaried,65200.0,531.0,4,10000.0,60,Personal,Central,2023-07-18,Rejected,
LN102225,48,Female,Married,Not Graduate,Salaried,18900.0,504.0,0,6900.0,48,Auto,East,2023-04-25,Rejected,
LN102235,56,Female,Married,Graduate,Self-Employed,61500.0,755.0,3,29800.0,24,Auto,East,2024-10-16,Rejected,
LN100725,26,Female,Divorced,Post Graduate,Salaried,84400.0,420.0,1,29100.0,24,Education,West,2023-05-12,Rejected,
LN101636,28,Female,Married,Not Graduate,Salaried,80700.0,676.0,4,35800.0,24,Auto,North,2024-01-12,Approved,0
LN102230,49,Female,Single,Not Graduate,Salaried,32500.0,660.0,3,9800.0,36,Business,North,2024-02-05,Rejected,
LN100677,24,Male,Married,Not Graduate,Salaried,63200.0,547.0,2,33000.0,48,Medical,West,2024-04-14,Rejected,
LN102129,35,Female,Widowed,Graduate,Self-Employed,57000.0,660.0,4,19300.0,36,Education,West,2023-01-22,Rejected,
LN101152,40,Female,Married,Not Graduate,Self-Employed,42100.0,735.0,1,25600.0,48,Home Improvement,North,2023-12-23,Approved,0
LN101346,59,Male,Married,Graduate,Business Owner,19200.0,686.0,1,4900.0,84,Business,East,2024-10-04,Rejected,
LN100055,22,Male,Divorced,Not Graduate,Salaried,47700.0,573.0,2,25100.0,12,Auto,South,2024-10-21,Rejected,
LN101566,64,Male,Married,Graduate,Salaried,73400.0,760.0,2,46000.0,60,Business,North,2023-03-18,Approved,0
LN102370,22,Female,Married,Graduate,Salaried,69300.0,492.0,4,27200.0,36,Auto,East,2024-03-28,Rejected,
LN101411,46,Male,Married,Graduate,Salaried,20600.0,636.0,2,6500.0,36,Debt Consolidation,South,2023-04-29,Rejected,
LN102355,37,Female,Married,Not Graduate,Salaried,34800.0,655.0,0,15700.0,60,Auto,North,2024-01-21,Approved,0
LN101288,25,Male,Single,Graduate,Business Owner,54600.0,569.0,2,27700.0,12,Debt Consolidation,North,2023-05-04,Rejected,
LN100166,35,Female,Married,Not Graduate,Salaried,90200.0,655.0,1,50400.0,60,Debt Consolidation,West,2023-09-21,Rejected,
LN103048,28,Male,Single,Graduate,Salaried,53000.0,718.0,0,21300.0,60,Debt Consolidation,North,2024-10-23,Approved,0
LN100872,26,Female,Single,Graduate,Salaried,97300.0,624.0,4,62800.0,60,Auto,East,2023-09-30,Rejected,
LN101361,24,Male,Married,Graduate,Salaried,63500.0,746.0,3,25300.0,24,Home Improvement,North,2024-03-08,Approved,0
LN100887,29,Female,Married,Not Graduate,Salaried,19700.0,610.0,0,10200.0,84,Debt Consolidation,Central,2024-08-28,Rejected,
LN100888,21,Male,Married,Not Graduate,Salaried,32400.0,705.0,3,14300.0,36,Business,Central,2023-06-07,Rejected,
LN102510,29,Male,Married,Not Graduate,Salaried,61000.0,648.0,3,32500.0,36,Debt Consolidation,West,2024-07-16,Rejected,
LN102562,51,Male,Divorced,Post Graduate,Salaried,69400.0,774.0,3,40400.0,24,Education,North,2024-10-01,Approved,0
LN101819,34,Male,Single,Post Graduate,Salaried,62100.0,561.0,4,34400.0,36,Business,South,2023-06-14,Rejected,
LN102595,28,Female,Divorced,Graduate,Salaried,71500.0,734.0,3,30000.0,36,Business,East,2023-01-16,Approved,0
LN101972,51,Male,Married,Post Graduate,Business Owner,74600.0,643.0,0,46600.0,24,Business,North,2024-04-06,Rejected,
LN100498,62,Male,Single,Not Graduate,Business Owner,62500.0,609.0,1,28500.0,24,Home Improvement,West,2024-11-18,Rejected,
LN101969,27,Male,Married,Not Graduate,Salaried,22200.0,819.0,1,11800.0,24,Auto,East,2024-07-17,Rejected,
LN100714,62,Male,Single,Graduate,Salaried,51300.0,538.0,4,29600.0,60,Education,West,2024-10-25,Rejected,
LN102896,50,Female,Single,Graduate,Business Owner,45600.0,542.0,4,9100.0,36,Auto,East,2023-01-21,Rejected,
LN101056,41,Male,Married,Not Graduate,Business Owner,81700.0,684.0,4,41500.0,24,Personal,West,2024-05-13,Approved,0
LN102910,26,Female,Married,Not Graduate,Salaried,40800.0,685.0,0,23600.0,24,Home Improvement,East,2023-05-15,Rejected,
LN100364,26,Female,Married,Not Graduate,Salaried,42300.0,775.0,0,13900.0,48,Medical,Central,2024-10-23,Approved,0
LN103197,57,Female,Married,Graduate,Salaried,54900.0,662.0,2,35200.0,60,Medical,South,2023-11-19,Rejected,
LN103030,53,Male,Widowed,Graduate,Salaried,63300.0,516.0,2,15100.0,84,Home Improvement,South,2024-09-10,Rejected,
LN101727,46,Male,Single,Graduate,Salaried,63300.0,674.0,4,53800.0,60,Auto,East,2024-05-11,Approved,0
LN101172,38,Male,Married,Graduate,Salaried,70000.0,753.0,1,22900.0,84,Medical,Central,2023-09-26,Approved,0
LN103198,65,Male,Single,Graduate,Salaried,56900.0,678.0,2,17400.0,36,Auto,North,2023-02-22,Rejected,
LN100800,21,Female,Married,Graduate,Self-Employed,78500.0,717.0,0,25500.0,48,Auto,North,2024-08-21,Approved,0
LN100617,32,Female,Widowed,Not Graduate,Salaried,35200.0,697.0,1,20900.0,24,Debt Consolidation,North,2024-10-16,Rejected,
LN102228,34,Female,Married,Graduate,Salaried,62500.0,813.0,1,14200.0,36,Home Improvement,West,2023-08-05,Approved,0
LN100600,48,Male,Married,Not Graduate,Business Owner,38100.0,685.0,1,14500.0,48,Auto,West,2024-02-02,Rejected,
LN100123,42,Female,Divorced,Graduate,Business Owner,52300.0,666.0,4,20800.0,84,Debt Consolidation,North,2023-02-16,Approved,0
LN101597,53,Male,Single,Graduate,Salaried,43800.0,746.0,0,25600.0,36,Debt Consolidation,Central,2024-01-29,Approved,0
LN100334,41,Female,Divorced,Graduate,Salaried,44400.0,669.0,1,17700.0,36,Education,North,2024-03-30,Approved,0
LN101857,47,Female,Widowed,Not Graduate,Self-Employed,83300.0,641.0,4,39300.0,24,Education,East,2024-01-04,Rejected,
LN102409,22,Female,Married,Graduate,Salaried,59000.0,675.0,3,27700.0,48,Debt Consolidation,North,2023-01-04,Approved,0
LN100304,45,Female,Married,Not Graduate,Business Owner,77200.0,731.0,4,28900.0,24,Home Improvement,East,2024-09-05,Approved,0
LN102549,26,Male,Single,Not Graduate,Self-Employed,50400.0,649.0,4,14900.0,36,Auto,South,2023-04-05,Approved,0
LN100980,47,Male,Widowed,Not Graduate,Salaried,41400.0,761.0,4,6500.0,36,Auto,North,2023-06-17,Rejected,
LN101688,63,Male,Single,Graduate,Business Owner,56700.0,603.0,3,33700.0,24,Auto,West,2024-09-24,Rejected,
LN102835,45,Female,Single,Graduate,Self-Employed,71300.0,750.0,4,44900.0,60,Debt Consolidation,South,2024-10-26,Rejected,
LN102933,40,Female,Single,Not Graduate,Self-Employed,26900.0,545.0,0,13700.0,36,Medical,East,2023-04-29,Rejected,
LN100918,32,Female,Single,Post Graduate,Salaried,36700.0,669.0,3,13500.0,60,Education,North,2023-02-04,Rejected,
LN101079,58,Male,Single,Graduate,Self-Employed,63300.0,527.0,1,22200.0,12,Debt Consolidation,East,2024-08-30,Approved,0
LN102016,39,Male,Married,Not Graduate,Salaried,63300.0,770.0,4,17000.0,36,Debt Consolidation,Central,2023-03-07,Approved,1
LN100581,58,Male,Married,Graduate,Self-Employed,75600.0,770.0,2,20000.0,24,Education,North,2024-07-29,Approved,0
LN101616,56,Male,Married,Graduate,Salaried,78400.0,612.0,2,26600.0,36,Personal,Central,2023-05-27,Rejected,
LN101194,44,Male,Married,Graduate,Salaried,82600.0,712.0,3,26800.0,24,Debt Consolidation,North,2023-04-18,Approved,0
LN101824,55,Male,Single,Graduate,Salaried,77100.0,625.0,3,22800.0,24,Home Improvement,North,2024-09-01,Approved,0
LN101879,25,Female,Married,Graduate,Salaried,39200.0,653.0,2,11900.0,24,Debt Consolidation,East,2024-08-13,Rejected,
LN101981,49,Female,Married,Graduate,Salaried,56900.0,596.0,3,12300.0,48,Medical,North,2023-04-10,Rejected,
LN101861,34,Female,Divorced,Not Graduate,Salaried,49600.0,625.0,2,8600.0,36,Auto,North,2023-08-28,Approved,0
LN101350,23,Male,Married,Not Graduate,Self-Employed,23700.0,818.0,1,4000.0,36,Debt Consolidation,West,2023-05-31,Approved,1
LN100409,21,Female,Single,Not Graduate,Salaried,944900.0,588.0,2,576100.0,48,Medical,South,2023-03-17,Approved,0
LN100675,53,Male,Married,Not Graduate,Salaried,52700.0,643.0,2,12900.0,36,Education,South,2024-02-29,Rejected,
LN100297,40,Male,Married,Graduate,Salaried,51100.0,589.0,3,10500.0,24,Debt Consolidation,North,2024-04-09,Rejected,
LN100925,63,Male,Divorced,Graduate,Business Owner,70500.0,669.0,0,26200.0,36,Education,South,2023-04-15,Approved,0
LN100022,29,Female,Married,Post Graduate,Salaried,65700.0,504.0,2,14400.0,48,Medical,South,2024-05-20,Rejected,
LN102171,54,Male,Single,Graduate,Self-Employed,51100.0,583.0,1,11300.0,48,Home Improvement,South,2024-03-29,Approved,0
LN100728,42,Female,Widowed,Graduate,Business Owner,42600.0,584.0,3,9700.0,48,Medical,East,2023-04-28,Rejected,
LN101307,31,Male,Single,Post Graduate,Self-Employed,93400.0,665.0,4,53000.0,24,Business,East,2023-02-15,Approved,0
LN100671,48,Female,Married,Graduate,Salaried,63300.0,739.0,0,33000.0,84,Medical,East,2023-01-31,Approved,0
LN101672,33,Female,Widowed,Post Graduate,Salaried,46800.0,773.0,2,10500.0,48,Business,South,2023-04-29,Rejected,
LN101199,48,Female,Married,Graduate,Self-Employed,64900.0,664.0,0,19300.0,60,Debt Consolidation,North,2023-04-23,Rejected,
LN103108,61,Male,Married,Graduate,Self-Employed,89400.0,514.0,3,27300.0,24,Education,South,2023-09-14,Rejected,
LN100293,35,Male,Single,Graduate,Salaried,38600.0,653.0,3,18000.0,36,Home Improvement,North,2023-04-03,Rejected,
LN102420,32,Male,Single,Graduate,Salaried,73300.0,618.0,3,45100.0,36,Debt Consolidation,East,2024-12-11,Rejected,
LN102109,33,Female,Single,Graduate,Salaried,61800.0,726.0,4,12000.0,24,Home Improvement,North,2024-11-21,Approved,0
LN100692,62,Female,Single,Graduate,Self-Employed,75100.0,566.0,2,41000.0,24,Home Improvement,North,2023-09-01,Rejected,
LN100686,39,Male,Divorced,Not Graduate,Salaried,12000.0,588.0,4,3000.0,48,Home Improvement,South,2024-03-20,Rejected,
LN100817,25,Female,Divorced,Not Graduate,Business Owner,13000.0,821.0,4,5500.0,84,Auto,West,2024-11-26,Rejected,
LN100216,24,Female,Married,Post Graduate,Business Owner,81600.0,790.0,2,19700.0,36,Business,South,2023-10-19,Approved,0
LN100152,62,Male,Single,Not Graduate,Salaried,69900.0,655.0,0,21900.0,48,Home Improvement,Central,2023-11-24,Approved,1
LN102705,33,Male,Married,Not Graduate,Salaried,106600.0,630.0,2,56600.0,36,Debt Consolidation,West,2024-04-27,Approved,0
LN101992,33,Female,Married,Graduate,Salaried,51200.0,625.0,1,22200.0,24,Auto,South,2024-01-17,Approved,0
LN102808,56,Male,Single,Graduate,Salaried,91700.0,605.0,3,48600.0,36,Auto,West,2024-01-03,Rejected,
LN102008,56,Male,Married,Graduate,Self-Employed,81900.0,570.0,0,29700.0,48,Personal,South,2023-12-31,Rejected,
LN100478,50,Male,Single,Graduate,Self-Employed,97900.0,670.0,2,38900.0,48,Debt Consolidation,North,2023-03-07,Rejected,
LN101282,38,Female,Married,Graduate,Salaried,45600.0,685.0,3,9900.0,36,Business,South,2024-06-04,Rejected,
LN101604,26,Female,Single,Graduate,Salaried,37300.0,653.0,3,6100.0,24,Personal,North,2023-03-06,Rejected,
LN102722,26,Female,Married,Graduate,Self-Employed,84800.0,661.0,2,41900.0,12,Personal,South,2023-11-10,Rejected,
LN101666,54,Male,Single,Post Graduate,Salaried,93400.0,717.0,3,33000.0,12,Debt Consolidation,North,2024-10-04,Rejected,
LN100812,51,Male,Single,Not Graduate,Business Owner,71800.0,647.0,0,36500.0,24,Personal,South,2024-11-30,Rejected,
LN100250,29,Male,Single,Graduate,Business Owner,63300.0,658.0,4,7700.0,36,Debt Consolidation,South,2024-07-18,Rejected,
LN100843,22,Female,Single,Not Graduate,Salaried,61900.0,564.0,4,17700.0,36,Personal,West,2024-08-25,Rejected,
LN102966,31,Female,Married,Not Graduate,Self-Employed,54500.0,624.0,3,8400.0,12,Medical,West,2023-02-10,Approved,0
LN100967,35,Male,Married,Graduate,Salaried,33000.0,686.0,3,12800.0,36,Medical,East,2024-12-18,Approved,0
LN102470,61,Male,Divorced,Graduate,Business Owner,57200.0,746.0,2,16200.0,48,Home Improvement,South,2023-03-11,Approved,1
LN100972,42,Female,Single,Post Graduate,Salaried,71600.0,675.0,3,38100.0,24,Debt Consolidation,South,2023-07-21,Approved,0
LN101896,46,Female,Single,Not Graduate,Salaried,74700.0,618.0,2,20100.0,24,Debt Consolidation,South,2024-08-07,Rejected,
LN100246,55,Male,Single,Graduate,Business Owner,69800.0,652.0,2,36500.0,12,Business,North,2024-11-15,Rejected,
LN103100,37,Male,Single,Post Graduate,Salaried,81900.0,642.0,2,40300.0,60,Debt Consolidation,West,2023-12-05,Approved,0
LN102211,55,Male,Widowed,Graduate,Salaried,90500.0,675.0,0,24000.0,48,Medical,East,2024-05-10,Approved,0
LN102173,55,Female,Widowed,Graduate,Self-Employed,64500.0,733.0,3,11100.0,12,Debt Consolidation,Central,2024-09-20,Rejected,
LN102457,63,Female,Divorced,Graduate,Self-Employed,61800.0,685.0,2,34400.0,24,Business,Central,2024-12-02,Rejected,
LN102444,47,Female,Married,Not Graduate,Salaried,57400.0,628.0,3,12000.0,36,Home Improvement,Central,2024-03-13,Approved,0
LN101505,31,Female,Single,Not Graduate,Business Owner,55200.0,614.0,4,23100.0,48,Home Improvement,North,2023-11-30,Rejected,
LN101345,65,Male,Married,Not Graduate,Business Owner,46900.0,587.0,1,9500.0,36,Auto,Central,2024-04-07,Rejected,
LN102546,56,Male,Single,Not Graduate,Business Owner,34200.0,628.0,1,8600.0,24,Debt Consolidation,South,2023-07-19,Rejected,
LN100975,31,Female,Single,Graduate,Salaried,54400.0,604.0,0,30900.0,24,Home Improvement,East,2023-08-25,Rejected,
LN103043,44,Male,Married,Graduate,Salaried,54500.0,676.0,4,22900.0,24,Personal,North,2023-01-17,Rejected,
LN101645,34,Female,Single,Graduate,Self-Employed,66900.0,727.0,1,31300.0,60,Personal,East,2024-11-14,Rejected,
LN101679,44,Male,Single,Graduate,Salaried,57300.0,593.0,4,15700.0,36,Auto,East,2023-03-22,Rejected,
LN102304,62,Male,Single,Post Graduate,Salaried,80400.0,545.0,4,18200.0,24,Personal,Central,2024-11-26,Rejected,
LN100122,50,Female,Single,Not Graduate,Self-Employed,55700.0,661.0,4,13100.0,48,Business,East,2024-03-24,Approved,0
LN101534,57,Female,Married,Post Graduate,Business Owner,97400.0,665.0,1,54900.0,60,Business,South,2024-10-02,Rejected,
LN102596,43,Male,Married,Graduate,Salaried,42000.0,760.0,4,13300.0,24,Education,East,2023-11-30,Approved,0
LN102700,60,Female,Married,Not Graduate,Salaried,65200.0,744.0,3,30600.0,24,Debt Consolidation,South,2023-09-04,Approved,0
LN102100,62,Male,Single,Post Graduate,Self-Employed,99700.0,810.0,4,28000.0,48,Personal,North,2024-09-01,Approved,0
LN100869,22,Male,Divorced,Not Graduate,Salaried,62800.0,548.0,3,27800.0,36,Personal,North,2024-02-13,Approved,1
LN102605,54,Female,Single,Graduate,Salaried,70500.0,665.0,2,15600.0,24,Education,Central,2024-09-09,Rejected,
LN101030,42,Male,Married,Graduate,Self-Employed,50700.0,756.0,2,17900.0,48,Personal,North,2023-05-14,Rejected,
LN100756,54,Female,Single,Graduate,Business Owner,68800.0,712.0,0,32100.0,36,Debt Consolidation,West,2024-10-07,Approved,1
LN101998,33,Female,Married,Graduate,Salaried,70600.0,727.0,2,28000.0,36,Education,East,2023-09-09,Approved,0
LN101156,26,Male,Married,Graduate,Salaried,72400.0,669.0,3,31000.0,48,Home Improvement,Central,2023-06-13,Rejected,
LN102115,30,Female,Divorced,Graduate,Salaried,53600.0,696.0,4,23900.0,48,Auto,North,2023-09-22,Rejected,
LN102410,44,Male,Married,Not Graduate,Business Owner,29300.0,635.0,0,7600.0,24,Education,West,2024-06-06,Approved,0
LN100332,34,Female,Single,Graduate,Salaried,61000.0,655.0,2,30300.0,60,Auto,South,2023-06-05,Rejected,
LN101592,38,Female,Single,Post Graduate,Self-Employed,63300.0,581.0,0,38300.0,12,Debt Consolidation,Central,2023-07-11,Rejected,
LN101575,35,Male,Single,Not Graduate,Salaried,70800.0,821.0,3,15900.0,24,Medical,South,2023-03-14,Approved,0
LN102297,43,Male,Single,Graduate,Self-Employed,37500.0,509.0,1,23200.0,36,Medical,North,2023-01-29,Rejected,
LN100472,40,Male,Married,Graduate,Self-Employed,52900.0,570.0,2,17300.0,36,Home Improvement,North,2024-05-19,Rejected,
LN100901,22,Female,Single,Post Graduate,Self-Employed,90800.0,527.0,3,39000.0,24,Medical,West,2024-10-28,Rejected,
LN100865,52,Female,Married,Graduate,Self-Employed,34100.0,668.0,0,19400.0,36,Medical,North,2023-01-15,Rejected,
LN101329,36,Female,Single,Not Graduate,Salaried,62400.0,764.0,3,23300.0,24,Business,Central,2023-01-20,Approved,1
LN101342,26,Female,Single,Post Graduate,Salaried,61100.0,607.0,1,9900.0,48,Auto,North,2023-10-19,Rejected,
LN100741,55,Male,Married,Not Graduate,Self-Employed,52000.0,701.0,0,9200.0,60,Education,Central,2023-01-05,Approved,1
LN102959,42,Female,Married,Post Graduate,Salaried,95200.0,730.0,3,17900.0,48,Education,Central,2023-01-08,Approved,0
LN102803,23,Male,Married,Graduate,Salaried,58500.0,689.0,3,30200.0,24,Debt Consolidation,West,2024-11-14,Approved,0
LN102965,47,Female,Single,Graduate,Salaried,72700.0,655.0,3,29800.0,24,Debt Consolidation,South,2023-05-15,Rejected,
LN102190,37,Male,Single,Post Graduate,Business Owner,48600.0,675.0,3,26400.0,36,Education,East,2023-12-11,Rejected,
LN101628,38,Female,Married,Post Graduate,Business Owner,66600.0,478.0,3,12900.0,48,Auto,West,2024-01-01,Rejected,
LN102463,47,Female,Single,Not Graduate,Salaried,60800.0,582.0,1,14200.0,48,Debt Consolidation,Central,2023-06-23,Rejected,
LN101149,59,Male,Married,Graduate,Salaried,26900.0,727.0,4,13300.0,36,Education,North,2024-05-12,Rejected,
LN102888,27,Male,Single,Graduate,Self-Employed,84100.0,551.0,4,25400.0,12,Business,West,2024-01-31,Rejected,
LN102697,39,Female,Married,Not Graduate,Salaried,12000.0,585.0,4,3000.0,48,Medical,South,2023-03-17,Rejected,
LN100256,51,Male,Married,Not Graduate,Salaried,55200.0,659.0,2,11300.0,48,Debt Consolidation,East,2023-03-12,Rejected,
LN100633,38,Female,Married,Not Graduate,Self-Employed,44700.0,565.0,1,15400.0,60,Medical,West,2024-11-28,Rejected,
LN102568,38,Female,Divorced,Graduate,Salaried,93500.0,510.0,3,30400.0,36,Debt Consolidation,West,2023-10-05,Rejected,
LN100777,26,Female,Married,Not Graduate,Self-Employed,78900.0,707.0,4,25500.0,48,Debt Consolidation,North,2023-07-19,Approved,0
LN102556,56,Female,Married,Graduate,Salaried,70400.0,642.0,4,19300.0,12,Medical,South,2023-06-20,Approved,1
LN102101,51,Male,Married,Not Graduate,Business Owner,91100.0,622.0,1,29200.0,36,Debt Consolidation,Central,2024-03-22,Approved,0
LN100557,60,Male,Married,Not Graduate,Salaried,48900.0,618.0,1,19000.0,36,Debt Consolidation,South,2023-04-08,Rejected,
LN102962,64,Male,Single,Post Graduate,Business Owner,40000.0,621.0,4,12100.0,48,Auto,East,2023-01-05,Rejected,
LN101985,56,Female,Married,Post Graduate,Salaried,60700.0,737.0,0,39300.0,48,Home Improvement,East,2023-03-23,Rejected,
LN102088,34,Female,Married,Graduate,Self-Employed,76300.0,785.0,0,45200.0,24,Education,East,2024-06-22,Approved,0
LN100261,28,Female,Single,Graduate,Self-Employed,57800.0,664.0,1,36100.0,36,Business,West,2023-11-22,Rejected,
LN102131,64,Female,Married,Graduate,Self-Employed,59600.0,794.0,0,33500.0,24,Home Improvement,Central,2023-11-29,Rejected,
LN102570,57,Male,Single,Not Graduate,Salaried,66300.0,627.0,1,13900.0,48,Education,East,2024-10-20,Rejected,
LN102592,44,Female,Single,Not Graduate,Salaried,41100.0,641.0,2,9700.0,48,Home Improvement,Central,2024-01-21,Rejected,
LN101889,41,Female,Married,Post Graduate,Business Owner,99300.0,698.0,4,19100.0,36,Medical,South,2024-10-17,Approved,1
LN102168,63,Female,Married,Post Graduate,Self-Employed,63300.0,610.0,1,26100.0,36,Business,West,2023-01-23,Rejected,
LN102078,32,Male,Married,Not Graduate,Salaried,45100.0,655.0,2,10400.0,36,Medical,South,2023-05-15,Approved,0
LN102588,64,Male,Single,Graduate,Salaried,56200.0,587.0,1,34400.0,48,Auto,North,2024-11-25,Approved,0
LN100208,32,Male,Married,Not Graduate,Self-Employed,82900.0,652.0,0,24600.0,36,Medical,South,2024-08-15,Approved,0
LN102849,37,Male,Married,Not Graduate,Salaried,100600.0,546.0,0,42200.0,24,Business,South,2024-08-07,Rejected,
LN101913,55,Male,Married,Graduate,Salaried,57300.0,601.0,0,30400.0,60,Home Improvement,East,2023-03-18,Rejected,
LN101606,27,Male,Widowed,Not Graduate,Salaried,50200.0,495.0,3,19400.0,36,Education,South,2024-03-18,Rejected,
LN101020,23,Male,Married,Graduate,Business Owner,66200.0,639.0,4,16700.0,24,Medical,Central,2024-05-30,Rejected,
LN102848,33,Female,Single,Not Graduate,Self-Employed,53500.0,589.0,2,15500.0,36,Business,Central,2023-07-06,Rejected,
LN101403,35,Female,Single,Graduate,Salaried,72400.0,681.0,0,17200.0,36,Medical,South,2024-09-03,Approved,0
LN102186,34,Male,Married,Not Graduate,Salaried,78000.0,723.0,4,25300.0,48,Home Improvement,North,2023-09-21,Approved,0
LN102096,63,Male,Divorced,Graduate,Self-Employed,31400.0,533.0,1,20400.0,36,Debt Consolidation,South,2024-07-03,Rejected,
LN100209,56,Male,Married,Post Graduate,Salaried,65900.0,565.0,4,25800.0,48,Education,South,2024-09-08,Rejected,
LN100153,34,Female,Widowed,Post Graduate,Salaried,80600.0,576.0,3,30100.0,36,Debt Consolidation,Central,2023-10-10,Rejected,
LN102466,34,Male,Single,Graduate,Self-Employed,90900.0,707.0,4,32100.0,12,Auto,North,2024-12-17,Approved,1
LN101590,54,Male,Single,Not Graduate,Self-Employed,74200.0,498.0,2,39600.0,48,Personal,South,2023-07-27,Rejected,
LN101147,55,Male,Married,Graduate,Salaried,39700.0,552.0,3,7600.0,48,Education,East,2024-11-24,Rejected,
LN101967,42,Female,Married,Not Graduate,Salaried,61400.0,648.0,2,29500.0,36,Home Improvement,South,2024-12-14,Rejected,
LN101633,60,Male,Divorced,Graduate,Salaried,57700.0,702.0,0,27400.0,60,Debt Consolidation,North,2023-07-06,Rejected,
LN102089,21,Male,Married,Graduate,Salaried,59700.0,697.0,2,30300.0,36,Auto,Central,2023-07-09,Approved,0
LN100597,56,Female,Single,Not Graduate,Salaried,66300.0,667.0,2,17200.0,48,Personal,East,2024-01-17,Rejected,
LN101931,42,Male,Married,Not Graduate,Business Owner,65300.0,655.0,0,22600.0,60,Auto,North,2023-08-28,Rejected,
LN101656,59,Male,Married,Graduate,Salaried,24800.0,682.0,0,7600.0,36,Business,South,2024-07-02,Approved,0
LN100680,53,Female,Single,Graduate,Self-Employed,99400.0,729.0,1,42500.0,36,Debt Consolidation,South,2024-05-03,Approved,0
LN101565,41,Female,Single,Not Graduate,Salaried,84400.0,827.0,3,19200.0,36,Auto,West,2024-03-25,Approved,0
LN102316,24,Female,Married,Graduate,Salaried,96600.0,713.0,1,46300.0,12,Business,Central,2024-04-19,Approved,0
LN101328,51,Male,Married,Graduate,Self-Employed,65500.0,750.0,3,37400.0,60,Auto,Central,2024-01-14,Rejected,
LN102087,50,Female,Single,Post Graduate,Salaried,67100.0,650.0,2,18100.0,12,Medical,South,2023-06-10,Rejected,
LN101518,43,Male,Married,Graduate,Salaried,59300.0,655.0,2,20200.0,48,Debt Consolidation,Central,2024-02-02,Approved,0
LN102265,25,Male,Married,Graduate,Salaried,62300.0,544.0,1,29900.0,60,Business,South,2023-05-20,Rejected,
LN100221,41,Female,Divorced,Not Graduate,Salaried,118100.0,703.0,3,57100.0,24,Personal,South,2024-05-28,Approved,1
LN100225,34,Male,Married,Graduate,Self-Employed,31500.0,678.0,1,16000.0,36,Personal,North,2024-01-31,Rejected,
LN103042,35,Female,Single,Not Graduate,Business Owner,56000.0,549.0,0,12100.0,12,Business,South,2023-01-30,Rejected,
LN103104,52,Male,Widowed,Post Graduate,Salaried,96600.0,714.0,3,20900.0,48,Business,North,2024-10-12,Approved,0
LN101760,38,Male,Married,Post Graduate,Salaried,41500.0,597.0,3,19500.0,24,Debt Consolidation,North,2023-04-12,Rejected,
LN101360,24,Female,Married,Graduate,Salaried,41200.0,716.0,2,10200.0,12,Debt Consolidation,West,2024-01-29,Rejected,
LN102690,53,Male,Divorced,Post Graduate,Business Owner,72100.0,714.0,1,32400.0,36,Debt Consolidation,North,2023-10-28,Approved,0
LN102398,32,Male,Married,Post Graduate,Salaried,69300.0,584.0,0,16000.0,84,Medical,North,2023-09-17,Rejected,
LN101492,22,Male,Divorced,Post Graduate,Salaried,52900.0,594.0,4,25900.0,24,Business,West,2023-11-22,Approved,0
LN103072,31,Male,Single,Post Graduate,Business Owner,124800.0,542.0,2,22300.0,60,Personal,South,2023-09-21,Approved,0
LN102359,30,Male,Single,Not Graduate,Business Owner,79500.0,813.0,0,13000.0,24,Home Improvement,Central,2023-06-20,Approved,0
LN102009,49,Male,Married,Graduate,Business Owner,68700.0,721.0,1,15800.0,36,Auto,South,2023-05-23,Rejected,
LN100205,32,Female,Married,Graduate,Salaried,98700.0,496.0,2,32100.0,24,Debt Consolidation,Central,2024-11-11,Rejected,
LN101027,33,Male,Single,Post Graduate,Self-Employed,53500.0,694.0,3,10200.0,60,Education,Central,2024-12-24,Rejected,
LN102903,48,Female,Married,Graduate,Salaried,79400.0,631.0,1,46700.0,48,Auto,Central,2024-08-02,Rejected,
LN102220,63,Female,Widowed,Post Graduate,Salaried,75600.0,616.0,3,38600.0,60,Auto,East,2024-09-10,Rejected,
LN101046,31,Female,Divorced,Graduate,Self-Employed,69500.0,677.0,2,19300.0,24,Home Improvement,East,2024-02-25,Approved,1
LN100693,63,Male,Single,Graduate,Business Owner,63300.0,710.0,4,36600.0,48,Home Improvement,Central,2023-04-17,Approved,0
LN102527,63,Female,Married,Not Graduate,Self-Employed,38200.0,632.0,2,15300.0,60,Medical,South,2024-10-14,Rejected,
LN102490,36,Male,Single,Graduate,Salaried,63700.0,652.0,4,25900.0,12,Medical,West,2024-07-03,Rejected,
LN101186,27,Female,Single,Not Graduate,Salaried,80400.0,663.0,0,32800.0,12,Home Improvement,South,2023-12-25,Approved,0
LN101369,49,Male,Married,Not Graduate,Self-Employed,38700.0,675.0,2,10400.0,36,Education,West,2023-04-17,Rejected,
LN101907,28,Female,Married,Not Graduate,Salaried,53700.0,726.0,4,12100.0,36,Debt Consolidation,North,2023-10-08,Rejected,
LN100016,44,Male,Single,Not Graduate,Business Owner,12000.0,586.0,4,4600.0,36,Medical,North,2024-11-09,Rejected,
LN102205,56,Male,Married,Not Graduate,Self-Employed,66600.0,586.0,0,40500.0,60,Home Improvement,West,2024-05-25,Approved,0
LN103179,28,Female,Married,Not Graduate,Self-Employed,12000.0,680.0,0,7300.0,24,Personal,North,2023-11-20,Rejected,
LN101676,27,Female,Married,Not Graduate,Business Owner,57300.0,587.0,4,36000.0,24,Business,South,2024-03-22,Rejected,
LN101184,39,Male,Married,Not Graduate,Self-Employed,54900.0,749.0,1,24600.0,60,Debt Consolidation,East,2023-07-06,Approved,0
LN100656,55,Female,Single,Graduate,Salaried,55800.0,802.0,3,18500.0,60,Medical,West,2023-08-23,Approved,0
LN101571,37,Female,Single,Not Graduate,Salaried,25600.0,658.0,4,8700.0,12,Business,Central,2023-09-18,Approved,0
LN101737,25,Male,Married,Graduate,Salaried,30400.0,824.0,3,13300.0,48,Medical,East,2023-04-27,Rejected,
LN101419,42,Male,Married,Post Graduate,Salaried,77800.0,710.0,2,21900.0,36,Debt Consolidation,South,2023-10-14,Approved,0
LN100399,34,Female,Married,Not Graduate,Salaried,58000.0,685.0,4,29700.0,36,Debt Consolidation,Central,2024-07-13,Rejected,
LN100618,23,Female,Single,Graduate,Salaried,41200.0,681.0,4,26600.0,48,Business,South,2023-01-16,Rejected,
LN100508,33,Male,Single,Post Graduate,Self-Employed,45600.0,486.0,2,8700.0,36,Medical,Central,2024-03-12,Rejected,
LN102646,46,Male,Married,Graduate,Business Owner,62100.0,655.0,3,33500.0,12,Auto,Central,2024-06-02,Approved,0
LN100867,58,Female,Divorced,Graduate,Salaried,100400.0,558.0,2,58800.0,48,Home Improvement,North,2024-05-31,Rejected,
LN100886,23,Female,Single,Graduate,Salaried,12000.0,619.0,0,3000.0,48,Home Improvement,North,2024-10-02,Rejected,
LN102110,33,Male,Married,Graduate,Self-Employed,38300.0,552.0,4,21600.0,36,Business,East,2023-11-15,Rejected,
LN100599,49,Female,Married,Graduate,Salaried,59200.0,792.0,1,15900.0,36,Medical,East,2023-08-27,Approved,0
LN102271,35,Male,Single,Post Graduate,Business Owner,83900.0,675.0,2,41000.0,48,Education,North,2023-11-05,Approved,0
LN100457,49,Female,Married,Post Graduate,Self-Employed,71600.0,693.0,3,26900.0,12,Personal,East,2023-01-29,Approved,1
LN102237,33,Male,Married,Graduate,Salaried,54800.0,645.0,4,31000.0,36,Debt Consolidation,South,2024-09-13,Approved,1
LN101117,47,Female,Married,Not Graduate,Self-Employed,19400.0,722.0,4,11600.0,24,Debt Consolidation,Central,2024-02-05,Rejected,
LN100870,41,Female,Married,Not Graduate,Business Owner,81100.0,630.0,1,22300.0,36,Education,North,2024-10-26,Rejected,
LN100790,25,Female,Married,Post Graduate,Salaried,123500.0,697.0,1,44400.0,36,Auto,North,2024-03-31,Approved,0
LN100954,56,Male,Single,Graduate,Business Owner,73500.0,663.0,3,33900.0,24,Personal,North,2023-01-07,Rejected,
LN100650,43,Female,Single,Graduate,Salaried,62600.0,597.0,2,19200.0,36,Auto,South,2023-06-10,Rejected,
LN100733,55,Male,Single,Graduate,Salaried,111700.0,655.0,4,46300.0,36,Personal,Central,2023-10-01,Rejected,
LN103004,52,Female,Single,Not Graduate,Business Owner,12000.0,630.0,1,3900.0,12,Education,North,2023-04-25,Rejected,
LN100379,32,Male,Married,Graduate,Self-Employed,94000.0,658.0,2,15100.0,48,Debt Consolidation,East,2023-06-01,Rejected,
LN102984,53,Female,Single,Not Graduate,Salaried,26300.0,719.0,0,11200.0,36,Debt Consolidation,Central,2023-03-24,Rejected,
LN100956,39,Male,Single,Not Graduate,Business Owner,37600.0,798.0,0,18300.0,24,Auto,South,2023-11-24,Approved,0
LN100171,25,Female,Single,Not Graduate,Self-Employed,12000.0,514.0,0,3000.0,24,Home Improvement,South,2023-08-08,Rejected,
LN101944,38,Male,Single,Graduate,Salaried,78700.0,680.0,0,34100.0,60,Auto,West,2024-09-03,Rejected,
LN100659,33,Female,Single,Graduate,Self-Employed,63100.0,668.0,0,21100.0,48,Business,Central,2023-12-15,Rejected,
LN102120,55,Female,Married,Graduate,Salaried,43600.0,496.0,3,22100.0,36,Home Improvement,South,2024-10-19,Rejected,
LN101094,35,Male,Single,Graduate,Self-Employed,49000.0,611.0,4,24600.0,60,Auto,West,2023-01-03,Rejected,
LN102641,43,Female,Married,Post Graduate,Self-Employed,44800.0,641.0,0,20700.0,36,Education,West,2023-07-27,Approved,0
LN102219,29,Male,Married,Not Graduate,Self-Employed,30200.0,545.0,4,19500.0,48,Personal,West,2024-01-14,Rejected,
LN100642,59,Male,Married,Graduate,Salaried,45500.0,729.0,3,23500.0,60,Auto,West,2023-02-01,Approved,1
LN100168,36,Male,Single,Graduate,Salaried,82300.0,648.0,4,31200.0,24,Medical,West,2024-05-12,Approved,0
LN101517,23,Female,Married,Graduate,Business Owner,76300.0,795.0,1,37500.0,60,Medical,Central,2024-04-12,Rejected,
LN101800,23,Male,Single,Graduate,Salaried,67100.0,591.0,4,42700.0,24,Business,East,2024-04-24,Rejected,
LN102760,27,Male,Divorced,Graduate,Salaried,73300.0,637.0,3,37300.0,36,Medical,South,2023-11-23,Approved,0
LN101917,43,Male,Divorced,Graduate,Salaried,39000.0,654.0,3,18800.0,48,Auto,North,2023-03-05,Rejected,
LN100272,27,Female,Married,Post Graduate,Salaried,92200.0,587.0,2,55500.0,12,Home Improvement,Central,2023-03-11,Rejected,
LN101215,26,Female,Single,Not Graduate,Salaried,86000.0,496.0,3,14200.0,36,Medical,East,2023-01-09,Rejected,
LN101118,53,Male,Divorced,Not Graduate,Self-Employed,34100.0,547.0,3,9900.0,48,Home Improvement,East,2023-05-30,Rejected,
LN102638,27,Female,Single,Not Graduate,Self-Employed,81600.0,592.0,1,35200.0,84,Auto,North,2023-07-21,Rejected,
LN102850,29,Male,Married,Graduate,Salaried,58700.0,807.0,3,10900.0,60,Home Improvement,North,2023-04-06,Approved,0
LN101066,62,Male,Married,Graduate,Self-Employed,30600.0,799.0,3,14700.0,48,Debt Consolidation,North,2024-10-26,Approved,0
LN102104,60,Male,Married,Not Graduate,Salaried,23400.0,630.0,1,14000.0,36,Personal,West,2024-05-23,Rejected,
LN102388,64,Female,Single,Graduate,Self-Employed,66800.0,688.0,0,14600.0,48,Auto,South,2023-12-14,Approved,1
LN102462,42,Male,Married,Graduate,Salaried,37500.0,760.0,3,6600.0,24,Education,East,2024-11-20,Approved,0
LN101912,21,Female,Single,Post Graduate,Salaried,70700.0,578.0,2,41900.0,60,Medical,North,2023-11-06,Rejected,
LN100038,33,Male,Single,Graduate,Business Owner,15700.0,704.0,1,5400.0,36,Home Improvement,North,2024-12-21,Approved,0
LN100306,34,Female,Single,Not Graduate,Self-Employed,103000.0,518.0,4,45500.0,36,Education,Central,2024-10-31,Rejected,
LN100006,24,Male,Married,Not Graduate,Self-Employed,71200.0,690.0,3,18000.0,60,Business,North,2024-07-27,Approved,0
LN100781,49,Male,Married,Graduate,Salaried,98000.0,613.0,4,55400.0,36,Debt Consolidation,South,2024-01-13,Approved,0
LN101190,39,Female,Single,Graduate,Salaried,76700.0,672.0,2,42800.0,36,Business,South,2023-03-21,Rejected,
LN100534,46,Female,Single,Not Graduate,Business Owner,42600.0,566.0,3,17500.0,60,Personal,East,2023-11-25,Rejected,
LN100583,23,Male,Single,Graduate,Self-Employed,41800.0,616.0,0,24200.0,60,Business,Central,2023-09-06,Rejected,
LN102544,57,Female,Single,Graduate,Self-Employed,101500.0,684.0,1,46100.0,12,Home Improvement,West,2024-07-03,Approved,0
LN103127,61,Male,Married,Graduate,Salaried,42200.0,576.0,2,17300.0,48,Auto,South,2024-05-01,Rejected,
LN102699,26,Female,Single,Post Graduate,Self-Employed,70800.0,692.0,1,28100.0,48,Debt Consolidation,South,2023-08-07,Rejected,
LN102927,35,Female,Single,Post Graduate,Self-Employed,117500.0,517.0,1,51500.0,36,Education,North,2023-10-19,Rejected,
LN102350,45,Female,Married,Graduate,Salaried,65800.0,772.0,0,18900.0,36,Business,Central,2023-12-17,Approved,0
LN100316,53,Female,Married,Post Graduate,Salaried,48800.0,537.0,4,29400.0,48,Medical,Central,2024-11-13,Rejected,
LN102197,59,Female,Married,Not Graduate,Salaried,104900.0,669.0,0,47600.0,24,Auto,North,2023-12-13,Approved,1
LN101794,42,Female,Widowed,Graduate,Business Owner,709500.0,594.0,1,268100.0,60,Debt Consolidation,North,2023-10-28,Approved,0
LN102314,31,Male,Married,Not Graduate,Salaried,67100.0,644.0,0,20600.0,24,Auto,South,2023-03-09,Rejected,
LN100271,22,Female,Single,Graduate,Salaried,81000.0,749.0,4,34500.0,48,Personal,South,2024-12-18,Approved,0
LN100548,44,Female,Married,Not Graduate,Salaried,69700.0,636.0,1,33400.0,24,Home Improvement,Central,2023-03-14,Rejected,
LN101692,50,Female,Divorced,Not Graduate,Salaried,81700.0,568.0,3,21300.0,36,Home Improvement,West,2024-02-29,Rejected,
LN101719,44,Male,Single,Graduate,Salaried,55400.0,760.0,0,15300.0,60,Business,East,2024-11-03,Approved,1
LN102938,61,Male,Single,Graduate,Salaried,92100.0,775.0,0,35900.0,60,Personal,Central,2024-07-19,Rejected,
LN102948,44,Female,Single,Graduate,Salaried,79300.0,690.0,0,17200.0,60,Medical,North,2023-11-02,Rejected,
LN100598,49,Male,Married,Graduate,Salaried,45100.0,684.0,3,25200.0,48,Debt Consolidation,West,2024-07-31,Rejected,
LN101689,25,Female,Widowed,Graduate,Self-Employed,77400.0,642.0,3,17000.0,60,Personal,North,2023-09-22,Rejected,
LN100894,54,Male,Married,Graduate,Self-Employed,38500.0,641.0,0,7800.0,48,Auto,North,2023-09-13,Rejected,
LN102781,63,Male,Divorced,Not Graduate,Salaried,47900.0,499.0,2,19500.0,36,Business,West,2024-09-13,Rejected,
LN101775,26,Female,Married,Graduate,Salaried,75400.0,737.0,4,18600.0,60,Education,West,2023-11-09,Approved,0
LN100570,63,Male,Single,Not Graduate,Salaried,70700.0,565.0,3,22600.0,36,Auto,South,2024-03-16,Rejected,
LN101999,33,Female,Single,Graduate,Salaried,98500.0,629.0,2,34600.0,48,Business,North,2023-06-22,Approved,0
LN102122,47,Male,Married,Graduate,Business Owner,70800.0,679.0,1,19200.0,48,Home Improvement,South,2024-11-07,Rejected,
LN100061,54,Female,Divorced,Graduate,Business Owner,64100.0,544.0,3,27200.0,48,Debt Consolidation,West,2024-06-06,Approved,0
LN101247,41,Male,Single,Graduate,Salaried,59100.0,619.0,4,9900.0,48,Auto,East,2024-06-01,Rejected,
LN103195,28,Male,Single,Not Graduate,Salaried,73600.0,672.0,0,39100.0,36,Home Improvement,South,2024-06-12,Approved,0
LN101259,57,Female,Divorced,Graduate,Salaried,47200.0,595.0,2,30500.0,48,Business,Central,2024-04-08,Rejected,
LN100809,65,Female,Married,Post Graduate,Self-Employed,73700.0,642.0,4,44400.0,36,Business,East,2024-10-21,Approved,0
LN102292,31,Female,Divorced,Post Graduate,Business Owner,40700.0,717.0,1,20200.0,36,Auto,West,2023-08-03,Approved,0
LN101049,26,Male,Married,Graduate,Salaried,79700.0,674.0,4,22500.0,36,Business,Central,2024-04-02,Rejected,
LN102601,30,Female,Single,Not Graduate,Business Owner,78300.0,571.0,3,45100.0,24,Home Improvement,North,2023-10-23,Rejected,
LN100107,50,Male,Single,Post Graduate,Business Owner,68300.0,738.0,1,19700.0,24,Auto,North,2023-07-03,Rejected,
LN102153,45,Female,Married,Graduate,Business Owner,63100.0,645.0,1,31700.0,48,Home Improvement,East,2024-10-22,Approved,0
LN100673,25,Male,Single,Graduate,Salaried,72300.0,743.0,4,38300.0,36,Business,North,2024-12-04,Approved,0
LN100665,52,Male,Married,Not Graduate,Self-Employed,77600.0,540.0,3,14100.0,60,Business,West,2024-11-14,Rejected,
LN100509,31,Male,Single,Post Graduate,Self-Employed,33400.0,606.0,1,6000.0,48,Auto,North,2024-11-03,Rejected,
LN102179,41,Male,Married,Not Graduate,Business Owner,50800.0,449.0,1,14900.0,60,Home Improvement,North,2024-12-07,Rejected,
LN101640,53,Male,Married,Not Graduate,Self-Employed,98800.0,600.0,4,56700.0,36,Personal,Central,2024-04-28,Approved,0
LN102814,29,Male,Married,Graduate,Business Owner,62400.0,560.0,3,35400.0,60,Medical,West,2024-01-21,Rejected,
LN101532,62,Male,Married,Post Graduate,Salaried,60500.0,662.0,2,35700.0,36,Personal,South,2023-05-25,Rejected,
LN100866,57,Female,Single,Graduate,Salaried,92200.0,714.0,0,35100.0,12,Auto,West,2024-07-06,Approved,1
LN101855,59,Female,Single,Graduate,Salaried,87000.0,535.0,0,49800.0,36,Business,West,2024-09-24,Rejected,
LN101736,43,Female,Single,Graduate,Salaried,74700.0,715.0,3,15800.0,24,Auto,West,2023-09-24,Rejected,
LN101060,55,Male,Married,Post Graduate,Salaried,39000.0,476.0,2,24900.0,60,Education,Central,2024-11-22,Rejected,
LN103007,40,Male,Single,Not Graduate,Salaried,68100.0,595.0,3,43800.0,48,Medical,North,2024-11-27,Rejected,
LN102105,33,Male,Married,Graduate,Salaried,91400.0,583.0,1,15600.0,12,Auto,West,2023-07-30,Approved,0
LN102909,36,Male,Married,Post Graduate,Self-Employed,100700.0,489.0,4,35300.0,48,Debt Consolidation,East,2024-07-21,Rejected,
LN101973,36,Female,Widowed,Graduate,Self-Employed,114800.0,629.0,4,42800.0,24,Auto,North,2024-05-11,Rejected,
LN100589,58,Female,Divorced,Not Graduate,Salaried,28000.0,703.0,1,17700.0,60,Debt Consolidation,Central,2023-07-19,Approved,0
LN102557,59,Male,Single,Graduate,Self-Employed,57300.0,576.0,0,10400.0,12,Debt Consolidation,North,2023-03-11,Rejected,
LN102782,55,Male,Single,Graduate,Business Owner,73800.0,688.0,1,13800.0,24,Auto,Central,2023-09-15,Approved,0
LN100086,25,Female,Single,Post Graduate,Salaried,58600.0,583.0,4,22300.0,36,Medical,North,2024-11-11,Approved,0
LN103077,57,Male,Married,Not Graduate,Salaried,61000.0,655.0,2,29800.0,36,Home Improvement,South,2024-06-05,Rejected,
LN100771,65,Male,Single,Post Graduate,Salaried,57000.0,634.0,3,22500.0,24,Home Improvement,East,2023-12-16,Approved,0
LN102525,35,Male,Single,Graduate,Salaried,46400.0,478.0,4,10100.0,24,Education,North,2024-05-02,Rejected,
LN101249,65,Male,Married,Post Graduate,Self-Employed,83500.0,663.0,2,24400.0,36,Education,South,2024-05-10,Approved,0
LN100708,42,Female,Married,Graduate,Salaried,30500.0,698.0,3,19300.0,48,Auto,South,2024-10-30,Rejected,
LN102548,42,Female,Single,Not Graduate,Salaried,30100.0,693.0,0,19100.0,36,Home Improvement,West,2024-10-05,Rejected,
LN101860,54,Female,Single,Graduate,Salaried,61600.0,822.0,3,29700.0,60,Home Improvement,Central,2023-08-19,Approved,0
LN102128,23,Female,Single,Graduate,Salaried,60400.0,562.0,0,26900.0,36,Debt Consolidation,West,2024-02-22,Rejected,
LN102816,51,Female,Single,Not Graduate,Salaried,76200.0,644.0,3,30900.0,24,Home Improvement,East,2024-01-01,Rejected,
LN100418,34,Female,Single,Graduate,Salaried,94400.0,603.0,3,44700.0,60,Debt Consolidation,West,2023-01-24,Approved,0
LN101461,35,Female,Single,Graduate,Salaried,32400.0,724.0,4,16600.0,36,Business,South,2023-08-07,Rejected,
LN101484,39,Female,Divorced,Not Graduate,Salaried,34300.0,496.0,3,11100.0,24,Debt Consolidation,North,2024-09-19,Rejected,
LN102949,44,Male,Married,Graduate,Business Owner,65400.0,663.0,4,29500.0,24,Personal,West,2024-07-10,Approved,0
LN103064,52,Female,Married,Graduate,Self-Employed,46200.0,692.0,3,29800.0,60,Auto,West,2023-12-22,Approved,0
LN100851,57,Female,Married,Graduate,Salaried,42500.0,589.0,3,9700.0,36,Debt Consolidation,East,2023-06-30,Approved,1
LN101004,26,Male,Married,Graduate,Self-Employed,77900.0,624.0,2,34900.0,36,Home Improvement,North,2024-06-10,Rejected,
LN101996,45,Male,Married,Graduate,Business Owner,39900.0,662.0,2,19200.0,60,Debt Consolidation,North,2023-02-10,Approved,0
LN101834,39,Male,Married,Post Graduate,Salaried,55300.0,740.0,2,10200.0,36,Business,South,2024-09-19,Rejected,
LN102518,27,Male,Married,Not Graduate,Salaried,63300.0,445.0,0,14100.0,24,Education,West,2023-11-10,Rejected,
LN100436,46,Female,Single,Graduate,Business Owner,97400.0,644.0,3,61600.0,24,Auto,Central,2023-04-22,Approved,0
LN101316,52,Male,Married,Post Graduate,Self-Employed,67700.0,751.0,2,19500.0,24,Debt Consolidation,West,2023-07-02,Approved,0
LN101623,21,Female,Married,Not Graduate,Salaried,64200.0,691.0,4,36600.0,60,Debt Consolidation,East,2023-02-06,Rejected,
LN101480,27,Male,Married,Post Graduate,Salaried,31400.0,744.0,4,14000.0,24,Debt Consolidation,Central,2023-03-16,Approved,0
LN101648,64,Male,Married,Graduate,Salaried,32700.0,655.0,2,14200.0,24,Business,North,2024-11-16,Approved,0
LN101003,60,Female,Married,Graduate,Business Owner,85600.0,525.0,2,25300.0,48,Home Improvement,West,2024-01-15,Rejected,
LN101278,21,Female,Single,Graduate,Salaried,69000.0,740.0,4,31800.0,48,Auto,South,2024-02-21,Approved,0
LN101823,60,Male,Married,Graduate,Salaried,49200.0,823.0,0,24600.0,36,Medical,East,2023-10-14,Approved,0
LN102584,36,Female,Single,Graduate,Business Owner,47500.0,713.0,3,27000.0,24,Debt Consolidation,South,2024-11-27,Approved,0
LN103066,58,Female,Single,Post Graduate,Business Owner,57500.0,561.0,3,28700.0,84,Business,North,2024-09-25,Rejected,
LN101836,63,Male,Single,Graduate,Salaried,28800.0,681.0,2,11400.0,24,Education,East,2023-09-14,Rejected,
LN103022,38,Female,Single,Post Graduate,Business Owner,63600.0,647.0,2,16600.0,84,Personal,Central,2024-03-27,Rejected,
LN102352,53,Female,Widowed,Not Graduate,Salaried,91900.0,758.0,0,32200.0,84,Debt Consolidation,East,2023-10-02,Approved,0
LN102282,35,Female,Married,Graduate,Salaried,39000.0,681.0,2,21000.0,60,Education,East,2023-09-26,Rejected,
LN101546,51,Female,Widowed,Not Graduate,Business Owner,47600.0,776.0,2,14700.0,60,Auto,Central,2024-10-16,Rejected,
LN100335,57,Male,Married,Not Graduate,Salaried,24400.0,825.0,0,7800.0,24,Business,West,2023-03-12,Approved,0
LN100088,55,Female,Married,Graduate,Self-Employed,71500.0,451.0,0,16300.0,24,Education,North,2024-06-10,Rejected,
LN100874,52,Male,Married,Graduate,Self-Employed,56100.0,596.0,2,12300.0,48,Personal,Central,2024-07-12,Rejected,
LN102831,56,Female,Married,Graduate,Self-Employed,68500.0,556.0,3,18300.0,48,Personal,West,2024-08-21,Approved,0
LN100543,28,Female,Married,Post Graduate,Salaried,108900.0,511.0,3,42300.0,48,Business,Central,2023-09-06,Rejected,
LN101241,55,Female,Single,Graduate,Salaried,51500.0,664.0,1,20200.0,36,Home Improvement,Central,2023-11-28,Rejected,
LN101880,38,Female,Married,Graduate,Self-Employed,48300.0,677.0,2,29500.0,12,Auto,North,2024-03-17,Approved,0
LN103074,47,Female,Married,Post Graduate,Salaried,86300.0,550.0,3,24000.0,12,Auto,East,2023-06-04,Rejected,
LN102650,60,Male,Single,Not Graduate,Self-Employed,80000.0,675.0,3,50700.0,36,Debt Consolidation,North,2024-10-16,Rejected,
LN102269,64,Female,Married,Graduate,Salaried,65400.0,698.0,4,18700.0,84,Auto,East,2024-04-19,Approved,0
LN100319,55,Female,Married,Graduate,Self-Employed,70200.0,737.0,1,16600.0,36,Debt Consolidation,Central,2024-03-12,Approved,0
LN100519,47,Male,Single,Graduate,Salaried,72300.0,596.0,4,16900.0,24,Personal,Central,2023-03-29,Rejected,
LN102552,30,Female,Widowed,Post Graduate,Business Owner,67500.0,646.0,4,26400.0,36,Personal,North,2024-04-27,Approved,0
LN100878,45,Male,Married,Graduate,Salaried,98800.0,534.0,1,29200.0,24,Auto,East,2024-11-20,Rejected,
LN100825,25,Female,Married,Post Graduate,Salaried,89100.0,707.0,3,24400.0,24,Home Improvement,South,2024-07-19,Approved,0
LN101290,31,Male,Single,Graduate,Salaried,63600.0,637.0,0,26100.0,48,Debt Consolidation,North,2024-08-31,Rejected,
LN102735,27,Male,Widowed,Graduate,Salaried,71100.0,804.0,1,38200.0,36,Education,West,2024-12-04,Approved,0
LN102712,63,Male,Single,Graduate,Business Owner,27400.0,548.0,1,8500.0,36,Business,South,2023-04-24,Rejected,
LN100138,36,Female,Married,Not Graduate,Self-Employed,82600.0,614.0,0,12700.0,60,Debt Consolidation,West,2023-02-19,Rejected,
LN100163,39,Male,Single,Graduate,Salaried,55800.0,645.0,4,22200.0,24,Auto,Central,2024-09-18,Rejected,
LN101618,26,Male,Divorced,Not Graduate,Salaried,38000.0,685.0,2,5800.0,24,Personal,East,2023-11-29,Rejected,
LN103010,37,Male,Single,Not Graduate,Business Owner,12000.0,831.0,1,6500.0,24,Education,West,2023-02-08,Rejected,
LN101791,60,Female,Married,Graduate,Self-Employed,110700.0,645.0,1,22500.0,48,Auto,South,2023-01-08,Rejected,
LN101045,27,Male,Divorced,Graduate,Self-Employed,53200.0,583.0,3,18700.0,36,Personal,West,2023-08-14,Rejected,
LN100960,27,Female,Single,Graduate,Salaried,15300.0,756.0,0,4500.0,48,Debt Consolidation,East,2024-06-29,Rejected,
LN101750,62,Male,Divorced,Post Graduate,Salaried,106900.0,661.0,0,58700.0,12,Debt Consolidation,North,2024-02-23,Approved,0
LN102737,29,Male,Married,Graduate,Salaried,30100.0,673.0,3,18300.0,84,Auto,South,2023-11-06,Approved,0
LN102422,25,Male,Married,Graduate,Business Owner,101600.0,557.0,1,55500.0,48,Business,South,2023-12-24,Rejected,
LN101504,47,Female,Married,Not Graduate,Salaried,61000.0,617.0,2,32400.0,12,Debt Consolidation,West,2024-09-06,Rejected,
LN103058,38,Female,Divorced,Post Graduate,Salaried,107100.0,651.0,0,32500.0,48,Auto,South,2023-12-26,Rejected,
LN103145,45,Male,Married,Not Graduate,Salaried,49500.0,699.0,3,26900.0,24,Debt Consolidation,West,2024-03-26,Approved,1
LN101059,34,Male,Single,Post Graduate,Business Owner,80400.0,585.0,0,35600.0,48,Debt Consolidation,East,2023-04-15,Rejected,
LN102900,43,Male,Single,Graduate,Salaried,34600.0,688.0,3,22200.0,24,Debt Consolidation,Central,2023-06-07,Approved,0
LN100655,44,Female,Married,Graduate,Salaried,42700.0,850.0,4,21700.0,24,Medical,Central,2024-12-12,Approved,0
LN102064,47,Male,Married,Not Graduate,Salaried,44000.0,655.0,1,22900.0,24,Debt Consolidation,North,2024-10-24,Approved,0
LN102993,59,Male,Married,Graduate,Business Owner,60000.0,508.0,0,24000.0,60,Education,South,2024-05-15,Rejected,
LN100137,22,Male,Married,Graduate,Self-Employed,55700.0,632.0,4,8400.0,48,Business,East,2024-01-27,Approved,0
LN102517,44,Male,Widowed,Not Graduate,Salaried,99500.0,750.0,4,43700.0,36,Auto,West,2023-07-10,Approved,0
LN101976,62,Female,Married,Not Graduate,Self-Employed,43200.0,652.0,0,14600.0,60,Debt Consolidation,East,2023-12-04,Rejected,
LN101581,30,Male,Divorced,Graduate,Business Owner,54900.0,624.0,3,24100.0,60,Auto,South,2024-02-20,Rejected,
LN100697,47,Male,Single,Graduate,Salaried,67600.0,677.0,2,18600.0,84,Business,South,2023-11-12,Rejected,
LN101097,54,Male,Divorced,Graduate,Salaried,63300.0,732.0,0,34300.0,12,Auto,South,2023-01-19,Approved,0
LN102941,63,Male,Married,Post Graduate,Salaried,95400.0,662.0,3,52100.0,12,Medical,East,2023-02-15,Approved,0
LN102787,23,Male,Widowed,Graduate,Salaried,27600.0,707.0,4,15900.0,24,Debt Consolidation,North,2023-11-18,Rejected,
LN101392,65,Male,Single,Not Graduate,Business Owner,39800.0,637.0,3,22500.0,48,Home Improvement,North,2023-07-20,Rejected,
LN103111,55,Male,Single,Not Graduate,Salaried,68500.0,584.0,4,14300.0,12,Personal,East,2023-09-01,Rejected,
LN101266,23,Male,Married,Graduate,Salaried,15700.0,642.0,3,8000.0,48,Debt Consolidation,East,2023-02-20,Rejected,
LN102375,65,Male,Single,Not Graduate,Business Owner,56000.0,755.0,0,33900.0,12,Business,East,2023-10-04,Rejected,
LN102365,24,Male,Married,Graduate,Business Owner,48200.0,793.0,4,24700.0,24,Business,West,2023-01-26,Rejected,
LN100135,34,Female,Single,Graduate,Salaried,47100.0,590.0,4,20700.0,24,Debt Consolidation,West,2023-01-17,Rejected,
LN101169,62,Female,Married,Graduate,Salaried,57700.0,511.0,1,35200.0,36,Medical,North,2024-05-31,Rejected,
LN102135,51,Male,Married,Graduate,Salaried,44400.0,622.0,3,18700.0,36,Debt Consolidation,Central,2023-08-28,Rejected,
LN101503,35,Female,Single,Graduate,Self-Employed,75300.0,710.0,4,26700.0,36,Debt Consolidation,Central,2023-03-01,Approved,1
LN101362,36,Male,Single,Not Graduate,Business Owner,66900.0,630.0,1,31600.0,12,Auto,West,2024-09-04,Rejected,
LN102559,47,Male,Married,Post Graduate,Self-Employed,63300.0,805.0,1,45200.0,60,Home Improvement,East,2024-11-08,Rejected,
LN100148,57,Female,Married,Post Graduate,Self-Employed,58100.0,732.0,4,19500.0,24,Debt Consolidation,Central,2023-11-28,Approved,0
LN100303,61,Male,Married,Graduate,Salaried,71800.0,684.0,0,39600.0,36,Home Improvement,West,2024-07-25,Approved,0
LN101017,43,Male,Single,Graduate,Salaried,59400.0,572.0,1,35000.0,24,Home Improvement,East,2023-06-26,Rejected,
LN101924,37,Female,Married,Graduate,Salaried,82500.0,668.0,4,43600.0,60,Medical,West,2024-12-10,Rejected,
LN101052,43,Female,Single,Post Graduate,Business Owner,37800.0,589.0,3,21900.0,36,Education,North,2023-09-13,Rejected,
LN103018,47,Female,Widowed,Graduate,Business Owner,69800.0,622.0,3,34600.0,48,Personal,North,2023-08-07,Rejected,
LN102413,48,Male,Married,Not Graduate,Self-Employed,33300.0,496.0,2,8000.0,24,Home Improvement,North,2024-10-29,Rejected,
LN102511,59,Female,Single,Not Graduate,Salaried,50000.0,568.0,4,15500.0,48,Debt Consolidation,Central,2024-01-01,Rejected,
LN101904,35,Female,Married,Not Graduate,Salaried,61300.0,622.0,1,20800.0,36,Education,East,2023-12-11,Rejected,
LN103027,54,Male,Single,Post Graduate,Salaried,41400.0,740.0,3,22800.0,60,Auto,South,2023-03-13,Rejected,
LN100198,36,Female,Single,Graduate,Salaried,95100.0,646.0,4,24500.0,36,Education,North,2024-02-26,Approved,0
LN101768,24,Male,Married,Not Graduate,Salaried,28500.0,720.0,4,17900.0,36,Home Improvement,East,2023-02-06,Approved,0
LN102240,31,Female,Married,Graduate,Business Owner,52500.0,550.0,2,20300.0,24,Personal,West,2024-04-25,Rejected,
LN100404,43,Male,Single,Post Graduate,Salaried,49900.0,548.0,0,9900.0,60,Personal,Central,2023-05-20,Rejected,
LN102834,38,Female,Single,Graduate,Self-Employed,65100.0,683.0,4,34100.0,48,Education,Central,2024-11-12,Rejected,
LN103191,51,Male,Divorced,Graduate,Self-Employed,75100.0,644.0,3,40500.0,24,Personal,North,2023-12-06,Rejected,
LN100483,56,Male,Single,Not Graduate,Salaried,73600.0,543.0,1,14100.0,48,Business,West,2024-07-04,Rejected,
LN101182,52,Female,Married,Graduate,Business Owner,69900.0,663.0,2,17800.0,24,Education,South,2023-01-24,Approved,0
LN101339,39,Male,Married,Graduate,Self-Employed,83200.0,633.0,1,27200.0,36,Education,North,2023-01-24,Approved,1
LN101280,54,Male,Single,Post Graduate,Business Owner,42500.0,610.0,2,14000.0,36,Medical,South,2023-10-30,Rejected,
LN101031,28,Female,Single,Post Graduate,Salaried,92900.0,646.0,2,47300.0,48,Medical,Central,2023-05-15,Rejected,
LN100791,41,Female,Married,Post Graduate,Salaried,67300.0,631.0,2,15000.0,24,Debt Consolidation,North,2024-04-01,Rejected,
LN100799,40,Female,Married,Graduate,Salaried,68000.0,568.0,3,23500.0,48,Education,Central,2023-09-21,Rejected,
LN102432,28,Female,Single,Graduate,Salaried,51400.0,647.0,3,25200.0,36,Personal,Central,2024-07-31,Rejected,
LN101201,42,Female,Single,Post Graduate,Business Owner,73800.0,714.0,4,11900.0,36,Auto,East,2024-11-02,Approved,0
LN100422,55,Male,Single,Not Graduate,Self-Employed,74900.0,586.0,3,37700.0,36,Auto,South,2023-06-07,Approved,0
LN102362,64,Female,Married,Graduate,Business Owner,78400.0,669.0,4,38200.0,60,Home Improvement,West,2023-07-19,Approved,0
LN103168,57,Male,Single,Not Graduate,Salaried,82500.0,684.0,4,53200.0,60,Medical,South,2023-01-23,Rejected,
LN101883,59,Female,Married,Graduate,Salaried,91600.0,655.0,2,28000.0,36,Debt Consolidation,North,2023-06-11,Rejected,
LN103139,43,Female,Married,Graduate,Self-Employed,52200.0,663.0,0,8100.0,48,Auto,North,2024-08-20,Approved,0
LN101479,39,Male,Single,Not Graduate,Self-Employed,84200.0,691.0,2,34500.0,48,Medical,East,2023-06-10,Approved,0
LN101928,29,Female,Married,Not Graduate,Self-Employed,60000.0,768.0,0,20900.0,60,Auto,South,2024-08-27,Approved,0
LN102684,43,Male,Single,Not Graduate,Self-Employed,79500.0,623.0,4,29100.0,24,Debt Consolidation,West,2023-01-08,Rejected,
LN101529,62,Female,Single,Graduate,Salaried,55900.0,667.0,2,14100.0,36,Debt Consolidation,Central,2023-07-31,Rejected,
LN100902,30,Female,Single,Not Graduate,Salaried,51600.0,612.0,0,7900.0,48,Debt Consolidation,North,2024-04-07,Rejected,
LN100685,57,Male,Divorced,Graduate,Salaried,58000.0,668.0,4,13700.0,12,Home Improvement,North,2024-07-12,Rejected,
LN101551,59,Female,Divorced,Graduate,Salaried,44500.0,717.0,4,7900.0,24,Education,North,2023-01-12,Rejected,
LN100159,56,Female,Married,Graduate,Salaried,33200.0,621.0,2,11800.0,24,Personal,South,2023-12-10,Rejected,
LN100999,44,Female,Married,Not Graduate,Business Owner,61200.0,629.0,3,22600.0,84,Debt Consolidation,South,2023-02-20,Rejected,
LN102606,44,Male,Widowed,Graduate,Salaried,98400.0,609.0,0,33700.0,48,Home Improvement,West,2024-12-26,Rejected,
LN103006,47,Male,Married,Post Graduate,Business Owner,125400.0,505.0,0,65600.0,12,Personal,North,2024-10-10,Approved,0
LN102250,43,Female,Widowed,Not Graduate,Salaried,48300.0,532.0,2,27400.0,36,Debt Consolidation,South,2024-05-28,Rejected,
LN100112,46,Male,Married,Post Graduate,Self-Employed,65400.0,766.0,1,12400.0,48,Business,North,2024-09-02,Approved,0
LN103033,25,Male,Married,Not Graduate,Salaried,74100.0,719.0,0,41200.0,24,Debt Consolidation,North,2024-10-19,Rejected,
LN101446,63,Female,Divorced,Not Graduate,Salaried,70300.0,809.0,1,44800.0,24,Debt Consolidation,South,2024-09-26,Approved,0
LN101952,24,Male,Married,Post Graduate,Salaried,44300.0,831.0,3,27300.0,24,Business,Central,2024-03-08,Approved,0
LN100922,41,Male,Single,Graduate,Salaried,55200.0,651.0,0,14500.0,36,Education,North,2023-09-02,Rejected,
LN101624,45,Male,Married,Not Graduate,Self-Employed,75200.0,701.0,0,36600.0,24,Personal,East,2024-11-08,Approved,0
LN102751,24,Male,Married,Graduate,Business Owner,35000.0,653.0,4,6800.0,24,Debt Consolidation,West,2023-08-29,Rejected,
LN101319,38,Female,Single,Graduate,Salaried,59400.0,589.0,3,23600.0,48,Medical,East,2023-12-02,Approved,1
LN101663,45,Female,Single,Post Graduate,Salaried,91000.0,755.0,0,35000.0,48,Education,Central,2024-02-28,Approved,0
LN100815,58,Male,Single,Graduate,Salaried,49700.0,583.0,3,11700.0,24,Business,West,2023-02-18,Rejected,
LN102635,22,Male,Married,Graduate,Business Owner,98000.0,758.0,0,53000.0,36,Education,East,2023-01-21,Approved,0
LN102266,51,Female,Married,Graduate,Salaried,107600.0,587.0,2,33600.0,36,Auto,North,2024-04-19,Rejected,
LN101473,30,Female,Single,Graduate,Salaried,95400.0,583.0,3,50700.0,24,Debt Consolidation,Central,2024-10-04,Rejected,
LN101773,38,Male,Married,Not Graduate,Business Owner,43400.0,585.0,2,9200.0,36,Business,West,2024-04-20,Rejected,
LN100679,63,Female,Widowed,Not Graduate,Salaried,107900.0,718.0,1,28900.0,60,Education,Central,2023-02-28,Approved,0
LN102726,27,Male,Married,Not Graduate,Salaried,58100.0,586.0,1,16800.0,12,Debt Consolidation,Central,2023-05-11,Rejected,
LN101093,38,Female,Divorced,Graduate,Salaried,60700.0,788.0,0,13300.0,48,Auto,South,2024-09-07,Approved,0
LN100080,63,Female,Single,Graduate,Salaried,96600.0,655.0,2,47100.0,48,Education,East,2024-06-05,Approved,1
LN101950,62,Male,Single,Graduate,Business Owner,61400.0,644.0,4,10600.0,48,Business,South,2024-03-11,Rejected,
LN102619,63,Female,Single,Not Graduate,Business Owner,40900.0,570.0,1,9400.0,36,Medical,East,2023-02-12,Rejected,
LN101239,22,Male,Married,Post Graduate,Salaried,70600.0,672.0,3,10600.0,48,Debt Consolidation,Central,2023-04-19,Approved,0
LN100329,45,Female,Widowed,Graduate,Salaried,46700.0,714.0,4,19500.0,36,Debt Consolidation,South,2023-02-23,Rejected,
LN100242,25,Male,Single,Post Graduate,Salaried,55500.0,626.0,0,27000.0,60,Home Improvement,North,2023-06-23,Rejected,
LN100641,62,Male,Married,Post Graduate,Business Owner,112200.0,673.0,4,38700.0,48,Auto,West,2024-12-02,Approved,1
LN100696,53,Female,Widowed,Graduate,Salaried,23300.0,643.0,4,8100.0,60,Home Improvement,South,2024-06-17,Rejected,
LN102257,50,Female,Single,Graduate,Business Owner,53600.0,655.0,2,18200.0,36,Medical,North,2023-03-24,Rejected,
LN100753,63,Female,Single,Post Graduate,Salaried,46800.0,691.0,1,7300.0,36,Business,West,2024-04-14,Approved,0
LN100435,26,Female,Married,Not Graduate,Self-Employed,43000.0,677.0,2,8700.0,36,Personal,South,2023-01-04,Approved,0
LN101563,62,Female,Single,Not Graduate,Business Owner,35000.0,649.0,0,10800.0,60,Education,West,2024-12-15,Rejected,
LN101934,27,Female,Single,Post Graduate,Salaried,41600.0,704.0,3,19000.0,60,Personal,East,2024-06-18,Approved,0
LN102943,29,Female,Divorced,Graduate,Business Owner,72300.0,745.0,0,17600.0,24,Home Improvement,South,2024-05-18,Rejected,
LN101712,60,Female,Single,Post Graduate,Salaried,74500.0,850.0,4,26500.0,60,Medical,East,2023-04-10,Approved,1
LN100551,38,Male,Married,Not Graduate,Salaried,71700.0,772.0,1,44700.0,36,Home Improvement,Central,2024-05-31,Approved,0
LN102776,44,Female,Divorced,Post Graduate,Salaried,106500.0,593.0,3,34100.0,36,Debt Consolidation,East,2024-07-27,Approved,0
LN100601,56,Female,Single,Graduate,Salaried,63300.0,601.0,3,28500.0,60,Debt Consolidation,South,2024-10-09,Rejected,
LN101964,57,Male,Single,Graduate,Salaried,64200.0,574.0,1,30700.0,48,Business,Central,2023-02-11,Rejected,
LN101013,35,Female,Married,Graduate,Business Owner,86100.0,813.0,2,49300.0,12,Home Improvement,South,2024-05-04,Approved,0
LN102622,25,Male,Single,Post Graduate,Salaried,53200.0,623.0,3,16100.0,24,Debt Consolidation,East,2023-01-11,Rejected,
LN101427,61,Male,Single,Graduate,Salaried,66300.0,588.0,3,29800.0,24,Auto,Central,2023-12-21,Rejected,
LN102012,27,Female,Single,Graduate,Self-Employed,64700.0,759.0,3,11900.0,36,Home Improvement,East,2023-01-02,Approved,0
LN101386,46,Male,Married,Post Graduate,Salaried,91900.0,572.0,4,51200.0,48,Personal,Central,2024-01-08,Rejected,
LN101295,44,Male,Single,Graduate,Business Owner,37800.0,761.0,2,15300.0,60,Debt Consolidation,North,2023-01-30,Rejected,
LN100466,28,Female,Single,Graduate,Business Owner,59500.0,624.0,1,23700.0,60,Education,West,2023-03-20,Rejected,
LN101499,58,Male,Widowed,Graduate,Self-Employed,52100.0,688.0,1,31600.0,48,Debt Consolidation,East,2024-07-14,Approved,0
LN102742,44,Female,Married,Graduate,Business Owner,57400.0,754.0,0,9500.0,60,Debt Consolidation,East,2023-12-06,Approved,0
LN103126,58,Female,Single,Graduate,Salaried,52000.0,579.0,2,14600.0,36,Medical,East,2024-05-18,Rejected,
LN100277,56,Male,Single,Not Graduate,Business Owner,85600.0,545.0,3,19600.0,36,Debt Consolidation,South,2023-06-12,Rejected,
LN101069,21,Female,Single,Graduate,Salaried,77300.0,707.0,4,23200.0,48,Debt Consolidation,South,2023-03-12,Approved,1
LN101548,43,Male,Married,Not Graduate,Salaried,42600.0,604.0,1,11500.0,60,Business,East,2023-04-04,Rejected,
LN101024,57,Female,Single,Not Graduate,Salaried,88600.0,498.0,2,31700.0,48,Home Improvement,West,2024-12-27,Rejected,
LN101465,26,Female,Divorced,Graduate,Self-Employed,35300.0,602.0,4,18500.0,36,Education,West,2024-07-05,Rejected,
LN100940,52,Female,Married,Graduate,Salaried,80200.0,711.0,0,50500.0,36,Home Improvement,East,2023-10-18,Rejected,
LN101466,49,Male,Single,Graduate,Salaried,49000.0,773.0,4,21000.0,24,Medical,North,2024-06-22,Approved,0
LN101323,60,Female,Single,Not Graduate,Salaried,46400.0,774.0,0,16700.0,36,Home Improvement,West,2024-04-02,Approved,0
LN101399,34,Male,Widowed,Not Graduate,Salaried,52400.0,682.0,4,19500.0,24,Education,East,2023-11-04,Approved,0
LN102639,59,Female,Divorced,Graduate,Self-Employed,47700.0,850.0,3,30000.0,36,Business,Central,2024-04-19,Approved,0
LN101449,25,Male,Single,Graduate,Self-Employed,72400.0,782.0,1,19900.0,48,Education,West,2023-07-23,Rejected,
LN100906,39,Female,Divorced,Graduate,Self-Employed,50300.0,603.0,3,26200.0,36,Personal,North,2024-10-17,Rejected,
LN103160,26,Female,Single,Graduate,Salaried,77300.0,670.0,4,36200.0,24,Business,East,2023-07-25,Rejected,
LN101895,59,Female,Single,Post Graduate,Self-Employed,97000.0,712.0,2,50700.0,60,Debt Consolidation,North,2023-12-03,Approved,0
LN100388,61,Female,Divorced,Graduate,Salaried,87100.0,754.0,2,30300.0,36,Education,North,2023-04-10,Approved,0
LN102070,29,Male,Married,Not Graduate,Salaried,12000.0,811.0,2,6300.0,12,Personal,South,2024-12-27,Approved,0
LN102516,52,Female,Divorced,Graduate,Salaried,52300.0,600.0,1,17200.0,36,Auto,Central,2024-06-11,Rejected,
LN102172,65,Female,Single,Post Graduate,Salaried,63800.0,579.0,2,11300.0,60,Debt Consolidation,South,2024-12-17,Approved,0
LN100880,24,Female,Divorced,Not Graduate,Business Owner,51400.0,652.0,2,10200.0,60,Medical,West,2023-01-09,Rejected,
LN102914,39,Male,Single,Post Graduate,Salaried,42000.0,592.0,0,10400.0,48,Business,North,2024-05-21,Rejected,
LN100050,55,Male,Single,Graduate,Self-Employed,68300.0,633.0,2,37800.0,24,Debt Consolidation,North,2023-09-04,Rejected,
LN101887,39,Female,Divorced,Not Graduate,Salaried,64400.0,739.0,3,27700.0,36,Home Improvement,Central,2023-11-23,Rejected,
LN101702,51,Male,Married,Post Graduate,Business Owner,82700.0,581.0,4,26700.0,36,Home Improvement,East,2024-12-26,Rejected,
LN102857,56,Female,Married,Not Graduate,Salaried,54400.0,615.0,1,12200.0,36,Debt Consolidation,South,2023-04-11,Approved,1
LN100133,46,Male,Single,Post Graduate,Salaried,90900.0,598.0,3,31600.0,36,Medical,South,2023-06-16,Rejected,
LN101105,29,Female,Divorced,Not Graduate,Salaried,60200.0,629.0,1,32600.0,48,Debt Consolidation,East,2024-05-07,Approved,0
LN100703,28,Female,Married,Graduate,Salaried,53300.0,596.0,3,10800.0,12,Education,South,2024-05-12,Rejected,
LN100482,32,Female,Widowed,Post Graduate,Business Owner,58300.0,614.0,0,18900.0,60,Business,South,2024-11-02,Rejected,
LN101145,42,Female,Single,Not Graduate,Salaried,68800.0,757.0,0,33300.0,60,Business,South,2023-01-01,Approved,0
LN102038,65,Female,Widowed,Not Graduate,Salaried,13800.0,850.0,3,8000.0,36,Debt Consolidation,East,2024-11-03,Approved,0
LN103129,56,Male,Married,Not Graduate,Salaried,36900.0,744.0,3,21200.0,12,Auto,East,2024-08-18,Rejected,
LN100066,61,Male,Single,Graduate,Self-Employed,71800.0,694.0,0,29700.0,36,Debt Consolidation,East,2023-08-30,Approved,1
LN102313,23,Male,Married,Post Graduate,Self-Employed,78200.0,592.0,1,35300.0,36,Education,Central,2023-08-16,Rejected,
LN102810,44,Male,Married,Graduate,Business Owner,72800.0,684.0,2,26800.0,12,Debt Consolidation,North,2024-08-18,Approved,0
LN100907,28,Female,Divorced,Post Graduate,Salaried,46000.0,810.0,3,13900.0,36,Debt Consolidation,South,2023-07-19,Rejected,
LN100031,31,Male,Single,Graduate,Salaried,63400.0,600.0,2,35300.0,48,Auto,North,2023-08-12,Rejected,
LN102465,29,Female,Married,Post Graduate,Salaried,51300.0,669.0,0,21300.0,36,Business,East,2024-11-04,Rejected,
LN103019,54,Female,Married,Not Graduate,Salaried,59300.0,545.0,4,16000.0,84,Personal,North,2024-05-04,Rejected,
LN100010,44,Male,Married,Post Graduate,Salaried,53200.0,682.0,3,25000.0,12,Business,Central,2024-11-03,Rejected,
LN100064,39,Female,Married,Post Graduate,Salaried,70900.0,699.0,4,12600.0,36,Auto,North,2023-10-07,Approved,0
LN100776,40,Male,Widowed,Graduate,Salaried,34800.0,727.0,3,20400.0,36,Business,West,2024-11-19,Approved,0
LN100077,31,Female,Married,Graduate,Salaried,50000.0,718.0,1,18300.0,24,Business,West,2023-08-30,Approved,0
LN100491,60,Male,Married,Post Graduate,Business Owner,83500.0,678.0,4,29500.0,24,Home Improvement,West,2023-11-12,Approved,0
LN102790,63,Male,Single,Post Graduate,Business Owner,118000.0,598.0,3,61500.0,36,Medical,West,2024-09-21,Rejected,
LN102113,61,Female,Married,Post Graduate,Business Owner,46600.0,600.0,1,27000.0,48,Medical,North,2024-05-25,Rejected,
LN102940,53,Male,Married,Not Graduate,Self-Employed,57700.0,662.0,2,15700.0,36,Debt Consolidation,South,2024-09-06,Approved,0
LN102344,47,Male,Divorced,Graduate,Salaried,78500.0,654.0,3,25800.0,12,Home Improvement,South,2023-09-24,Rejected,
LN100591,61,Female,Married,Graduate,Salaried,40600.0,567.0,1,13200.0,60,Auto,North,2024-06-13,Rejected,
LN101285,23,Male,Married,Graduate,Self-Employed,12000.0,589.0,1,4500.0,48,Debt Consolidation,South,2023-07-22,Rejected,
LN102682,38,Female,Married,Post Graduate,Self-Employed,63300.0,655.0,0,22100.0,36,Home Improvement,East,2024-05-21,Rejected,
LN100724,56,Male,Single,Not Graduate,Salaried,76100.0,707.0,4,26700.0,12,Auto,Central,2024-09-11,Rejected,
LN102680,26,Male,Married,Graduate,Self-Employed,71700.0,679.0,2,29700.0,36,Personal,West,2024-12-22,Rejected,
LN101212,41,Female,Single,Graduate,Business Owner,59600.0,572.0,4,9400.0,36,Education,East,2024-08-26,Rejected,
LN103102,21,Male,Divorced,Not Graduate,Salaried,40300.0,775.0,3,21200.0,36,Education,North,2023-05-22,Approved,0
LN102299,61,Male,Single,Post Graduate,Business Owner,97600.0,689.0,1,51200.0,60,Debt Consolidation,North,2024-10-25,Rejected,
LN102746,31,Female,Married,Graduate,Business Owner,66000.0,748.0,2,15200.0,60,Auto,East,2024-07-22,Rejected,
LN101637,48,Male,Single,Post Graduate,Salaried,52900.0,726.0,2,32400.0,36,Home Improvement,North,2023-11-17,Rejected,
LN103046,53,Female,Married,Post Graduate,Self-Employed,96900.0,613.0,3,46500.0,36,Home Improvement,North,2023-11-26,Rejected,
LN103039,29,Male,Single,Post Graduate,Salaried,112100.0,600.0,4,46700.0,48,Business,West,2024-10-14,Approved,0
LN103121,65,Female,Married,Not Graduate,Self-Employed,22800.0,645.0,3,12900.0,36,Debt Consolidation,Central,2024-11-13,Rejected,
LN100982,45,Male,Married,Not Graduate,Salaried,28900.0,582.0,0,9200.0,36,Debt Consolidation,North,2024-10-16,Rejected,
LN100706,21,Female,Single,Graduate,Salaried,69500.0,673.0,3,29100.0,48,Personal,South,2024-09-01,Rejected,
LN102535,65,Male,Divorced,Graduate,Business Owner,71900.0,684.0,0,29600.0,36,Debt Consolidation,East,2023-03-09,Approved,0
LN101687,39,Female,Married,Post Graduate,Salaried,60600.0,578.0,2,28700.0,48,Business,South,2024-09-30,Rejected,
LN102788,21,Female,Married,Graduate,Business Owner,84700.0,651.0,0,41600.0,36,Education,South,2024-07-01,Approved,0
LN100273,64,Female,Married,Not Graduate,Salaried,39300.0,617.0,3,21900.0,36,Personal,West,2023-02-08,Rejected,
LN101709,30,Male,Married,Not Graduate,Salaried,104200.0,788.0,1,45700.0,24,Debt Consolidation,East,2023-03-01,Approved,1
LN102917,63,Male,Divorced,Not Graduate,Salaried,83500.0,607.0,1,53800.0,48,Personal,North,2024-07-26,Rejected,
LN100963,30,Female,Divorced,Not Graduate,Business Owner,77300.0,704.0,2,15400.0,48,Home Improvement,South,2023-03-24,Approved,0
LN102674,62,Male,Married,Post Graduate,Self-Employed,63300.0,620.0,1,12000.0,36,Debt Consolidation,East,2023-03-29,Approved,0
LN103038,33,Male,Married,Not Graduate,Salaried,40900.0,709.0,1,6900.0,24,Medical,Central,2024-05-28,Approved,0
LN103159,60,Female,Divorced,Graduate,Self-Employed,58600.0,644.0,0,37600.0,36,Debt Consolidation,North,2024-03-10,Rejected,
LN102459,23,Female,Single,Not Graduate,Salaried,61100.0,600.0,1,13700.0,24,Education,East,2023-12-06,Rejected,
LN102833,45,Male,Married,Not Graduate,Self-Employed,79500.0,655.0,3,39900.0,48,Education,West,2024-04-29,Approved,0
LN102721,51,Female,Single,Graduate,Self-Employed,52800.0,744.0,3,31700.0,36,Auto,West,2023-02-21,Rejected,
LN101452,23,Female,Married,Post Graduate,Salaried,131900.0,672.0,0,50000.0,36,Education,North,2023-10-03,Approved,1
LN100149,23,Female,Married,Graduate,Salaried,56700.0,652.0,0,14500.0,24,Auto,South,2023-02-20,Rejected,
LN101757,48,Female,Single,Not Graduate,Salaried,48000.0,698.0,4,20700.0,24,Debt Consolidation,Central,2023-01-17,Rejected,
LN100218,41,Female,Married,Graduate,Business Owner,57000.0,686.0,2,29300.0,36,Business,Central,2024-10-18,Approved,0
LN100239,49,Female,Married,Graduate,Business Owner,71800.0,656.0,3,29800.0,84,Auto,West,2024-11-17,Approved,0
LN101131,51,Male,Single,Not Graduate,Salaried,12000.0,676.0,4,3000.0,48,Debt Consolidation,West,2023-07-20,Rejected,
LN102881,31,Female,Married,Post Graduate,Salaried,80700.0,645.0,0,14000.0,36,Education,South,2023-11-14,Rejected,
LN102239,60,Male,Divorced,Graduate,Salaried,74100.0,402.0,2,20300.0,48,Auto,South,2024-06-09,Rejected,
LN102381,41,Female,Married,Not Graduate,Salaried,38400.0,696.0,1,15900.0,24,Business,Central,2024-09-16,Rejected,
LN101253,56,Male,Married,Not Graduate,Business Owner,33900.0,655.0,3,12400.0,60,Medical,North,2023-12-31,Approved,0
LN101053,64,Female,Single,Not Graduate,Salaried,54700.0,582.0,4,25200.0,60,Business,South,2023-04-17,Rejected,
LN101668,44,Female,Widowed,Post Graduate,Salaried,84500.0,676.0,1,30900.0,36,Home Improvement,West,2024-02-14,Approved,1
LN102922,26,Female,Single,Not Graduate,Salaried,63300.0,569.0,3,15500.0,36,Personal,West,2023-03-24,Rejected,
LN103164,26,Female,Single,Post Graduate,Salaried,79700.0,794.0,4,43800.0,48,Education,East,2024-05-03,Approved,0
LN101357,27,Male,Single,Not Graduate,Salaried,63300.0,597.0,2,25500.0,24,Home Improvement,West,2023-01-18,Rejected,
LN100775,63,Male,Single,Graduate,Salaried,62800.0,679.0,2,26300.0,60,Auto,South,2024-06-09,Approved,0
LN102791,28,Female,Divorced,Post Graduate,Salaried,102400.0,665.0,3,49900.0,48,Auto,East,2024-12-05,Approved,0
LN100839,61,Female,Married,Not Graduate,Self-Employed,44900.0,467.0,1,19700.0,36,Debt Consolidation,South,2023-11-04,Rejected,
LN100627,37,Male,Married,Post Graduate,Salaried,49600.0,585.0,0,14800.0,36,Home Improvement,West,2024-06-27,Rejected,
LN100323,62,Male,Married,Post Graduate,Salaried,86700.0,665.0,1,40900.0,36,Debt Consolidation,South,2024-09-14,Approved,0
LN102893,62,Male,Single,Graduate,Self-Employed,57200.0,695.0,4,16500.0,24,Auto,West,2024-07-28,Rejected,
LN103130,37,Male,Single,Graduate,Salaried,61600.0,687.0,3,21000.0,12,Debt Consolidation,North,2024-01-20,Rejected,
LN101867,55,Male,Married,Not Graduate,Business Owner,69600.0,688.0,2,42200.0,60,Auto,East,2024-12-25,Approved,0
LN101160,47,Female,Single,Graduate,Salaried,62200.0,663.0,0,26500.0,48,Debt Consolidation,South,2024-07-23,Rejected,
LN101076,53,Female,Married,Post Graduate,Salaried,63300.0,570.0,1,31400.0,48,Home Improvement,East,2024-04-10,Rejected,
LN100437,62,Male,Single,Not Graduate,Business Owner,22800.0,689.0,2,10700.0,36,Education,East,2023-10-02,Rejected,
LN100119,26,Female,Married,Not Graduate,Salaried,33700.0,515.0,0,13200.0,24,Business,East,2024-07-01,Rejected,
LN102817,60,Male,Married,Not Graduate,Salaried,31100.0,610.0,0,13300.0,12,Debt Consolidation,West,2024-12-21,Rejected,
LN102630,63,Male,Divorced,Graduate,Salaried,73000.0,711.0,2,44100.0,24,Medical,North,2024-03-22,Rejected,
LN102868,59,Female,Married,Not Graduate,Salaried,55200.0,596.0,3,14100.0,24,Medical,South,2023-02-27,Rejected,
LN101814,60,Male,Widowed,Post Graduate,Salaried,100300.0,707.0,0,54800.0,60,Personal,South,2024-09-06,Approved,0
LN101839,45,Female,Married,Post Graduate,Salaried,51900.0,629.0,0,9700.0,84,Personal,East,2024-07-10,Rejected,
LN101026,24,Female,Married,Not Graduate,Salaried,42100.0,704.0,4,6600.0,60,Medical,Central,2023-11-25,Approved,0
LN100076,35,Female,Single,Graduate,Salaried,51800.0,502.0,3,16900.0,84,Home Improvement,East,2023-02-20,Rejected,
LN100900,21,Male,Married,Graduate,Salaried,51000.0,647.0,2,17000.0,12,Education,North,2024-11-02,Rejected,
LN100371,50,Male,Married,Not Graduate,Salaried,40000.0,656.0,1,14100.0,48,Auto,South,2024-04-27,Rejected,
LN101204,50,Male,Single,Graduate,Salaried,89800.0,667.0,1,28900.0,24,Debt Consolidation,North,2023-05-05,Approved,1
LN102715,41,Female,Married,Graduate,Salaried,63300.0,687.0,4,25900.0,48,Home Improvement,South,2024-12-07,Approved,0
LN100941,39,Female,Married,Graduate,Salaried,50600.0,688.0,3,15000.0,60,Debt Consolidation,West,2023-12-09,Approved,0
LN100552,58,Female,Married,Not Graduate,Salaried,40400.0,750.0,4,14300.0,24,Home Improvement,East,2023-09-02,Rejected,
LN100406,40,Female,Single,Graduate,Salaried,65800.0,671.0,3,36400.0,36,Business,South,2024-06-10,Approved,0
LN102117,45,Female,Married,Not Graduate,Salaried,52300.0,688.0,4,20200.0,12,Home Improvement,North,2024-06-06,Approved,0
LN101613,52,Female,Divorced,Graduate,Salaried,75600.0,672.0,3,23800.0,36,Auto,North,2024-07-05,Approved,1
LN100968,62,Female,Single,Post Graduate,Salaried,70700.0,694.0,1,13100.0,24,Debt Consolidation,East,2024-12-28,Rejected,
LN102805,64,Female,Widowed,Not Graduate,Business Owner,85600.0,586.0,3,29300.0,48,Home Improvement,Central,2024-08-12,Approved,0
LN102349,43,Male,Married,Post Graduate,Salaried,53900.0,526.0,4,10900.0,36,Home Improvement,East,2024-03-19,Rejected,
LN101746,65,Female,Single,Not Graduate,Salaried,37400.0,710.0,1,17200.0,36,Debt Consolidation,West,2024-11-20,Rejected,
LN100689,56,Male,Married,Post Graduate,Salaried,82000.0,590.0,2,15300.0,24,Business,Central,2024-03-11,Rejected,
LN101738,21,Male,Married,Not Graduate,Business Owner,31100.0,549.0,1,17900.0,36,Home Improvement,South,2023-08-21,Rejected,
LN100236,50,Male,Divorced,Post Graduate,Salaried,63300.0,545.0,1,43200.0,36,Debt Consolidation,North,2023-01-30,Rejected,
LN103056,57,Male,Single,Graduate,Salaried,66000.0,655.0,2,10300.0,36,Debt Consolidation,East,2023-12-09,Approved,0
LN101986,58,Male,Married,Post Graduate,Salaried,95500.0,698.0,3,27900.0,36,Auto,South,2024-05-27,Approved,1
LN101983,54,Female,Single,Not Graduate,Salaried,35100.0,441.0,2,18000.0,48,Home Improvement,Central,2023-05-15,Rejected,
LN100499,40,Male,Single,Graduate,Business Owner,65200.0,595.0,1,21600.0,12,Education,South,2024-09-14,Rejected,
LN100822,27,Female,Married,Not Graduate,Salaried,41300.0,668.0,4,20100.0,60,Business,South,2023-05-18,Rejected,
LN100794,40,Female,Married,Not Graduate,Salaried,49100.0,701.0,0,14100.0,36,Auto,East,2024-07-03,Approved,0
LN100990,36,Female,Married,Post Graduate,Self-Employed,73600.0,655.0,0,34000.0,48,Debt Consolidation,East,2024-09-18,Rejected,
LN100567,32,Female,Married,Graduate,Business Owner,49400.0,727.0,3,24400.0,36,Personal,West,2023-04-05,Rejected,
LN102435,46,Male,Married,Post Graduate,Salaried,97400.0,554.0,0,48100.0,24,Education,West,2023-06-28,Rejected,
LN100390,54,Male,Married,Not Graduate,Self-Employed,84500.0,678.0,1,34900.0,36,Education,South,2023-10-02,Rejected,
LN100743,33,Male,Married,Not Graduate,Salaried,12000.0,634.0,0,6100.0,24,Personal,South,2024-07-05,Rejected,
LN102400,21,Female,Single,Post Graduate,Salaried,68200.0,660.0,4,42800.0,36,Business,South,2024-11-27,Rejected,
LN101217,53,Female,Married,Post Graduate,Salaried,47200.0,564.0,2,13200.0,48,Home Improvement,East,2024-11-24,Rejected,
LN100235,53,Male,Single,Graduate,Self-Employed,36800.0,763.0,2,10800.0,12,Debt Consolidation,Central,2024-12-16,Rejected,
LN102950,22,Male,Divorced,Graduate,Salaried,63300.0,612.0,3,13300.0,36,Debt Consolidation,South,2023-09-08,Rejected,
LN100480,33,Male,Widowed,Graduate,Salaried,114100.0,641.0,4,49800.0,60,Debt Consolidation,East,2023-01-04,Approved,0
LN102042,54,Female,Married,Not Graduate,Salaried,12000.0,516.0,0,3300.0,36,Home Improvement,East,2023-05-24,Rejected,
LN102615,51,Male,Divorced,Graduate,Salaried,41300.0,635.0,0,6500.0,12,Debt Consolidation,North,2023-12-23,Approved,0
LN101677,39,Female,Married,Not Graduate,Salaried,67200.0,669.0,1,33200.0,36,Personal,North,2023-07-22,Approved,0
LN102929,50,Female,Single,Graduate,Salaried,58500.0,687.0,4,14800.0,36,Personal,West,2024-02-15,Rejected,
LN103086,29,Male,Single,Not Graduate,Self-Employed,58700.0,818.0,3,36400.0,36,Home Improvement,North,2023-05-29,Rejected,
LN102763,22,Male,Married,Post Graduate,Self-Employed,67100.0,668.0,1,24500.0,12,Business,North,2024-03-25,Rejected,
LN102827,63,Male,Divorced,Not Graduate,Business Owner,65000.0,652.0,0,21800.0,60,Home Improvement,Central,2024-11-01,Rejected,
LN100120,40,Male,Married,Graduate,Salaried,74200.0,658.0,0,25300.0,36,Debt Consolidation,South,2024-08-06,Approved,1
LN102968,53,Female,Widowed,Not Graduate,Self-Employed,97400.0,614.0,4,27500.0,48,Medical,North,2023-02-01,Approved,0
LN101272,62,Male,Single,Post Graduate,Salaried,102900.0,644.0,0,66600.0,48,Debt Consolidation,South,2024-04-09,Approved,0
LN100926,45,Female,Married,Not Graduate,Salaried,21500.0,716.0,1,12600.0,36,Home Improvement,Central,2024-01-11,Approved,0
LN102563,39,Male,Married,Graduate,Salaried,68800.0,584.0,4,13300.0,24,Auto,North,2023-03-11,Rejected,
LN101594,52,Female,Married,Graduate,Salaried,81300.0,587.0,4,28900.0,36,Education,South,2024-11-21,Rejected,
LN100223,30,Female,Married,Post Graduate,Salaried,76000.0,682.0,3,48000.0,36,Business,East,2023-11-22,Approved,0
LN100766,48,Male,Married,Not Graduate,Business Owner,42600.0,688.0,1,26900.0,12,Auto,South,2024-07-31,Rejected,
LN100613,38,Female,Single,Graduate,Salaried,24800.0,599.0,2,7500.0,60,Auto,North,2024-10-01,Rejected,
LN101245,65,Female,Married,Not Graduate,Salaried,12000.0,608.0,0,5400.0,36,Debt Consolidation,North,2023-05-29,Rejected,
LN101540,42,Male,Divorced,Post Graduate,Business Owner,47000.0,799.0,2,24700.0,48,Medical,North,2023-01-24,Approved,0
LN100052,37,Male,Married,Post Graduate,Salaried,63300.0,596.0,2,16900.0,48,Home Improvement,South,2024-07-26,Rejected,
LN100529,62,Male,Single,Graduate,Salaried,69100.0,765.0,4,20300.0,36,Education,Central,2024-12-02,Approved,0
LN102533,28,Female,Married,Not Graduate,Business Owner,39300.0,807.0,4,17200.0,60,Medical,East,2024-07-22,Rejected,
LN101899,36,Male,Married,Post Graduate,Salaried,64600.0,655.0,0,17500.0,60,Debt Consolidation,South,2023-09-06,Rejected,
LN103132,55,Male,Single,Graduate,Salaried,78400.0,674.0,0,20400.0,48,Home Improvement,North,2023-04-24,Rejected,
LN100818,50,Male,Married,Not Graduate,Self-Employed,73200.0,610.0,2,18900.0,48,Debt Consolidation,South,2023-12-02,Rejected,
LN100155,50,Female,Single,Post Graduate,Salaried,67700.0,594.0,2,29200.0,84,Auto,Central,2023-02-17,Rejected,
LN102648,63,Male,Married,Graduate,Business Owner,88000.0,671.0,0,16000.0,36,Medical,North,2024-10-13,Approved,0
LN103075,54,Male,Single,Graduate,Business Owner,78800.0,778.0,0,31200.0,36,Debt Consolidation,South,2023-08-24,Approved,0
LN100248,56,Male,Single,Graduate,Self-Employed,105700.0,604.0,2,59900.0,36,Business,East,2023-03-27,Approved,0
LN100761,45,Male,Single,Graduate,Salaried,78200.0,661.0,4,49100.0,24,Home Improvement,North,2023-09-27,Rejected,
LN101894,27,Male,Married,Not Graduate,Salaried,50700.0,709.0,4,24900.0,48,Business,East,2023-01-17,Rejected,
LN102029,36,Male,Married,Not Graduate,Business Owner,83900.0,731.0,4,13700.0,60,Education,West,2023-04-05,Rejected,
LN103054,56,Male,Single,Graduate,Business Owner,42600.0,622.0,3,20800.0,36,Home Improvement,North,2023-05-23,Rejected,
LN101130,39,Male,Widowed,Graduate,Salaried,72700.0,577.0,3,22900.0,36,Education,East,2023-01-16,Rejected,
LN100542,29,Female,Divorced,Graduate,Salaried,45600.0,443.0,1,17100.0,36,Business,South,2023-09-09,Rejected,
LN100793,58,Male,Single,Not Graduate,Salaried,41200.0,706.0,4,6600.0,48,Medical,Central,2023-03-24,Rejected,
LN101725,56,Male,Widowed,Post Graduate,Salaried,59000.0,580.0,3,30000.0,48,Auto,North,2023-03-11,Approved,0
LN102727,22,Female,Married,Not Graduate,Salaried,48700.0,741.0,4,22600.0,36,Business,West,2023-09-02,Approved,0
LN100628,43,Male,Divorced,Graduate,Salaried,86900.0,577.0,0,53000.0,36,Auto,South,2023-07-23,Approved,0
LN102198,46,Male,Divorced,Not Graduate,Salaried,42500.0,657.0,4,10600.0,24,Auto,West,2023-12-16,Rejected,
LN102892,37,Female,Married,Post Graduate,Salaried,83000.0,732.0,1,53500.0,24,Debt Consolidation,South,2023-01-14,Rejected,
LN102339,25,Male,Single,Not Graduate,Business Owner,63300.0,686.0,3,28900.0,60,Medical,North,2023-10-26,Approved,0
LN102429,33,Female,Widowed,Not Graduate,Self-Employed,34900.0,720.0,3,7800.0,24,Medical,South,2024-11-11,Rejected,
LN103044,29,Male,Single,Not Graduate,Salaried,79800.0,625.0,4,30100.0,24,Business,East,2024-09-13,Rejected,
LN101367,41,Male,Married,Post Graduate,Salaried,116400.0,632.0,1,50400.0,60,Business,North,2024-11-29,Approved,0
LN101620,32,Male,Single,Graduate,Salaried,90900.0,641.0,1,16000.0,24,Home Improvement,East,2024-08-17,Rejected,
LN102979,42,Male,Married,Not Graduate,Salaried,42600.0,661.0,1,25100.0,48,Debt Consolidation,North,2024-12-03,Approved,0
LN101071,30,Female,Single,Graduate,Salaried,35700.0,621.0,2,7000.0,36,Home Improvement,West,2024-06-15,Approved,0
LN100554,65,Female,Divorced,Not Graduate,Self-Employed,77000.0,583.0,0,41500.0,36,Business,South,2023-12-24,Rejected,
LN101828,48,Female,Single,Graduate,Salaried,67500.0,750.0,4,41200.0,36,Home Improvement,Central,2024-05-25,Approved,0
LN100826,51,Male,Married,Not Graduate,Business Owner,34500.0,778.0,3,7300.0,24,Debt Consolidation,West,2024-01-14,Approved,0
LN101984,49,Female,Married,Not Graduate,Self-Employed,74500.0,647.0,0,30300.0,24,Medical,East,2024-04-01,Approved,0
LN101837,34,Male,Married,Graduate,Salaried,72700.0,554.0,0,14200.0,24,Home Improvement,North,2023-08-10,Rejected,
LN100535,27,Female,Married,Graduate,Business Owner,58900.0,653.0,3,19200.0,36,Debt Consolidation,East,2024-01-16,Approved,0
LN102858,53,Male,Single,Not Graduate,Salaried,73600.0,720.0,3,31800.0,60,Medical,East,2024-12-23,Rejected,
LN102663,43,Female,Divorced,Not Graduate,Self-Employed,65800.0,580.0,3,40800.0,48,Auto,South,2023-12-08,Rejected,
LN100154,40,Male,Single,Not Graduate,Self-Employed,25500.0,525.0,1,6700.0,36,Education,North,2023-01-31,Rejected,
LN102761,40,Female,Single,Not Graduate,Salaried,71300.0,658.0,2,26800.0,48,Home Improvement,Central,2024-06-28,Approved,0
LN103009,57,Male,Single,Post Graduate,Salaried,65400.0,784.0,1,25300.0,24,Business,South,2024-10-13,Approved,0
LN100322,48,Female,Married,Graduate,Business Owner,111200.0,571.0,1,60400.0,60,Debt Consolidation,Central,2024-02-05,Rejected,
LN101710,36,Female,Married,Post Graduate,Self-Employed,89400.0,765.0,1,46300.0,60,Home Improvement,North,2024-08-01,Approved,0
LN100014,53,Female,Married,Graduate,Salaried,54900.0,761.0,1,29300.0,36,Education,West,2024-06-09,Rejected,
LN101798,42,Female,Single,Graduate,Business Owner,36000.0,485.0,4,18900.0,36,Education,Central,2023-06-13,Rejected,
LN103012,23,Female,Married,Not Graduate,Salaried,63700.0,538.0,3,37100.0,12,Debt Consolidation,East,2023-11-16,Rejected,
LN100082,28,Female,Married,Graduate,Self-Employed,63300.0,685.0,2,24700.0,12,Home Improvement,East,2024-10-06,Rejected,
LN102560,46,Female,Married,Graduate,Self-Employed,12900.0,733.0,4,7800.0,36,Auto,West,2023-09-13,Rejected,
LN101943,22,Male,Single,Not Graduate,Business Owner,87000.0,529.0,0,33400.0,60,Debt Consolidation,East,2024-01-07,Rejected,
LN101988,30,Female,Married,Graduate,Salaried,75100.0,702.0,0,12300.0,36,Auto,West,2023-10-16,Rejected,
LN102672,59,Female,Single,Graduate,Business Owner,95700.0,547.0,2,51800.0,84,Debt Consolidation,East,2024-02-10,Rejected,
LN101383,61,Female,Married,Post Graduate,Business Owner,69200.0,717.0,3,42700.0,60,Business,North,2023-01-25,Approved,0
LN101574,27,Female,Single,Graduate,Self-Employed,64200.0,534.0,1,16500.0,84,Debt Consolidation,West,2024-10-30,Rejected,
LN102058,38,Male,Single,Not Graduate,Salaried,62000.0,600.0,3,19000.0,12,Debt Consolidation,West,2024-08-27,Rejected,
LN103190,21,Female,Married,Graduate,Self-Employed,31400.0,772.0,1,18000.0,36,Business,North,2023-06-13,Rejected,
LN101494,39,Female,Single,Graduate,Self-Employed,89700.0,706.0,2,26900.0,36,Auto,North,2024-06-04,Rejected,
LN100831,31,Female,Single,Not Graduate,Salaried,14600.0,721.0,4,3000.0,24,Personal,South,2023-05-18,Approved,1
LN102080,58,Female,Single,Not Graduate,Salaried,23000.0,754.0,4,10300.0,60,Medical,Central,2023-06-07,Approved,0
LN101174,21,Female,Widowed,Post Graduate,Salaried,78700.0,574.0,2,14800.0,24,Auto,South,2023-11-21,Approved,0
LN100413,26,Female,Divorced,Graduate,Business Owner,55600.0,714.0,0,28400.0,36,Debt Consolidation,South,2023-12-25,Rejected,
LN102628,48,Female,Married,Post Graduate,Salaried,83900.0,695.0,3,48900.0,48,Home Improvement,North,2024-09-10,Approved,0
LN101817,32,Female,Divorced,Graduate,Self-Employed,65600.0,528.0,1,19400.0,12,Debt Consolidation,North,2024-06-22,Rejected,
LN100165,57,Male,Single,Not Graduate,Salaried,60600.0,670.0,2,29200.0,60,Debt Consolidation,North,2023-12-17,Rejected,
LN102905,59,Male,Married,Graduate,Salaried,76600.0,723.0,1,15900.0,48,Debt Consolidation,South,2023-12-27,Approved,0
LN103123,48,Female,Married,Graduate,Salaried,65600.0,653.0,2,31000.0,24,Personal,East,2023-10-14,Rejected,
LN100614,51,Female,Married,Graduate,Self-Employed,70200.0,631.0,4,25800.0,36,Business,South,2024-08-05,Rejected,
LN101014,44,Male,Married,Post Graduate,Self-Employed,67000.0,563.0,1,38900.0,60,Education,East,2023-11-08,Rejected,
LN102137,22,Female,Married,Not Graduate,Business Owner,40300.0,436.0,2,6200.0,36,Personal,North,2023-11-07,Rejected,
LN102939,28,Male,Married,Post Graduate,Business Owner,94000.0,570.0,1,54800.0,24,Business,West,2023-11-10,Approved,0
LN102649,35,Female,Married,Graduate,Salaried,53600.0,647.0,1,33900.0,48,Business,East,2024-08-13,Rejected,
LN101237,26,Male,Single,Not Graduate,Salaried,50800.0,767.0,0,27500.0,36,Personal,North,2023-07-07,Approved,0
LN102181,31,Female,Widowed,Not Graduate,Self-Employed,48900.0,581.0,0,13300.0,36,Medical,Central,2023-07-03,Rejected,
LN100555,43,Male,Divorced,Graduate,Self-Employed,70300.0,651.0,4,40800.0,36,Debt Consolidation,West,2023-01-26,Rejected,
LN102368,28,Female,Married,Graduate,Salaried,63300.0,614.0,0,25200.0,24,Auto,South,2023-06-11,Approved,0
LN103002,62,Female,Single,Post Graduate,Business Owner,81000.0,618.0,2,43400.0,24,Debt Consolidation,Central,2024-05-21,Approved,0
LN101211,56,Male,Married,Graduate,Business Owner,73500.0,723.0,1,40300.0,24,Debt Consolidation,South,2023-08-12,Approved,0
LN102978,33,Female,Single,Not Graduate,Self-Employed,51600.0,602.0,3,32100.0,12,Auto,North,2024-04-11,Rejected,
LN100634,29,Female,Married,Graduate,Salaried,58500.0,563.0,1,31400.0,84,Auto,South,2024-10-24,Rejected,
LN102600,59,Male,Married,Not Graduate,Salaried,60500.0,850.0,1,11800.0,48,Debt Consolidation,Central,2024-05-22,Approved,0
LN101055,65,Female,Married,Post Graduate,Business Owner,88400.0,640.0,2,16200.0,24,Debt Consolidation,Central,2023-03-23,Approved,0
LN102340,40,Male,Married,Not Graduate,Salaried,47800.0,753.0,1,27100.0,24,Medical,North,2024-04-30,Approved,0
LN101708,31,Female,Married,Not Graduate,Salaried,55200.0,717.0,2,32900.0,36,Personal,East,2023-01-11,Approved,0
LN100796,64,Male,Divorced,Graduate,Salaried,62900.0,700.0,1,23200.0,48,Medical,South,2024-10-23,Rejected,
LN102953,40,Female,Divorced,Not Graduate,Salaried,63200.0,659.0,4,11300.0,36,Debt Consolidation,East,2023-04-21,Approved,0
LN100174,52,Female,Married,Graduate,Salaried,91400.0,653.0,2,37000.0,24,Personal,North,2023-10-11,Rejected,
LN100245,24,Female,Widowed,Graduate,Salaried,60100.0,837.0,3,29400.0,36,Home Improvement,North,2023-10-18,Approved,0
LN101080,62,Female,Single,Graduate,Salaried,38400.0,560.0,0,23700.0,24,Debt Consolidation,North,2024-08-17,Rejected,
LN101654,28,Male,Married,Post Graduate,Salaried,68200.0,525.0,0,28300.0,48,Medical,West,2023-02-08,Rejected,
LN103163,35,Female,Married,Post Graduate,Self-Employed,55900.0,554.0,2,15600.0,60,Education,East,2024-08-23,Rejected,
LN100144,65,Female,Married,Not Graduate,Self-Employed,63900.0,642.0,0,39100.0,48,Education,North,2024-03-15,Approved,0
LN100145,59,Female,Married,Not Graduate,Self-Employed,68100.0,560.0,0,27600.0,24,Medical,South,2023-12-05,Approved,0
LN100090,40,Female,Single,Graduate,Business Owner,59500.0,650.0,3,30000.0,60,Personal,North,2024-01-01,Rejected,
LN100682,64,Male,Single,Not Graduate,Self-Employed,37500.0,528.0,4,17600.0,60,Auto,East,2024-01-25,Rejected,
LN100310,50,Male,Single,Post Graduate,Salaried,60700.0,722.0,2,25300.0,24,Business,West,2024-11-18,Approved,0
LN100093,38,Female,Single,Post Graduate,Self-Employed,76500.0,610.0,3,12300.0,60,Debt Consolidation,South,2023-08-03,Rejected,
LN102830,62,Male,Married,Not Graduate,Salaried,48400.0,792.0,1,16100.0,24,Medical,North,2023-07-29,Approved,0
LN101956,44,Female,Married,Not Graduate,Salaried,42300.0,527.0,0,8900.0,36,Medical,Central,2024-11-18,Rejected,
LN100924,32,Female,Married,Graduate,Salaried,45800.0,609.0,4,29300.0,36,Business,South,2023-11-10,Rejected,
LN102935,31,Male,Married,Graduate,Self-Employed,26800.0,551.0,4,9200.0,24,Education,South,2023-08-19,Rejected,
LN101909,63,Male,Single,Post Graduate,Salaried,81300.0,698.0,0,31800.0,60,Debt Consolidation,North,2024-09-24,Rejected,
LN101035,54,Female,Single,Graduate,Business Owner,63300.0,579.0,2,24700.0,12,Personal,East,2024-01-15,Rejected,
LN101400,59,Female,Married,Not Graduate,Business Owner,54100.0,706.0,2,29000.0,48,Debt Consolidation,West,2024-09-21,Rejected,
LN102291,35,Female,Married,Not Graduate,Business Owner,39200.0,686.0,3,20400.0,48,Business,South,2023-07-11,Rejected,
LN101500,44,Female,Single,Not Graduate,Self-Employed,69100.0,749.0,2,21200.0,36,Auto,West,2023-06-27,Approved,0
LN102262,22,Female,Single,Graduate,Self-Employed,63300.0,631.0,4,40700.0,12,Auto,Central,2024-01-31,Rejected,
LN101468,55,Female,Single,Not Graduate,Salaried,55200.0,569.0,0,8500.0,60,Debt Consolidation,West,2024-04-23,Rejected,
LN100998,64,Female,Married,Post Graduate,Self-Employed,54200.0,521.0,3,31200.0,24,Personal,East,2024-09-17,Rejected,
LN100853,31,Female,Single,Not Graduate,Self-Employed,93500.0,713.0,4,51000.0,24,Business,North,2024-03-25,Rejected,
LN102204,41,Male,Divorced,Not Graduate,Salaried,63300.0,724.0,0,7500.0,84,Debt Consolidation,West,2024-01-22,Approved,0
LN101142,62,Male,Single,Graduate,Salaried,63400.0,587.0,2,24600.0,24,Auto,North,2024-10-20,Rejected,
LN101143,59,Female,Married,Not Graduate,Business Owner,56600.0,648.0,0,12700.0,36,Personal,West,2023-08-07,Rejected,
LN102274,29,Female,Married,Graduate,Self-Employed,85700.0,604.0,4,55200.0,36,Auto,North,2024-07-05,Rejected,
LN102048,54,Male,Single,Post Graduate,Business Owner,96400.0,584.0,4,41000.0,60,Business,South,2024-11-29,Rejected,
LN100401,55,Female,Single,Graduate,Salaried,61300.0,569.0,4,10200.0,24,Home Improvement,South,2023-10-21,Rejected,
LN101103,27,Female,Married,Not Graduate,Self-Employed,60600.0,720.0,4,18200.0,24,Business,Central,2023-10-13,Approved,0
LN100084,49,Male,Divorced,Graduate,Business Owner,79300.0,635.0,2,32600.0,60,Home Improvement,South,2023-04-27,Rejected,
LN102210,52,Female,Single,Graduate,Business Owner,88300.0,695.0,0,53300.0,24,Personal,South,2023-11-23,Approved,1
LN103081,57,Male,Single,Not Graduate,Salaried,44100.0,726.0,2,7300.0,48,Business,North,2024-10-16,Rejected,
LN100114,43,Male,Single,Graduate,Salaried,55600.0,522.0,4,26900.0,24,Business,East,2023-11-07,Rejected,
LN102718,47,Male,Single,Graduate,Salaried,28500.0,552.0,3,17600.0,84,Medical,East,2023-11-05,Rejected,
LN102792,53,Female,Married,Not Graduate,Self-Employed,89900.0,779.0,0,19500.0,48,Debt Consolidation,North,2024-12-18,Approved,0
LN101585,35,Male,Divorced,Post Graduate,Salaried,117300.0,729.0,3,23600.0,24,Debt Consolidation,South,2023-08-12,Approved,0
LN101567,48,Male,Single,Post Graduate,Salaried,63300.0,678.0,3,48900.0,60,Personal,East,2024-10-16,Approved,0
LN101501,32,Male,Married,Not Graduate,Business Owner,79000.0,596.0,4,24800.0,48,Debt Consolidation,Central,2023-08-25,Rejected,
LN101660,48,Male,Single,Graduate,Self-Employed,113300.0,699.0,2,59000.0,48,Education,North,2023-05-20,Approved,0
LN101556,61,Male,Single,Graduate,Salaried,91600.0,575.0,2,47400.0,48,Home Improvement,West,2024-06-17,Rejected,
LN102007,27,Male,Widowed,Post Graduate,Business Owner,37800.0,721.0,1,10500.0,36,Business,East,2024-02-24,Approved,0
LN100625,31,Male,Married,Graduate,Salaried,53100.0,615.0,3,14200.0,36,Home Improvement,West,2024-09-30,Rejected,
LN101885,29,Female,Single,Post Graduate,Business Owner,113800.0,560.0,3,35100.0,48,Education,South,2024-06-06,Rejected,
LN101866,25,Female,Married,Graduate,Business Owner,60400.0,669.0,3,10500.0,48,Debt Consolidation,South,2023-11-01,Rejected,
LN100952,48,Female,Married,Graduate,Business Owner,69100.0,601.0,0,15300.0,36,Home Improvement,North,2023-12-07,Rejected,
LN102306,35,Female,Married,Not Graduate,Salaried,59800.0,707.0,1,16900.0,36,Medical,South,2023-01-09,Rejected,
LN100624,48,Male,Divorced,Graduate,Self-Employed,66100.0,638.0,4,11200.0,36,Debt Consolidation,South,2023-01-27,Rejected,
LN100234,43,Male,Married,Post Graduate,Self-Employed,68900.0,745.0,2,43500.0,36,Home Improvement,West,2023-05-27,Approved,0
LN102183,50,Male,Married,Graduate,Salaried,63300.0,701.0,0,26400.0,60,Personal,South,2024-05-31,Approved,0
LN102664,30,Female,Widowed,Graduate,Salaried,77900.0,561.0,1,27600.0,36,Debt Consolidation,South,2024-08-22,Rejected,
LN102034,65,Female,Married,Post Graduate,Business Owner,90700.0,687.0,0,31700.0,36,Medical,North,2024-06-12,Approved,0
LN101826,25,Male,Married,Post Graduate,Salaried,25900.0,697.0,2,6300.0,24,Debt Consolidation,South,2024-10-25,Rejected,
LN103036,57,Male,Single,Not Graduate,Salaried,38200.0,758.0,2,15600.0,48,Auto,South,2024-02-26,Approved,0
LN102640,31,Female,Divorced,Not Graduate,Salaried,66700.0,835.0,3,39100.0,48,Home Improvement,North,2023-04-01,Approved,0
LN101314,61,Female,Married,Graduate,Self-Employed,75700.0,647.0,0,19900.0,48,Home Improvement,South,2023-10-08,Approved,0
LN101525,23,Male,Single,Not Graduate,Salaried,91400.0,661.0,2,26800.0,36,Auto,South,2023-08-10,Rejected,
LN101562,32,Male,Married,Graduate,Self-Employed,913200.0,690.0,2,165100.0,60,Education,South,2024-01-23,Approved,0
LN101752,49,Male,Divorced,Graduate,Salaried,85500.0,615.0,4,38700.0,36,Auto,Central,2024-11-09,Approved,0
LN101605,61,Male,Married,Post Graduate,Salaried,79600.0,645.0,0,49900.0,36,Education,North,2024-10-03,Rejected,
LN100343,44,Male,Divorced,Graduate,Business Owner,42600.0,535.0,0,18500.0,36,Debt Consolidation,East,2024-08-04,Rejected,
LN103176,48,Female,Divorced,Graduate,Salaried,85100.0,542.0,2,47500.0,60,Personal,Central,2024-10-20,Rejected,
LN102341,38,Male,Married,Post Graduate,Salaried,669400.0,735.0,1,276900.0,36,Education,East,2023-05-06,Approved,0
LN102412,62,Female,Married,Graduate,Salaried,58600.0,703.0,3,34400.0,36,Debt Consolidation,West,2023-03-18,Rejected,
LN102226,60,Male,Married,Not Graduate,Salaried,56800.0,618.0,0,13900.0,36,Debt Consolidation,South,2024-01-26,Rejected,
LN102707,34,Male,Divorced,Not Graduate,Self-Employed,44900.0,708.0,3,22500.0,36,Auto,West,2024-09-25,Rejected,
LN100996,44,Male,Married,Post Graduate,Salaried,70100.0,601.0,1,29200.0,24,Education,East,2024-09-13,Rejected,
LN102062,27,Male,Single,Post Graduate,Salaried,81700.0,761.0,3,31900.0,48,Medical,East,2023-11-17,Approved,0
LN101110,49,Male,Widowed,Post Graduate,Business Owner,73500.0,630.0,0,39200.0,36,Auto,South,2023-11-03,Approved,0
LN102213,26,Male,Married,Not Graduate,Salaried,60700.0,564.0,4,17100.0,36,Education,West,2023-06-11,Rejected,
LN101359,37,Female,Divorced,Graduate,Salaried,45000.0,557.0,1,12800.0,36,Business,West,2024-03-09,Rejected,
LN102107,27,Female,Married,Post Graduate,Salaried,74800.0,677.0,0,28000.0,36,Home Improvement,South,2024-07-15,Approved,0
LN100709,41,Male,Married,Graduate,Salaried,53500.0,560.0,0,21500.0,60,Business,Central,2023-08-12,Rejected,
LN101878,53,Female,Single,Graduate,Business Owner,62200.0,570.0,0,34400.0,36,Debt Consolidation,South,2023-06-19,Rejected,
LN102724,56,Male,Single,Post Graduate,Self-Employed,102100.0,612.0,4,58500.0,24,Education,West,2023-03-24,Approved,0
LN101378,43,Female,Single,Graduate,Salaried,70600.0,592.0,4,15700.0,48,Home Improvement,South,2023-06-02,Rejected,
LN100424,39,Female,Married,Graduate,Business Owner,55800.0,617.0,1,20900.0,48,Personal,Central,2024-04-11,Approved,0
LN100292,63,Female,Single,Graduate,Salaried,96700.0,690.0,0,38900.0,60,Business,West,2023-11-21,Rejected,
LN101065,38,Female,Single,Not Graduate,Salaried,64500.0,657.0,0,27000.0,48,Home Improvement,East,2023-10-09,Rejected,
LN102377,27,Male,Widowed,Graduate,Salaried,35400.0,640.0,4,7800.0,48,Medical,South,2023-01-31,Rejected,
LN101638,29,Male,Divorced,Not Graduate,Self-Employed,60800.0,625.0,0,29500.0,36,Debt Consolidation,North,2024-03-03,Rejected,
LN102477,28,Female,Married,Graduate,Salaried,80600.0,717.0,0,16800.0,60,Medical,South,2024-09-04,Approved,0
LN101012,32,Female,Married,Post Graduate,Self-Employed,98400.0,742.0,0,58300.0,12,Business,West,2024-03-30,Approved,0
LN102127,49,Male,Divorced,Post Graduate,Salaried,35100.0,555.0,2,20400.0,24,Personal,North,2023-02-17,Rejected,
LN101717,38,Male,Married,Graduate,Business Owner,32500.0,534.0,0,5900.0,36,Medical,West,2024-03-02,Approved,1
LN100937,27,Male,Married,Graduate,Business Owner,86000.0,554.0,4,12900.0,60,Education,East,2024-07-23,Rejected,
LN100834,59,Female,Single,Graduate,Salaried,68200.0,562.0,3,34000.0,24,Business,North,2023-11-17,Approved,0
LN102797,46,Female,Married,Graduate,Self-Employed,30000.0,708.0,1,13800.0,36,Debt Consolidation,South,2024-06-17,Approved,0
LN100254,50,Male,Married,Not Graduate,Business Owner,74600.0,531.0,3,26700.0,36,Debt Consolidation,West,2024-05-11,Rejected,
LN101482,34,Female,Married,Post Graduate,Salaried,80500.0,657.0,2,34100.0,36,Debt Consolidation,East,2023-12-22,Rejected,
LN103172,40,Male,Married,Post Graduate,Salaried,68400.0,772.0,2,17700.0,48,Debt Consolidation,West,2024-07-26,Approved,0
LN101407,60,Male,Single,Graduate,Business Owner,49300.0,604.0,2,28000.0,36,Business,East,2024-03-24,Rejected,
LN103105,34,Male,Single,Graduate,Self-Employed,52200.0,675.0,0,33500.0,48,Education,West,2023-02-26,Rejected,
LN102184,49,Female,Single,Graduate,Self-Employed,71900.0,714.0,4,33200.0,36,Medical,East,2023-06-23,Rejected,
LN100723,26,Male,Married,Not Graduate,Business Owner,60400.0,655.0,4,26700.0,48,Auto,West,2024-02-29,Rejected,
LN100969,22,Female,Married,Not Graduate,Salaried,66300.0,591.0,1,15800.0,60,Auto,Central,2023-04-07,Rejected,
LN100496,26,Male,Widowed,Graduate,Business Owner,105900.0,597.0,2,60400.0,60,Home Improvement,West,2023-11-09,Rejected,
LN100950,25,Female,Single,Graduate,Salaried,72700.0,751.0,3,18500.0,60,Education,South,2024-04-15,Approved,0
LN100805,56,Male,Married,Not Graduate,Salaried,62100.0,648.0,4,20600.0,48,Debt Consolidation,North,2023-10-06,Rejected,
LN101829,65,Female,Married,Not Graduate,Salaried,67800.0,730.0,0,37700.0,24,Personal,South,2023-03-05,Rejected,
LN102177,42,Male,Single,Not Graduate,Business Owner,115400.0,655.0,3,71800.0,48,Personal,North,2023-06-14,Approved,0
LN101739,30,Female,Married,Not Graduate,Salaried,40300.0,678.0,1,16300.0,12,Debt Consolidation,Central,2024-01-06,Rejected,
LN100337,35,Female,Single,Graduate,Salaried,55600.0,598.0,4,10200.0,24,Auto,West,2024-11-16,Rejected,
LN100730,53,Female,Single,Graduate,Business Owner,46500.0,620.0,3,10000.0,48,Medical,West,2023-07-20,Approved,0
LN100608,64,Male,Single,Graduate,Salaried,60100.0,470.0,4,37500.0,48,Business,North,2023-01-02,Rejected,
LN101148,52,Female,Single,Graduate,Salaried,93200.0,584.0,1,29000.0,24,Education,South,2023-07-22,Rejected,
LN102243,26,Female,Single,Graduate,Business Owner,52400.0,708.0,3,22800.0,36,Debt Consolidation,West,2023-04-12,Rejected,
LN101713,54,Female,Married,Not Graduate,Salaried,51600.0,758.0,1,21200.0,48,Auto,Central,2024-05-28,Approved,0
LN103187,39,Female,Divorced,Not Graduate,Salaried,59800.0,756.0,1,10200.0,24,Medical,South,2024-06-28,Rejected,
LN100909,25,Female,Married,Graduate,Salaried,101100.0,612.0,4,57900.0,48,Medical,North,2024-11-10,Rejected,
LN102632,62,Female,Married,Post Graduate,Self-Employed,88600.0,785.0,1,38000.0,48,Home Improvement,North,2024-02-17,Approved,0
LN102151,35,Female,Widowed,Post Graduate,Business Owner,72000.0,541.0,4,13600.0,36,Home Improvement,West,2023-10-27,Rejected,
LN102010,43,Female,Single,Not Graduate,Business Owner,58100.0,658.0,3,13600.0,48,Personal,South,2023-12-29,Rejected,
LN102491,32,Female,Single,Graduate,Self-Employed,42000.0,570.0,4,6400.0,12,Business,Central,2024-02-17,Rejected,
LN101810,32,Female,Married,Graduate,Self-Employed,73200.0,685.0,1,34300.0,36,Business,North,2023-03-07,Rejected,
LN101994,54,Male,Married,Graduate,Salaried,44300.0,728.0,1,24300.0,24,Debt Consolidation,North,2023-04-16,Approved,0
LN100719,47,Female,Married,Graduate,Self-Employed,50700.0,664.0,0,15400.0,36,Medical,West,2023-04-25,Rejected,
LN102824,48,Female,Married,Graduate,Self-Employed,61200.0,513.0,4,13700.0,36,Education,North,2023-10-29,Rejected,
LN101569,65,Female,Married,Not Graduate,Salaried,69400.0,632.0,0,28800.0,84,Debt Consolidation,North,2023-07-03,Approved,0
LN102275,40,Male,Married,Graduate,Self-Employed,63500.0,621.0,2,37800.0,36,Education,East,2023-04-24,Rejected,
LN100434,40,Male,Married,Not Graduate,Self-Employed,67000.0,615.0,1,28300.0,24,Auto,North,2024-08-01,Rejected,
LN101299,22,Female,Single,Graduate,Salaried,56600.0,571.0,2,11900.0,36,Debt Consolidation,East,2024-12-09,Rejected,
LN102174,31,Female,Married,Graduate,Salaried,95600.0,659.0,1,53800.0,48,Business,South,2023-06-21,Approved,0
LN100405,43,Male,Single,Post Graduate,Salaried,42900.0,667.0,1,26700.0,24,Business,North,2023-02-14,Approved,0
LN102823,64,Male,Single,Graduate,Salaried,71600.0,542.0,0,23400.0,12,Auto,East,2024-12-23,Approved,0
LN100821,50,Male,Single,Graduate,Self-Employed,70300.0,637.0,4,10800.0,84,Auto,North,2024-05-01,Rejected,
LN102759,40,Female,Divorced,Post Graduate,Salaried,70800.0,523.0,3,13800.0,60,Business,South,2024-06-15,Rejected,
LN101789,54,Male,Married,Post Graduate,Salaried,89900.0,561.0,3,18700.0,24,Education,East,2023-11-12,Approved,0
LN103107,37,Female,Married,Graduate,Salaried,70700.0,564.0,3,11700.0,48,Education,South,2023-03-31,Rejected,
LN102351,54,Female,Married,Graduate,Business Owner,77600.0,668.0,1,43800.0,36,Education,East,2023-05-06,Rejected,
LN102315,21,Male,Divorced,Post Graduate,Business Owner,80600.0,612.0,4,34800.0,24,Debt Consolidation,North,2023-07-21,Rejected,
LN101858,44,Male,Married,Not Graduate,Salaried,70200.0,537.0,2,39700.0,60,Auto,West,2024-05-08,Rejected,
LN101557,55,Male,Divorced,Not Graduate,Salaried,32000.0,544.0,0,8300.0,48,Auto,East,2023-03-04,Rejected,
LN100545,23,Female,Single,Not Graduate,Business Owner,63500.0,758.0,4,13400.0,60,Medical,South,2023-04-14,Rejected,
LN100212,56,Female,Single,Not Graduate,Business Owner,42800.0,744.0,0,20100.0,60,Debt Consolidation,West,2023-04-17,Rejected,
LN100896,43,Female,Single,Graduate,Salaried,49900.0,690.0,3,13400.0,24,Auto,South,2023-08-26,Rejected,
LN101941,32,Female,Single,Graduate,Salaried,14500.0,774.0,4,5700.0,36,Auto,North,2023-02-02,Approved,0
LN101891,32,Male,Single,Not Graduate,Self-Employed,49000.0,809.0,3,9700.0,60,Auto,West,2024-03-24,Approved,0
LN100916,45,Male,Married,Not Graduate,Salaried,46100.0,718.0,4,15200.0,60,Education,South,2024-04-20,Rejected,
LN102723,37,Male,Single,Graduate,Salaried,70800.0,850.0,0,12800.0,36,Debt Consolidation,South,2023-04-10,Approved,0
LN101289,48,Male,Married,Graduate,Salaried,31600.0,722.0,2,7200.0,36,Home Improvement,East,2023-07-11,Approved,0
LN100814,56,Female,Married,Post Graduate,Salaried,112200.0,709.0,2,60400.0,36,Home Improvement,North,2023-04-26,Rejected,
LN101265,22,Male,Divorced,Not Graduate,Business Owner,63300.0,564.0,2,12400.0,36,Home Improvement,West,2024-02-12,Rejected,
LN100342,48,Male,Single,Not Graduate,Self-Employed,31600.0,680.0,2,8000.0,24,Auto,North,2024-09-30,Approved,0
LN102597,53,Male,Single,Graduate,Salaried,69100.0,729.0,4,38200.0,60,Business,West,2024-01-11,Rejected,
LN101410,23,Male,Single,Graduate,Self-Employed,72600.0,602.0,0,46200.0,24,Medical,West,2023-07-04,Rejected,
LN101214,24,Male,Married,Graduate,Salaried,72200.0,782.0,2,29400.0,48,Business,Central,2024-10-13,Approved,0
LN100966,48,Male,Single,Not Graduate,Self-Employed,59600.0,721.0,1,9000.0,48,Auto,South,2023-09-03,Rejected,
LN101230,57,Male,Single,Graduate,Salaried,56400.0,664.0,2,13200.0,48,Personal,North,2023-09-05,Rejected,
LN102343,54,Female,Single,Post Graduate,Salaried,97000.0,736.0,4,14700.0,12,Debt Consolidation,South,2024-03-17,Approved,0
LN100695,32,Male,Single,Graduate,Salaried,97100.0,556.0,2,51400.0,48,Education,North,2024-01-13,Rejected,
LN102121,63,Female,Married,Graduate,Salaried,70100.0,696.0,3,16100.0,48,Personal,West,2024-02-13,Rejected,
LN100605,45,Female,Married,Graduate,Self-Employed,16200.0,655.0,1,7200.0,48,Medical,South,2023-01-22,Rejected,
LN100104,56,Female,Married,Not Graduate,Business Owner,52600.0,627.0,1,27400.0,36,Personal,South,2024-07-20,Approved,0
LN100645,43,Male,Single,Graduate,Self-Employed,86000.0,783.0,1,52500.0,24,Personal,Central,2023-11-02,Approved,0
LN101404,28,Male,Single,Not Graduate,Salaried,42200.0,588.0,3,12700.0,60,Medical,West,2023-10-19,Rejected,
LN100494,34,Female,Married,Not Graduate,Salaried,59500.0,519.0,4,12800.0,60,Medical,West,2023-12-29,Rejected,
LN102487,23,Female,Single,Graduate,Salaried,41600.0,744.0,3,26500.0,36,Debt Consolidation,South,2023-01-04,Rejected,
LN101019,26,Female,Married,Post Graduate,Self-Employed,95200.0,603.0,2,49500.0,36,Auto,West,2023-06-20,Rejected,
LN100091,57,Female,Single,Graduate,Salaried,65800.0,621.0,1,32300.0,36,Home Improvement,North,2023-04-19,Approved,0
LN101112,29,Male,Married,Graduate,Salaried,51200.0,720.0,3,23500.0,60,Home Improvement,West,2024-12-20,Rejected,
LN102991,49,Female,Married,Not Graduate,Business Owner,55100.0,664.0,4,23100.0,60,Debt Consolidation,East,2023-02-12,Rejected,
LN100908,37,Female,Single,Graduate,Salaried,61500.0,607.0,2,24200.0,84,Home Improvement,East,2024-09-08,Rejected,
LN101474,64,Male,Single,Graduate,Salaried,66300.0,680.0,0,12300.0,48,Business,North,2024-02-05,Approved,0
LN101741,54,Female,Single,Graduate,Self-Employed,67800.0,850.0,0,11800.0,24,Home Improvement,South,2023-05-16,Approved,0
LN102150,35,Male,Married,Graduate,Business Owner,91200.0,787.0,3,25100.0,36,Debt Consolidation,West,2024-10-03,Approved,0
LN100238,34,Female,Divorced,Not Graduate,Business Owner,26800.0,627.0,1,4100.0,36,Auto,North,2024-12-13,Rejected,
LN100942,62,Male,Married,Graduate,Business Owner,72200.0,662.0,1,39300.0,12,Personal,East,2024-11-13,Rejected,
LN101270,37,Female,Divorced,Graduate,Business Owner,90200.0,743.0,1,37100.0,36,Home Improvement,South,2024-02-10,Rejected,
LN100938,41,Male,Divorced,Graduate,Business Owner,61300.0,618.0,4,36300.0,84,Business,East,2023-11-18,Rejected,
LN101424,32,Male,Married,Not Graduate,Salaried,56700.0,614.0,4,18700.0,24,Home Improvement,North,2024-10-22,Rejected,
LN101862,59,Male,Single,Graduate,Self-Employed,15300.0,711.0,1,5800.0,84,Auto,Central,2024-06-30,Approved,0
LN101669,53,Male,Divorced,Post Graduate,Salaried,52800.0,670.0,3,22600.0,48,Education,South,2023-02-14,Approved,0
LN100005,59,Male,Married,Not Graduate,Salaried,52600.0,729.0,4,22700.0,24,Business,South,2024-07-22,Approved,0
LN100247,39,Female,Divorced,Graduate,Salaried,43300.0,734.0,2,21000.0,60,Debt Consolidation,North,2023-12-29,Approved,0
LN100018,58,Female,Married,Graduate,Self-Employed,770800.0,592.0,2,120000.0,24,Debt Consolidation,West,2024-02-08,Approved,0
LN102169,65,Female,Married,Graduate,Salaried,72400.0,604.0,0,13000.0,24,Education,West,2023-01-23,Approved,0
LN101970,58,Female,Single,Not Graduate,Salaried,79300.0,546.0,0,36800.0,36,Business,East,2024-08-31,Rejected,
LN102709,60,Female,Married,Not Graduate,Salaried,95200.0,559.0,3,60100.0,12,Debt Consolidation,North,2024-08-16,Rejected,
LN102232,63,Male,Single,Graduate,Salaried,47800.0,698.0,1,26600.0,36,Education,South,2024-05-18,Rejected,
LN102322,36,Male,Widowed,Graduate,Self-Employed,55300.0,723.0,0,24700.0,24,Auto,North,2023-08-15,Approved,0
LN102481,59,Male,Single,Graduate,Salaried,96400.0,707.0,2,15200.0,12,Debt Consolidation,East,2024-12-18,Approved,0
LN100811,60,Male,Married,Post Graduate,Salaried,60700.0,782.0,1,24700.0,48,Debt Consolidation,South,2024-06-08,Rejected,
LN101300,55,Male,Married,Not Graduate,Business Owner,42800.0,711.0,4,7800.0,24,Personal,East,2024-03-29,Approved,1
LN101335,65,Female,Single,Post Graduate,Salaried,73200.0,768.0,2,28800.0,84,Personal,North,2023-09-17,Approved,0
LN103092,53,Female,Single,Not Graduate,Self-Employed,105400.0,709.0,3,36300.0,12,Personal,Central,2024-01-13,Approved,0
LN100260,56,Female,Single,Graduate,Self-Employed,58700.0,484.0,0,36500.0,36,Home Improvement,West,2024-05-31,Rejected,
LN101804,26,Male,Married,Graduate,Self-Employed,60300.0,837.0,0,19000.0,48,Auto,South,2024-03-21,Approved,0
LN101570,24,Female,Divorced,Graduate,Self-Employed,41600.0,595.0,4,14400.0,36,Personal,East,2024-02-26,Rejected,
LN102229,65,Female,Divorced,Graduate,Salaried,55300.0,667.0,0,34000.0,60,Business,North,2024-10-18,Rejected,
LN100184,43,Male,Single,Graduate,Salaried,55800.0,655.0,4,17900.0,24,Education,Central,2023-05-03,Rejected,
LN102454,58,Female,Married,Graduate,Salaried,104000.0,754.0,0,15900.0,84,Medical,East,2023-03-01,Approved,0
LN101743,22,Male,Married,Not Graduate,Business Owner,34700.0,673.0,0,22200.0,48,Home Improvement,East,2024-01-02,Rejected,
LN102913,31,Male,Single,Not Graduate,Salaried,62100.0,527.0,0,19700.0,36,Medical,East,2024-06-29,Rejected,
LN101630,46,Female,Married,Not Graduate,Salaried,97600.0,689.0,2,15800.0,36,Business,Central,2024-06-20,Approved,0
LN101716,50,Female,Married,Graduate,Self-Employed,71500.0,528.0,0,39200.0,36,Medical,East,2024-12-21,Rejected,
LN100520,37,Male,Single,Not Graduate,Salaried,27200.0,694.0,1,17100.0,84,Education,South,2024-01-05,Approved,0
LN102428,54,Female,Single,Graduate,Business Owner,66900.0,720.0,3,19500.0,36,Business,South,2023-11-02,Approved,0
LN101658,58,Female,Married,Post Graduate,Business Owner,100100.0,768.0,3,25400.0,48,Auto,South,2024-01-21,Approved,0
LN101612,51,Female,Married,Not Graduate,Salaried,72300.0,630.0,3,21300.0,60,Personal,Central,2023-03-16,Approved,0
LN102475,40,Male,Married,Graduate,Salaried,18200.0,725.0,2,8300.0,36,Debt Consolidation,West,2023-03-09,Rejected,
LN102126,34,Male,Single,Graduate,Business Owner,77700.0,641.0,1,19100.0,24,Debt Consolidation,West,2023-03-15,Rejected,
LN103183,23,Female,Widowed,Post Graduate,Salaried,67100.0,647.0,0,43500.0,36,Debt Consolidation,Central,2024-05-17,Rejected,
LN100607,44,Female,Single,Not Graduate,Self-Employed,64900.0,508.0,3,37000.0,36,Home Improvement,West,2023-12-26,Approved,1
LN100230,41,Female,Single,Graduate,Salaried,36000.0,649.0,2,19600.0,36,Education,West,2024-09-03,Rejected,
LN100331,37,Female,Single,Not Graduate,Salaried,12000.0,552.0,0,6500.0,84,Education,North,2023-03-16,Rejected,
LN101440,56,Male,Married,Not Graduate,Self-Employed,30600.0,647.0,2,10100.0,36,Education,South,2024-11-16,Approved,0
LN101927,26,Male,Single,Graduate,Salaried,70900.0,735.0,2,29200.0,36,Education,East,2024-04-08,Approved,0
LN101091,41,Male,Married,Not Graduate,Business Owner,44300.0,678.0,4,22900.0,12,Medical,West,2024-01-04,Rejected,
LN101101,42,Female,Single,Not Graduate,Self-Employed,421400.0,552.0,2,116100.0,36,Medical,North,2024-10-04,Approved,0
LN101129,50,Male,Single,Not Graduate,Self-Employed,85900.0,692.0,1,15900.0,84,Medical,West,2024-10-22,Approved,0
LN100461,27,Male,Married,Not Graduate,Salaried,39000.0,702.0,1,17200.0,48,Personal,North,2024-07-16,Rejected,
LN100958,64,Female,Single,Graduate,Salaried,87400.0,635.0,4,15800.0,48,Home Improvement,North,2024-11-16,Rejected,
LN101662,29,Male,Married,Graduate,Salaried,73100.0,643.0,0,34500.0,24,Personal,North,2024-10-14,Rejected,
LN100559,59,Male,Married,Post Graduate,Self-Employed,49000.0,621.0,1,14100.0,60,Personal,Central,2023-09-30,Approved,1
LN102894,32,Male,Single,Not Graduate,Salaried,64900.0,549.0,1,9700.0,84,Debt Consolidation,East,2023-10-03,Rejected,
LN102738,43,Female,Single,Not Graduate,Self-Employed,61700.0,740.0,2,37300.0,36,Personal,South,2023-09-30,Approved,0
LN102999,50,Male,Single,Post Graduate,Self-Employed,72500.0,590.0,3,41400.0,84,Education,West,2024-02-21,Rejected,
LN101519,41,Male,Married,Graduate,Salaried,80900.0,596.0,3,45400.0,24,Auto,South,2024-06-18,Rejected,
LN102140,52,Male,Married,Graduate,Salaried,28000.0,584.0,1,11700.0,60,Home Improvement,South,2024-11-11,Rejected,
LN103090,36,Female,Married,Not Graduate,Business Owner,75400.0,736.0,1,28700.0,48,Personal,West,2024-02-07,Approved,0
LN102032,25,Female,Single,Not Graduate,Self-Employed,44500.0,742.0,2,18300.0,60,Business,West,2024-03-22,Rejected,
LN102484,36,Female,Divorced,Graduate,Salaried,42200.0,685.0,3,20000.0,36,Personal,Central,2024-07-11,Rejected,
LN102538,44,Female,Single,Not Graduate,Salaried,54400.0,634.0,2,29600.0,12,Debt Consolidation,East,2024-06-23,Rejected,
LN102097,59,Male,Single,Post Graduate,Salaried,49800.0,630.0,1,31400.0,24,Business,Central,2024-09-16,Rejected,
LN103031,33,Female,Married,Graduate,Salaried,54800.0,824.0,4,31900.0,60,Education,Central,2024-03-30,Approved,0
LN100069,42,Male,Married,Post Graduate,Salaried,79800.0,696.0,4,35500.0,36,Debt Consolidation,North,2023-09-24,Approved,0
LN101572,54,Female,Widowed,Graduate,Self-Employed,68300.0,675.0,4,29400.0,36,Home Improvement,Central,2024-06-24,Rejected,
LN100808,38,Male,Married,Post Graduate,Business Owner,70600.0,781.0,2,32400.0,36,Debt Consolidation,North,2023-03-02,Approved,0
LN100011,64,Female,Married,Not Graduate,Business Owner,55500.0,708.0,1,10800.0,12,Home Improvement,West,2024-02-02,Approved,0
LN102025,42,Female,Married,Graduate,Salaried,33400.0,565.0,2,7200.0,12,Personal,South,2024-05-05,Rejected,
LN102192,33,Male,Divorced,Graduate,Business Owner,51700.0,646.0,2,32900.0,12,Auto,Central,2023-02-27,Rejected,
LN100917,56,Male,Widowed,Graduate,Business Owner,58000.0,624.0,0,9400.0,12,Debt Consolidation,East,2023-01-19,Rejected,
LN101451,22,Male,Married,Graduate,Business Owner,82200.0,605.0,0,53200.0,60,Debt Consolidation,Central,2024-04-20,Approved,0
LN102687,46,Male,Single,Post Graduate,Business Owner,111500.0,711.0,4,62200.0,48,Business,Central,2023-02-09,Approved,0
LN100176,53,Female,Married,Not Graduate,Business Owner,45400.0,481.0,1,22200.0,60,Debt Consolidation,West,2024-12-16,Rejected,
LN100994,44,Male,Married,Graduate,Salaried,67300.0,541.0,3,37600.0,24,Personal,Central,2023-02-24,Rejected,
LN102488,44,Male,Married,Post Graduate,Salaried,100100.0,650.0,1,25600.0,48,Medical,South,2024-07-13,Rejected,
LN102569,62,Female,Divorced,Post Graduate,Salaried,107400.0,767.0,3,30300.0,24,Personal,West,2023-12-06,Approved,0
LN101255,24,Female,Single,Graduate,Business Owner,60800.0,586.0,4,21300.0,24,Personal,East,2023-05-11,Rejected,
LN101664,44,Male,Married,Graduate,Salaried,91100.0,817.0,4,58100.0,84,Auto,East,2024-11-12,Approved,0
LN102191,39,Male,Single,Graduate,Business Owner,118000.0,615.0,0,64000.0,48,Auto,North,2023-07-29,Approved,1
LN102801,41,Female,Widowed,Graduate,Business Owner,72700.0,604.0,0,43700.0,48,Medical,North,2023-04-12,Approved,0
LN102567,49,Male,Married,Post Graduate,Salaried,67500.0,810.0,3,30900.0,60,Debt Consolidation,Central,2023-03-25,Approved,0
LN102870,33,Female,Widowed,Graduate,Business Owner,93700.0,710.0,2,56100.0,24,Auto,West,2024-11-28,Rejected,
LN101790,47,Male,Single,Graduate,Self-Employed,102600.0,638.0,4,29900.0,48,Personal,East,2023-06-12,Approved,0
LN102476,44,Female,Married,Graduate,Self-Employed,56500.0,807.0,0,18900.0,48,Debt Consolidation,Central,2024-10-31,Approved,0
LN102660,40,Female,Married,Graduate,Self-Employed,71600.0,818.0,2,12700.0,36,Home Improvement,North,2024-04-20,Approved,0
LN100156,26,Male,Divorced,Post Graduate,Self-Employed,68900.0,722.0,0,22700.0,48,Home Improvement,North,2023-08-04,Approved,0
LN102587,35,Male,Single,Post Graduate,Salaried,68300.0,648.0,3,32300.0,36,Debt Consolidation,East,2023-02-03,Rejected,
LN101460,56,Female,Divorced,Post Graduate,Salaried,99200.0,730.0,2,15700.0,48,Business,West,2023-11-26,Approved,1
LN102046,41,Male,Single,Not Graduate,Salaried,70700.0,536.0,4,17300.0,48,Home Improvement,South,2023-03-19,Rejected,
LN101850,24,Female,Married,Graduate,Salaried,77200.0,765.0,2,47400.0,36,Medical,Central,2023-03-13,Approved,0
LN102509,26,Female,Married,Not Graduate,Salaried,60100.0,654.0,3,22600.0,60,Auto,Central,2023-07-02,Approved,1
LN102624,62,Male,Married,Graduate,Salaried,63000.0,778.0,4,36500.0,36,Medical,South,2023-04-11,Rejected,
LN102303,60,Female,Single,Not Graduate,Salaried,46900.0,620.0,3,26100.0,24,Debt Consolidation,South,2024-02-20,Rejected,
LN102005,26,Male,Married,Graduate,Self-Employed,54700.0,592.0,0,15500.0,36,Business,South,2024-09-13,Rejected,
LN101185,34,Female,Single,Post Graduate,Salaried,47700.0,600.0,4,22900.0,24,Debt Consolidation,East,2024-04-18,Rejected,
LN101006,59,Female,Married,Graduate,Salaried,65200.0,571.0,3,23300.0,36,Debt Consolidation,South,2023-04-15,Approved,0
LN102256,56,Female,Divorced,Post Graduate,Salaried,95300.0,649.0,1,48700.0,24,Education,South,2023-06-07,Approved,1
LN100910,55,Female,Married,Graduate,Self-Employed,44200.0,568.0,4,26100.0,24,Debt Consolidation,Central,2023-11-26,Approved,0
LN101311,36,Male,Married,Not Graduate,Salaried,37900.0,594.0,0,24000.0,48,Business,North,2023-09-30,Rejected,
LN102049,50,Male,Widowed,Not Graduate,Salaried,59200.0,699.0,3,37800.0,60,Medical,South,2024-03-14,Rejected,
LN100269,47,Female,Married,Graduate,Business Owner,82100.0,622.0,4,43800.0,60,Business,East,2023-07-14,Rejected,
LN101993,49,Male,Married,Graduate,Salaried,54500.0,465.0,4,32700.0,36,Debt Consolidation,Central,2024-06-30,Rejected,
LN100265,47,Male,Married,Post Graduate,Business Owner,38100.0,755.0,2,14400.0,24,Business,East,2023-06-16,Rejected,
LN100914,47,Male,Single,Graduate,Salaried,45700.0,729.0,3,9600.0,36,Medical,North,2024-05-05,Approved,0
LN102278,37,Male,Single,Graduate,Business Owner,74500.0,759.0,3,45000.0,60,Business,Central,2023-11-05,Approved,0
LN102231,24,Female,Single,Not Graduate,Self-Employed,23000.0,669.0,1,5100.0,24,Business,West,2024-02-19,Rejected,
LN103182,54,Female,Divorced,Not Graduate,Business Owner,37100.0,506.0,0,7200.0,36,Medical,West,2024-05-02,Rejected,
LN102912,42,Male,Married,Not Graduate,Self-Employed,48700.0,676.0,4,24000.0,48,Medical,North,2024-01-23,Rejected,
LN100873,26,Female,Married,Not Graduate,Salaried,16800.0,541.0,0,10300.0,48,Debt Consolidation,Central,2023-11-23,Approved,0
LN102093,29,Female,Single,Not Graduate,Salaried,13800.0,622.0,1,3000.0,48,Business,North,2024-08-27,Rejected,
LN102446,55,Male,Divorced,Post Graduate,Salaried,41200.0,596.0,0,8400.0,48,Education,South,2023-04-28,Rejected,
LN100475,56,Female,Married,Graduate,Salaried,81600.0,670.0,0,52400.0,60,Auto,South,2024-06-27,Rejected,
LN101652,23,Male,Married,Graduate,Salaried,77800.0,502.0,0,31200.0,36,Education,North,2023-07-26,Rejected,
LN101960,58,Female,Single,Graduate,Salaried,71700.0,685.0,1,30100.0,24,Home Improvement,South,2024-09-27,Approved,0
LN100045,64,Female,Single,Graduate,Self-Employed,50700.0,656.0,3,32800.0,36,Personal,Central,2024-06-21,Rejected,
LN100161,50,Male,Single,Not Graduate,Self-Employed,21300.0,576.0,4,12800.0,60,Business,West,2024-04-20,Rejected,
LN102775,34,Male,Widowed,Graduate,Business Owner,12000.0,551.0,4,4700.0,48,Business,West,2024-03-02,Rejected,
LN102677,60,Male,Single,Not Graduate,Salaried,76800.0,728.0,3,44700.0,24,Medical,West,2024-01-29,Approved,0
LN100288,45,Male,Divorced,Graduate,Salaried,52300.0,849.0,2,29100.0,24,Debt Consolidation,North,2024-01-16,Approved,0
LN103169,48,Female,Single,Not Graduate,Business Owner,77800.0,623.0,3,22200.0,36,Auto,Central,2024-05-09,Rejected,
LN101948,21,Male,Married,Not Graduate,Self-Employed,85600.0,611.0,0,45900.0,24,Personal,North,2023-04-02,Rejected,
LN100575,37,Female,Married,Not Graduate,Salaried,13100.0,618.0,2,8000.0,36,Personal,West,2023-01-06,Rejected,
LN100850,65,Female,Divorced,Graduate,Self-Employed,61000.0,850.0,1,30400.0,36,Debt Consolidation,North,2023-11-01,Approved,1
LN100911,29,Male,Married,Not Graduate,Self-Employed,52200.0,651.0,3,26400.0,60,Education,Central,2023-06-19,Rejected,
LN101254,50,Female,Single,Post Graduate,Self-Employed,47200.0,633.0,2,7400.0,36,Home Improvement,North,2023-10-04,Rejected,
LN101833,24,Male,Married,Not Graduate,Salaried,31900.0,548.0,2,7000.0,84,Medical,North,2023-07-07,Rejected,
LN101722,50,Female,Single,Graduate,Salaried,12000.0,639.0,3,6000.0,12,Debt Consolidation,East,2024-07-03,Rejected,
LN102133,38,Female,Married,Post Graduate,Salaried,34200.0,796.0,2,14800.0,24,Business,South,2023-05-12,Rejected,
LN101735,56,Male,Single,Not Graduate,Salaried,37600.0,555.0,2,20600.0,36,Education,North,2023-11-09,Approved,0
LN100932,32,Female,Married,Graduate,Salaried,49400.0,576.0,0,18300.0,24,Business,North,2023-09-27,Rejected,
LN101100,42,Female,Divorced,Graduate,Salaried,76300.0,573.0,2,23600.0,36,Education,Central,2024-02-09,Rejected,
LN101207,53,Female,Divorced,Graduate,Salaried,53700.0,602.0,1,18300.0,36,Auto,North,2023-08-03,Approved,0
LN102295,57,Female,Single,Not Graduate,Self-Employed,60700.0,679.0,4,28000.0,36,Home Improvement,West,2024-07-22,Rejected,
LN101843,59,Male,Single,Not Graduate,Business Owner,50900.0,613.0,0,21200.0,60,Debt Consolidation,East,2024-12-07,Rejected,
LN101848,44,Male,Divorced,Graduate,Salaried,60300.0,646.0,4,33400.0,84,Business,North,2024-07-10,Rejected,
LN102524,23,Female,Married,Post Graduate,Business Owner,50400.0,624.0,4,28300.0,48,Business,Central,2024-09-20,Rejected,
LN101694,28,Female,Divorced,Not Graduate,Salaried,67300.0,756.0,0,29600.0,36,Debt Consolidation,West,2024-11-17,Approved,0
LN100085,52,Male,Divorced,Post Graduate,Salaried,59500.0,733.0,4,35000.0,24,Business,North,2024-05-19,Rejected,
LN100469,62,Female,Married,Graduate,Self-Employed,59500.0,692.0,2,27700.0,24,Debt Consolidation,South,2023-08-01,Rejected,
LN102273,41,Male,Married,Graduate,Salaried,44400.0,652.0,3,16800.0,24,Debt Consolidation,East,2023-01-22,Approved,1
LN102822,26,Female,Single,Graduate,Business Owner,51100.0,639.0,2,20600.0,36,Auto,East,2024-01-29,Rejected,
LN102379,50,Female,Single,Graduate,Salaried,61400.0,793.0,4,33600.0,60,Medical,East,2023-02-11,Approved,0
LN100233,55,Male,Married,Not Graduate,Business Owner,100100.0,723.0,4,40000.0,48,Home Improvement,South,2024-01-19,Approved,0
LN102636,36,Male,Single,Post Graduate,Business Owner,77800.0,600.0,3,40200.0,84,Debt Consolidation,East,2024-11-24,Rejected,
LN102523,39,Male,Divorced,Graduate,Business Owner,72200.0,740.0,4,43500.0,48,Auto,South,2024-08-02,Rejected,
LN103152,29,Male,Divorced,Graduate,Self-Employed,100300.0,503.0,3,45900.0,36,Education,East,2023-12-14,Rejected,
LN102647,56,Male,Single,Post Graduate,Salaried,63600.0,528.0,4,38500.0,24,Business,East,2024-03-23,Rejected,
LN102469,30,Male,Single,Graduate,Business Owner,63300.0,759.0,1,18300.0,60,Business,East,2024-03-27,Approved,0
LN101711,42,Female,Single,Graduate,Salaried,43200.0,649.0,0,28100.0,48,Debt Consolidation,South,2023-09-12,Rejected,
LN100182,43,Male,Single,Not Graduate,Self-Employed,66800.0,566.0,4,42400.0,60,Home Improvement,East,2024-03-13,Rejected,
LN100988,32,Female,Married,Graduate,Salaried,32900.0,608.0,4,8900.0,12,Personal,North,2023-10-25,Rejected,
LN101000,57,Male,Married,Post Graduate,Business Owner,77300.0,719.0,2,48100.0,60,Debt Consolidation,East,2023-06-27,Approved,0
LN101641,23,Female,Divorced,Graduate,Salaried,65700.0,739.0,0,11700.0,36,Home Improvement,East,2024-08-10,Approved,0
LN101356,36,Male,Married,Post Graduate,Salaried,60400.0,621.0,0,21500.0,48,Debt Consolidation,West,2024-06-05,Rejected,
LN101462,23,Male,Single,Graduate,Self-Employed,27100.0,597.0,2,7600.0,36,Home Improvement,East,2023-05-07,Rejected,
LN100049,56,Female,Married,Not Graduate,Self-Employed,36900.0,764.0,2,8500.0,60,Medical,West,2023-09-05,Approved,0
LN103097,35,Female,Single,Not Graduate,Salaried,43700.0,547.0,4,22600.0,12,Home Improvement,South,2024-08-26,Rejected,
LN102577,41,Female,Widowed,Graduate,Business Owner,68700.0,757.0,0,11100.0,24,Home Improvement,West,2024-02-16,Approved,1
LN101258,45,Female,Married,Graduate,Business Owner,71300.0,703.0,2,36300.0,48,Education,North,2023-10-13,Rejected,
LN100486,36,Male,Married,Post Graduate,Salaried,51700.0,671.0,0,31700.0,36,Auto,North,2024-11-02,Approved,0
LN103167,33,Female,Divorced,Post Graduate,Business Owner,48100.0,587.0,3,14700.0,48,Auto,West,2024-05-29,Rejected,
LN102545,38,Male,Married,Post Graduate,Business Owner,69500.0,717.0,3,24700.0,24,Debt Consolidation,East,2023-12-06,Approved,0
LN101908,22,Female,Married,Graduate,Business Owner,15100.0,672.0,0,8600.0,24,Auto,South,2024-05-19,Rejected,
LN100106,56,Male,Divorced,Graduate,Salaried,63500.0,698.0,4,27400.0,24,Home Improvement,Central,2023-10-07,Approved,0
LN100443,42,Female,Single,Graduate,Salaried,53600.0,705.0,1,30300.0,48,Debt Consolidation,North,2024-01-28,Rejected,
LN101954,64,Male,Married,Not Graduate,Business Owner,45800.0,719.0,0,29300.0,48,Debt Consolidation,Central,2024-04-06,Rejected,
LN100646,41,Male,Married,Not Graduate,Business Owner,72300.0,563.0,3,39000.0,84,Education,South,2023-08-08,Rejected,
LN101762,21,Female,Single,Not Graduate,Business Owner,35300.0,488.0,3,19200.0,48,Debt Consolidation,South,2023-04-21,Rejected,
LN100726,53,Male,Single,Post Graduate,Salaried,59500.0,644.0,3,38600.0,24,Home Improvement,South,2023-08-26,Approved,0
LN102238,42,Female,Divorced,Graduate,Salaried,79200.0,655.0,4,34200.0,60,Education,South,2023-01-29,Approved,0
LN101856,37,Female,Married,Not Graduate,Salaried,82000.0,653.0,1,46000.0,36,Education,South,2023-01-03,Rejected,
LN102330,23,Female,Married,Graduate,Business Owner,71000.0,656.0,1,45700.0,36,Auto,East,2023-01-06,Rejected,
LN100029,40,Male,Divorced,Not Graduate,Business Owner,66800.0,555.0,2,16700.0,48,Debt Consolidation,North,2024-02-15,Rejected,
LN100169,22,Female,Married,Graduate,Business Owner,12000.0,790.0,1,5800.0,84,Personal,North,2023-11-18,Approved,0
LN101001,54,Female,Married,Graduate,Business Owner,53300.0,670.0,0,25400.0,36,Auto,East,2024-08-25,Rejected,
LN102148,59,Male,Married,Graduate,Salaried,89800.0,709.0,3,36000.0,36,Auto,North,2024-11-09,Approved,0
LN100197,26,Male,Married,Graduate,Business Owner,102500.0,690.0,1,53000.0,12,Auto,North,2023-09-14,Approved,0
LN100495,39,Male,Married,Not Graduate,Business Owner,63300.0,489.0,4,33600.0,48,Debt Consolidation,East,2024-12-04,Rejected,
LN102026,48,Male,Single,Post Graduate,Salaried,69300.0,738.0,3,30300.0,24,Business,West,2023-10-20,Rejected,
LN100647,45,Female,Single,Graduate,Self-Employed,35200.0,637.0,1,20500.0,48,Medical,North,2024-04-29,Approved,0
LN103035,64,Male,Single,Post Graduate,Self-Employed,58100.0,668.0,1,34200.0,36,Debt Consolidation,North,2024-07-11,Rejected,
LN100044,24,Male,Married,Post Graduate,Business Owner,101700.0,710.0,4,40800.0,60,Debt Consolidation,West,2023-09-25,Approved,0
LN102758,37,Female,Divorced,Post Graduate,Business Owner,21200.0,527.0,2,9900.0,60,Medical,North,2024-05-26,Rejected,
LN100373,37,Male,Single,Graduate,Business Owner,31900.0,539.0,2,6800.0,48,Medical,Central,2023-06-11,Rejected,
LN100678,44,Male,Married,Not Graduate,Salaried,63400.0,677.0,4,35900.0,48,Medical,West,2024-10-15,Rejected,
LN100566,31,Male,Married,Post Graduate,Self-Employed,68600.0,708.0,4,22700.0,36,Education,South,2023-05-01,Rejected,
LN102895,45,Male,Married,Post Graduate,Salaried,67800.0,642.0,4,11500.0,48,Home Improvement,North,2024-05-31,Approved,0
LN100460,53,Female,Married,Post Graduate,Business Owner,59600.0,563.0,1,20600.0,36,Business,East,2024-09-15,Rejected,
LN101932,58,Female,Divorced,Graduate,Salaried,55800.0,739.0,1,22300.0,36,Medical,South,2023-10-15,Approved,0
LN101155,47,Female,Married,Post Graduate,Self-Employed,44000.0,582.0,1,25600.0,48,Education,Central,2024-11-06,Rejected,
LN100039,49,Female,Single,Post Graduate,Salaried,63400.0,655.0,1,35400.0,36,Auto,North,2024-09-02,Approved,0
LN102482,29,Female,Single,Not Graduate,Salaried,26500.0,686.0,2,11900.0,24,Personal,North,2024-02-05,Rejected,
LN100973,42,Female,Married,Graduate,Self-Employed,49900.0,543.0,2,24200.0,24,Business,Central,2024-09-06,Rejected,
LN103055,42,Male,Married,Not Graduate,Salaried,88900.0,689.0,3,47700.0,36,Home Improvement,East,2023-09-30,Rejected,
LN101786,29,Female,Single,Graduate,Business Owner,57900.0,598.0,2,19000.0,24,Debt Consolidation,West,2024-12-06,Approved,0
LN101498,42,Male,Single,Post Graduate,Business Owner,924400.0,677.0,3,486600.0,36,Medical,South,2024-04-14,Approved,0
LN102504,23,Female,Married,Not Graduate,Salaried,73500.0,801.0,4,24300.0,36,Debt Consolidation,West,2024-11-22,Approved,0
LN101835,27,Female,Single,Graduate,Self-Employed,89100.0,734.0,1,53800.0,60,Medical,Central,2023-08-13,Approved,0
LN102308,34,Female,Married,Not Graduate,Salaried,74000.0,671.0,4,20800.0,36,Debt Consolidation,North,2024-05-18,Rejected,
LN101840,40,Male,Single,Not Graduate,Salaried,98400.0,794.0,4,34300.0,36,Business,North,2023-05-02,Approved,0
LN102083,51,Female,Married,Post Graduate,Salaried,79200.0,655.0,1,41000.0,24,Home Improvement,West,2023-05-31,Rejected,
LN100827,61,Female,Married,Post Graduate,Self-Employed,63300.0,627.0,0,11600.0,24,Business,West,2024-04-19,Rejected,
LN101935,28,Female,Widowed,Graduate,Salaried,63300.0,541.0,2,6900.0,48,Education,East,2024-01-09,Rejected,
LN102044,33,Male,Married,Graduate,Salaried,63300.0,653.0,0,29100.0,36,Personal,West,2024-10-28,Approved,0
LN100309,25,Male,Divorced,Post Graduate,Salaried,83300.0,703.0,2,28400.0,24,Debt Consolidation,South,2023-07-19,Approved,0
LN100276,42,Male,Married,Graduate,Salaried,63300.0,635.0,4,12600.0,24,Auto,South,2023-10-28,Rejected,
LN100636,31,Male,Married,Graduate,Self-Employed,94100.0,588.0,2,52900.0,12,Auto,South,2024-05-22,Approved,0
LN100654,45,Male,Divorced,Graduate,Salaried,67600.0,817.0,3,13900.0,36,Personal,South,2024-05-12,Rejected,
LN100622,28,Male,Married,Graduate,Business Owner,26100.0,722.0,4,6100.0,36,Business,East,2024-09-22,Rejected,
LN101859,54,Female,Married,Not Graduate,Self-Employed,55000.0,680.0,0,27700.0,48,Medical,North,2023-10-04,Approved,0
LN100844,21,Female,Married,Not Graduate,Salaried,31900.0,694.0,2,7000.0,60,Auto,North,2024-09-08,Rejected,
LN100393,47,Male,Married,Not Graduate,Self-Employed,36700.0,599.0,4,5600.0,24,Education,West,2024-07-02,Approved,0
LN102155,43,Male,Married,Graduate,Self-Employed,81700.0,459.0,3,16700.0,48,Home Improvement,South,2024-04-25,Rejected,
LN100349,28,Female,Single,Graduate,Self-Employed,36300.0,650.0,2,20800.0,84,Debt Consolidation,Central,2024-06-11,Rejected,
LN102572,53,Female,Married,Graduate,Salaried,50900.0,692.0,2,20200.0,36,Education,South,2024-11-20,Rejected,
LN100784,42,Male,Married,Not Graduate,Salaried,46300.0,699.0,3,28800.0,24,Business,North,2024-04-21,Rejected,
LN100047,61,Female,Married,Post Graduate,Self-Employed,48700.0,582.0,1,13700.0,60,Medical,North,2023-07-16,Rejected,
LN101978,23,Female,Single,Graduate,Salaried,63600.0,689.0,2,19000.0,24,Auto,Central,2024-12-28,Rejected,
LN102251,45,Male,Single,Post Graduate,Salaried,30300.0,616.0,2,12000.0,12,Auto,East,2024-01-10,Rejected,
LN101655,31,Female,Married,Post Graduate,Salaried,99300.0,716.0,1,42100.0,60,Business,North,2024-01-14,Approved,1
LN102069,39,Female,Married,Graduate,Business Owner,73200.0,549.0,4,16100.0,36,Auto,Central,2024-11-09,Rejected,
LN100402,35,Female,Single,Not Graduate,Salaried,94800.0,655.0,0,26600.0,48,Medical,West,2024-01-10,Approved,0
LN101107,61,Male,Married,Graduate,Business Owner,86800.0,769.0,1,20200.0,24,Personal,East,2024-01-17,Approved,0
LN101154,34,Male,Married,Graduate,Salaried,63000.0,471.0,2,30300.0,36,Home Improvement,East,2024-11-05,Rejected,
LN101439,63,Female,Married,Graduate,Self-Employed,70000.0,717.0,2,18900.0,36,Personal,South,2024-06-07,Approved,0
LN103196,31,Male,Single,Graduate,Self-Employed,57300.0,708.0,4,18800.0,24,Education,Central,2024-02-05,Rejected,
LN102001,23,Male,Married,Not Graduate,Salaried,49700.0,646.0,1,9900.0,48,Medical,West,2023-07-07,Approved,0
LN100989,56,Male,Married,Graduate,Salaried,28400.0,599.0,0,10000.0,36,Business,South,2024-01-13,Rejected,
LN101865,39,Female,Married,Graduate,Salaried,81200.0,598.0,4,34100.0,84,Debt Consolidation,North,2023-06-02,Approved,0
LN102789,58,Female,Married,Graduate,Salaried,45000.0,637.0,0,26100.0,60,Home Improvement,Central,2023-02-25,Rejected,
LN101310,44,Female,Single,Graduate,Salaried,88700.0,595.0,0,57200.0,60,Debt Consolidation,West,2024-03-25,Rejected,
LN100033,45,Female,Married,Graduate,Business Owner,65900.0,705.0,0,20200.0,24,Auto,North,2023-10-08,Rejected,
LN100787,51,Male,Single,Not Graduate,Salaried,55000.0,771.0,2,17100.0,24,Medical,East,2024-11-09,Approved,1
LN102971,23,Male,Single,Post Graduate,Salaried,53500.0,733.0,3,14700.0,60,Business,East,2024-08-21,Approved,0
LN101043,37,Male,Married,Not Graduate,Business Owner,53400.0,512.0,4,8600.0,60,Debt Consolidation,South,2023-11-08,Rejected,
LN100481,58,Male,Single,Graduate,Self-Employed,89800.0,585.0,0,30200.0,12,Personal,Central,2023-04-14,Rejected,
LN101243,43,Male,Widowed,Graduate,Salaried,41800.0,758.0,1,24900.0,36,Business,West,2023-02-06,Rejected,
LN102627,21,Male,Single,Graduate,Self-Employed,63300.0,712.0,3,35100.0,60,Debt Consolidation,East,2023-02-11,Approved,0
LN102529,46,Female,Married,Not Graduate,Business Owner,34200.0,654.0,1,17700.0,36,Personal,North,2023-12-09,Rejected,
LN100931,52,Female,Divorced,Graduate,Salaried,55800.0,513.0,0,33400.0,48,Home Improvement,Central,2024-09-23,Rejected,
LN102404,38,Female,Married,Graduate,Salaried,66000.0,550.0,4,28000.0,36,Business,North,2023-12-09,Rejected,
LN101685,44,Female,Divorced,Graduate,Business Owner,46900.0,708.0,0,16700.0,60,Debt Consolidation,Central,2023-03-26,Rejected,
LN101248,35,Female,Single,Not Graduate,Business Owner,69700.0,555.0,4,25700.0,84,Auto,North,2023-03-15,Approved,0
LN100759,53,Male,Single,Graduate,Salaried,29600.0,518.0,4,10000.0,48,Personal,Central,2024-04-25,Rejected,
LN100092,58,Male,Married,Graduate,Salaried,55500.0,546.0,3,26700.0,60,Debt Consolidation,East,2023-01-17,Rejected,
LN101175,36,Male,Single,Post Graduate,Salaried,111000.0,646.0,3,17300.0,48,Debt Consolidation,North,2023-03-10,Approved,0
LN101415,56,Female,Single,Not Graduate,Business Owner,27500.0,655.0,3,17800.0,36,Auto,West,2024-12-29,Rejected,
LN101341,27,Male,Single,Graduate,Self-Employed,106100.0,485.0,0,60400.0,12,Education,South,2024-12-18,Rejected,
LN101472,41,Female,Married,Graduate,Salaried,85300.0,572.0,3,21900.0,36,Education,North,2023-09-26,Approved,0
LN102851,38,Male,Single,Graduate,Business Owner,32300.0,610.0,4,5500.0,48,Debt Consolidation,North,2024-05-13,Rejected,
LN102793,45,Female,Married,Post Graduate,Salaried,92500.0,741.0,2,36200.0,48,Debt Consolidation,South,2024-09-08,Approved,0
LN102327,28,Female,Married,Graduate,Salaried,79100.0,704.0,1,34500.0,36,Personal,Central,2024-06-08,Rejected,
LN101607,47,Male,Single,Not Graduate,Salaried,74800.0,588.0,1,40600.0,12,Medical,East,2024-01-10,Rejected,
LN100764,37,Female,Divorced,Graduate,Salaried,90700.0,629.0,3,46900.0,48,Education,North,2024-03-23,Rejected,
LN102652,65,Male,Married,Post Graduate,Salaried,66800.0,621.0,4,39500.0,24,Education,East,2023-06-10,Rejected,
LN103194,54,Male,Single,Not Graduate,Business Owner,58300.0,457.0,0,35300.0,24,Business,Central,2024-11-19,Rejected,
LN101373,39,Female,Married,Post Graduate,Salaried,78400.0,784.0,4,33700.0,24,Business,East,2024-06-03,Approved,0
LN101951,48,Female,Single,Post Graduate,Business Owner,79200.0,496.0,1,14800.0,36,Business,South,2023-02-26,Rejected,
LN102448,56,Male,Married,Graduate,Salaried,94000.0,783.0,0,55300.0,60,Auto,Central,2024-12-04,Approved,0
LN101728,40,Female,Married,Not Graduate,Salaried,63300.0,582.0,1,25100.0,12,Auto,South,2023-04-25,Rejected,
LN100257,25,Male,Married,Graduate,Salaried,58400.0,569.0,3,33000.0,24,Business,West,2024-02-11,Rejected,
LN100944,26,Female,Married,Not Graduate,Salaried,28200.0,487.0,3,16300.0,48,Medical,Central,2024-04-27,Rejected,
LN103144,55,Male,Married,Graduate,Salaried,69600.0,649.0,1,20200.0,36,Business,South,2024-05-26,Approved,0
LN101219,40,Female,Divorced,Graduate,Salaried,104400.0,615.0,4,57000.0,48,Debt Consolidation,East,2024-04-23,Approved,1
LN101161,43,Female,Single,Post Graduate,Self-Employed,60200.0,681.0,4,18900.0,36,Personal,East,2024-01-03,Approved,0
LN102542,64,Male,Divorced,Graduate,Salaried,62500.0,533.0,0,34500.0,36,Medical,East,2024-04-09,Rejected,
LN100772,21,Male,Married,Not Graduate,Salaried,63300.0,662.0,1,15800.0,12,Debt Consolidation,North,2024-11-09,Rejected,
LN102598,64,Male,Widowed,Graduate,Salaried,86500.0,663.0,1,21400.0,48,Home Improvement,North,2024-10-31,Approved,0
LN101486,28,Male,Married,Not Graduate,Business Owner,72700.0,605.0,0,23000.0,36,Auto,West,2024-01-22,Rejected,
LN102249,40,Male,Single,Post Graduate,Salaried,39800.0,562.0,4,9700.0,60,Auto,South,2023-09-12,Rejected,
LN100312,26,Female,Married,Graduate,Self-Employed,31900.0,689.0,0,7000.0,84,Auto,North,2023-07-22,Rejected,
LN100290,57,Male,Married,Not Graduate,Salaried,64000.0,714.0,4,28100.0,12,Auto,Central,2024-03-24,Approved,1
LN100763,63,Male,Single,Not Graduate,Salaried,64000.0,513.0,3,39100.0,24,Home Improvement,Central,2024-02-26,Rejected,
LN103184,49,Male,Married,Graduate,Salaried,50700.0,760.0,2,26200.0,48,Auto,Central,2024-08-11,Approved,0
LN102997,36,Male,Divorced,Not Graduate,Salaried,44800.0,629.0,4,26400.0,36,Personal,West,2023-01-28,Rejected,
LN100183,52,Male,Single,Graduate,Self-Employed,43300.0,704.0,4,7100.0,36,Education,North,2024-11-04,Rejected,
LN101176,35,Female,Married,Graduate,Salaried,66800.0,670.0,0,14900.0,60,Business,East,2023-02-24,Approved,0
LN101349,47,Male,Married,Graduate,Salaried,66700.0,471.0,0,30300.0,48,Debt Consolidation,Central,2023-11-30,Rejected,
LN103116,49,Male,Divorced,Graduate,Salaried,57000.0,573.0,4,17900.0,12,Auto,West,2024-06-25,Rejected,
LN103078,30,Male,Widowed,Graduate,Salaried,63500.0,685.0,3,28100.0,60,Education,South,2024-03-02,Rejected,
LN102298,30,Male,Single,Not Graduate,Salaried,63300.0,628.0,2,20900.0,60,Debt Consolidation,North,2024-07-18,Approved,1
LN102871,64,Male,Single,Graduate,Self-Employed,63100.0,782.0,1,24800.0,36,Debt Consolidation,Central,2024-04-08,Approved,0
LN101099,40,Male,Single,Post Graduate,Salaried,86500.0,492.0,2,28800.0,60,Medical,South,2023-05-09,Rejected,
LN102988,61,Female,Married,Graduate,Business Owner,62900.0,559.0,3,26400.0,36,Medical,South,2023-07-21,Rejected,
LN100391,29,Female,Married,Graduate,Salaried,74000.0,710.0,4,21000.0,60,Personal,East,2024-07-07,Approved,0
LN101919,44,Female,Married,Post Graduate,Salaried,79100.0,638.0,1,45800.0,48,Personal,South,2023-06-23,Approved,0
LN101456,65,Female,Married,Graduate,Salaried,57300.0,532.0,4,10700.0,36,Business,North,2024-05-21,Rejected,
LN101092,58,Male,Married,Graduate,Salaried,62100.0,746.0,0,26500.0,24,Home Improvement,South,2023-03-21,Approved,0
LN102022,50,Female,Married,Graduate,Self-Employed,63700.0,667.0,2,17000.0,60,Business,East,2023-07-30,Rejected,
LN100904,41,Male,Married,Post Graduate,Salaried,47600.0,529.0,0,29600.0,48,Education,North,2024-05-20,Rejected,
LN102778,38,Male,Single,Not Graduate,Salaried,80700.0,611.0,0,31200.0,36,Business,South,2024-09-03,Rejected,
LN102602,56,Male,Single,Post Graduate,Salaried,46400.0,720.0,4,23500.0,48,Business,West,2024-11-21,Rejected,
LN100366,42,Female,Single,Graduate,Self-Employed,41700.0,655.0,3,16800.0,60,Education,West,2023-12-14,Approved,0
LN100345,32,Female,Divorced,Not Graduate,Self-Employed,33800.0,645.0,4,12200.0,36,Medical,West,2023-05-26,Rejected,
LN102583,50,Female,Single,Graduate,Salaried,57000.0,616.0,4,16900.0,48,Education,Central,2024-03-04,Rejected,
LN101372,41,Male,Married,Not Graduate,Salaried,38300.0,633.0,4,17300.0,60,Auto,West,2023-03-19,Rejected,
LN101639,33,Male,Married,Graduate,Salaried,48100.0,683.0,0,13300.0,24,Personal,North,2023-01-09,Rejected,
LN100919,49,Male,Single,Not Graduate,Salaried,41200.0,633.0,3,18500.0,60,Auto,West,2023-07-12,Rejected,
LN100211,53,Female,Married,Post Graduate,Salaried,63300.0,729.0,3,47100.0,36,Medical,North,2024-02-04,Approved,0
LN101603,35,Female,Married,Graduate,Salaried,56600.0,668.0,3,10300.0,48,Debt Consolidation,South,2024-08-21,Rejected,
LN102550,50,Male,Single,Post Graduate,Salaried,681000.0,761.0,1,194800.0,36,Business,Central,2023-11-27,Approved,0
LN100537,26,Female,Married,Post Graduate,Business Owner,116000.0,778.0,1,24100.0,36,Home Improvement,South,2023-01-09,Approved,0
LN101220,50,Male,Widowed,Post Graduate,Salaried,63300.0,698.0,2,21200.0,36,Education,North,2024-06-19,Approved,1
LN100175,41,Female,Married,Post Graduate,Salaried,96900.0,629.0,4,32600.0,36,Debt Consolidation,North,2024-01-22,Rejected,
